order	sample_id	group	fold	model	observed_label	oof_prediction	residual
1	GTEX-13CF3-2326-SM-5IFGL	GTEx	2	Elastic Net	0.00825343479100969	0.0198521923131222	-0.0115987575221125
2	GTEX-OXRK-0326-SM-3NB3R	GTEx	2	Elastic Net	0.00431737610036399	0.00935573041308856	-0.00503835431272457
3	GTEX-ZVT2-2226-SM-5NQ6P	GTEx	2	Elastic Net	-0.00179351470477322	0.0104431334080855	-0.0122366481128587
4	GTEX-U3ZN-2626-SM-3DB7T	GTEx	3	Elastic Net	-0.00432603556520347	-0.0172557621029055	0.012929726537702
5	GTEX-U4B1-1726-SM-3DB9F	GTEx	4	Elastic Net	-3.63200863725353e-05	0.0113728120074842	-0.0114091320938567
6	GTEX-PWCY-1926-SM-3NB25	GTEx	1	Elastic Net	0.00953693490786078	0.0074143583938085	0.00212257651405228
7	GTEX-Y5V5-2426-SM-5IFJA	GTEx	4	Elastic Net	0.00542692451140753	0.0199680765385956	-0.0145411520271881
8	GTEX-Q2AI-1426-SM-2S1P5	GTEx	1	Elastic Net	0.00424686587891745	-0.016236926088999	0.0204837919679164
9	GTEX-12KS4-0426-SM-5EQMC	GTEx	1	Elastic Net	-0.00406636640122441	0.00585245199646557	-0.00991881839768998
10	GTEX-T6MN-0226-SM-32PMD	GTEx	5	Elastic Net	0.0230307588239149	0.0393106686545441	-0.0162799098306292
11	GTEX-147F3-0626-SM-5NQ9I	GTEx	3	Elastic Net	-0.00773551807832297	-0.00762214550302754	-0.000113372575295427
12	GTEX-OXRN-0226-SM-2I5EJ	GTEx	2	Elastic Net	0.0111941875053139	0.0219048101465465	-0.0107106226412326
13	GTEX-YFC4-0226-SM-57WD2	GTEx	3	Elastic Net	0.00356118041744579	-0.00206386613303598	0.00562504655048177
14	GTEX-12ZZX-0226-SM-5DUXU	GTEx	5	Elastic Net	0.0212767906563809	0.0780667927558848	-0.0567900020995039
15	GTEX-ZP4G-2326-SM-57WEM	GTEx	3	Elastic Net	-0.00274378209327212	-0.00507045782512503	0.00232667573185291
16	GTEX-ZZ64-1626-SM-5E43W	GTEx	4	Elastic Net	-0.00310563073231512	0.0110752592009854	-0.0141808899333005
17	GTEX-ZVTK-0526-SM-5GZWT	GTEx	1	Elastic Net	-0.00154832920752821	0.00507988726243412	-0.00662821646996233
18	GTEX-QLQW-1226-SM-2S1Q9	GTEx	3	Elastic Net	0.0135262816372066	0.00952347282210486	0.00400280881510174
19	GTEX-13QJ3-0426-SM-5RQHP	GTEx	5	Elastic Net	-1.35884170966143e-05	-0.00575298843773945	0.00573940002064283
20	GTEX-ZAJG-0226-SM-5HL81	GTEx	2	Elastic Net	0.00146055931705746	0.0112969215038308	-0.00983636218677332
21	GTEX-ZE7O-0226-SM-5S2N1	GTEx	1	Elastic Net	-0.00400382088214373	-0.00869390437022006	0.00469008348807633
22	GTEX-13111-1726-SM-5EGJZ	GTEx	1	Elastic Net	-0.00494832534835513	-0.0124767750452024	0.00752844969684729
23	GTEX-13G51-2626-SM-5LZYW	GTEx	1	Elastic Net	0.00271119728355859	-0.0140355420284132	0.0167467393119718
24	GTEX-VUSG-2426-SM-4KKZG	GTEx	4	Elastic Net	0.00778717467676083	0.019436172427074	-0.0116489977503132
25	GTEX-ZUA1-0226-SM-5NQ9Q	GTEx	4	Elastic Net	-0.000775516241320591	0.0307029703923329	-0.0314784866336535
26	GTEX-OXRP-0226-SM-3NB14	GTEx	3	Elastic Net	0.00576055059966874	0.0174120224097666	-0.0116514718100979
27	GTEX-OOBK-0226-SM-2YUMF	GTEx	4	Elastic Net	0.00737505483054756	0.0395885490938754	-0.0322134942633279
28	GTEX-12C56-1626-SM-5FQUO	GTEx	3	Elastic Net	-0.0050577474689647	-0.030969962646883	0.0259122151779183
29	GTEX-13VXU-0226-SM-5SI9R	GTEx	5	Elastic Net	0.00030603632242375	-0.0185677347397478	0.0188737710621715
30	GTEX-OOBJ-0226-SM-2YUMM	GTEx	3	Elastic Net	-0.00443020833893789	-0.00544920836570966	0.00101900002677177
31	GTEX-TML8-2026-SM-32QOP	GTEx	5	Elastic Net	0.00732686408498429	0.0487780510991041	-0.0414511870141198
32	GTEX-11DXW-0326-SM-5H11W	GTEx	3	Elastic Net	-0.00184018773812634	-0.0168190169141729	0.0149788291760466
33	GTEX-R55D-0326-SM-48FES	GTEx	1	Elastic Net	0.00135499844115112	-0.0011424071846982	0.00249740562584932
34	GTEX-1211K-2226-SM-5FQU6	GTEx	5	Elastic Net	-0.00759577144672431	-0.0162323134394616	0.00863654199273734
35	GTEX-13NZ9-0526-SM-5J1OX	GTEx	1	Elastic Net	0.0110880008128056	0.0127843476441624	-0.00169634683135679
36	GTEX-X4LF-1726-SM-3NMBZ	GTEx	1	Elastic Net	0.00118484427674771	-0.00474542701823134	0.00593027129497905
37	GTEX-S32W-2226-SM-2XCAY	GTEx	4	Elastic Net	-0.00294306285720961	-0.00102809680682918	-0.00191496605038043
38	GTEX-13QBU-2526-SM-5LU4X	GTEx	5	Elastic Net	0.00754179539126971	0.0274524456175964	-0.0199106502263266
39	GTEX-14BMV-0226-SM-5S2N2	GTEx	4	Elastic Net	0.0013022220501573	0.00452334344016463	-0.00322112139000733
40	GTEX-13FTY-0626-SM-5L3F8	GTEx	4	Elastic Net	-0.00415820249842951	-0.00564618303144749	0.00148798053301798
41	GTEX-XUZC-1826-SM-4BRVO	GTEx	1	Elastic Net	0.000737815902480026	-0.0118467677537031	0.0125845836561831
42	GTEX-12WSM-0226-SM-5LZV6	GTEx	2	Elastic Net	-0.00772220572112537	-0.0283473351553432	0.0206251294342178
43	GTEX-11ZVC-2626-SM-5FQTA	GTEx	3	Elastic Net	-0.00433129995032657	-0.00188703460695287	-0.0024442653433737
44	GTEX-146FR-1826-SM-5QGPF	GTEx	3	Elastic Net	-0.0123056014152403	-0.0152489023342554	0.0029433009190151
45	GTEX-X15G-2326-SM-4PQZS	GTEx	3	Elastic Net	-0.0057086808910031	-0.0332686319145064	0.0275599510235033
46	GTEX-ZAB4-1126-SM-5HL86	GTEx	1	Elastic Net	0.00953996756196872	0.00683773367645747	0.00270223388551125
47	GTEX-P78B-1026-SM-3NMC4	GTEx	3	Elastic Net	0.0136202434910225	-0.00386356052245089	0.0174838040134734
48	GTEX-XQ8I-1526-SM-4BOOH	GTEx	4	Elastic Net	0.0274371552253171	0.0476390451162992	-0.0202018898909821
49	GTEX-XBEW-1326-SM-4AT63	GTEx	1	Elastic Net	0.00437072271885104	0.00138004703547759	0.00299067568337345
50	GTEX-13FHP-1526-SM-5IJGE	GTEx	4	Elastic Net	-0.00557085518024639	-0.0420861071380761	0.0365152519578297
51	GTEX-RTLS-1126-SM-46MUQ	GTEx	5	Elastic Net	0.00319994755275749	-0.0209651421416096	0.0241650896943671
52	GTEX-Y5V6-1026-SM-4VBS2	GTEx	2	Elastic Net	0.000980415287762229	-0.0126379785829503	0.0136183938707125
53	GTEX-11NSD-1126-SM-5N9BQ	GTEx	3	Elastic Net	0.0123635424602756	0.0236772852334188	-0.0113137427731432
54	GTEX-14BIN-2726-SM-5RQIE	GTEx	5	Elastic Net	0.00200526113330524	-0.013901448455556	0.0159067095888613
55	GTEX-UJMC-0926-SM-4IHLK	GTEx	3	Elastic Net	0.0214021586569216	0.0256474660709589	-0.00424530741403729
56	GTEX-OOBK-0625-SM-3LK5P	GTEx	1	Elastic Net	0.00994787371830481	0.00838888066710733	0.00155899305119748
57	GTEX-Y111-1626-SM-57WCY	GTEx	5	Elastic Net	0.0215878003507225	0.0132544398814667	0.00833336046925582
58	GTEX-VUSG-1226-SM-4KKZF	GTEx	1	Elastic Net	0.0127479599580161	0.0120709945942816	0.000676965363734485
59	GTEX-QEG5-1426-SM-447AS	GTEx	5	Elastic Net	0.0235630368274915	0.0535959798449796	-0.0300329430174881
60	GTEX-OIZG-1026-SM-3LK5X	GTEx	2	Elastic Net	0.0218321068555454	0.0402319433199574	-0.018399836464412
61	GTEX-13OVI-2626-SM-5KM4T	GTEx	4	Elastic Net	0.00725862800442708	0.0285748239718394	-0.0213161959674123
62	GTEX-ZA64-0626-SM-5HL9O	GTEx	1	Elastic Net	-0.0015927905605337	-0.0138923278284899	0.0122995372679562
63	GTEX-S32W-0926-SM-4AD5X	GTEx	2	Elastic Net	0.0140125709683196	0.0288201470574099	-0.0148075760890903
64	GTEX-144FL-2726-SM-5O98Z	GTEx	4	Elastic Net	0.0141834792793971	0.0366825531149908	-0.0224990738355937
65	GTEX-13SLX-1726-SM-5Q5E5	GTEx	2	Elastic Net	0.00511467652276546	0.00261583001284503	0.00249884650992043
66	GTEX-11EMC-2226-SM-5A5JW	GTEx	2	Elastic Net	0.0128404941688925	0.0354832621744585	-0.022642768005566
67	GTEX-XXEK-0326-SM-4BRVV	GTEx	1	Elastic Net	0.0255694393566125	0.0529135954262552	-0.0273441560696427
68	GTEX-XGQ4-1526-SM-4AT6H	GTEx	5	Elastic Net	0.00861318401334753	-0.0244734139807988	0.0330865979941464
69	GTEX-11ONC-1526-SM-5GU6S	GTEx	3	Elastic Net	0.00156089059683636	0.0102035054356588	-0.00864261483882241
70	GTEX-12BJ1-1626-SM-5HL8Y	GTEx	4	Elastic Net	0.00948098704165157	0.0100536137339037	-0.000572626692252125
71	GTEX-T5JW-1326-SM-4DM5G	GTEx	1	Elastic Net	0.00941261578914872	0.025564556711107	-0.0161519409219583
72	GTEX-111CU-0726-SM-5GZYD	GTEx	2	Elastic Net	0.0152502017515138	0.0206064823313907	-0.00535628057987691
73	GTEX-13X6H-1326-SM-5LU42	GTEx	3	Elastic Net	-0.00132691563745159	-0.0201737496093831	0.0188468339719315
74	GTEX-13JVG-2026-SM-5KM1N	GTEx	2	Elastic Net	0.00536326637264309	0.0088336065321201	-0.00347034015947701
75	GTEX-X4EP-1626-SM-4QAS6	GTEx	2	Elastic Net	0.0139403259690735	0.0406588062039001	-0.0267184802348266
76	GTEX-ZF3C-1626-SM-4WWB4	GTEx	5	Elastic Net	0.00612999698113614	0.0304895150775922	-0.0243595180964561
77	GTEX-13NZB-1226-SM-5J2MW	GTEx	3	Elastic Net	0.0119166775451761	-0.00463076974941501	0.0165474472945911
78	GTEX-ZYW4-1326-SM-5E45N	GTEx	4	Elastic Net	-0.000403354430171345	-0.0134009046812324	0.0129975502510611
79	GTEX-REY6-1326-SM-48FDO	GTEx	4	Elastic Net	0.0207052123588784	0.0269779434348917	-0.0062727310760133
80	GTEX-11DXX-1126-SM-5GZZK	GTEx	3	Elastic Net	0.00963894244799134	-0.0157331764911571	0.0253721189391485
81	GTEX-ZYVF-2226-SM-5GIDD	GTEx	3	Elastic Net	0.0354536147625609	0.0266136509923914	0.00883996377016946
82	GTEX-YJ89-1526-SM-5P9IR	GTEx	1	Elastic Net	0.00827278472244966	-0.00452662746611229	0.012799412188562
83	GTEX-R53T-1126-SM-48FD4	GTEx	1	Elastic Net	0.0237595439232677	0.0377276676077923	-0.0139681236845246
84	GTEX-O5YV-1026-SM-3LK72	GTEx	5	Elastic Net	0.0161194671637424	0.0625978077719938	-0.0464783406082514
85	GTEX-Z9EW-0526-SM-5HL8S	GTEx	4	Elastic Net	0.00531390764179752	-0.018551716728139	0.0238656243699365
86	GTEX-XUZC-0426-SM-4BOPE	GTEx	2	Elastic Net	0.00872231676702891	-0.0119650898070695	0.0206874065740984
87	GTEX-R55G-1026-SM-48FDI	GTEx	1	Elastic Net	0.00866650684844777	0.0153805584631608	-0.00671405161471304
88	GTEX-R45C-1226-SM-48FEE	GTEx	3	Elastic Net	0.0152947413204438	-0.00216810627426089	0.0174628475947047
89	GTEX-12KS4-0926-SM-5BC5S	GTEx	4	Elastic Net	0.00308257180779714	0.00817052817100542	-0.00508795636320828
90	GTEX-13N1W-0726-SM-5MR57	GTEx	2	Elastic Net	0.0243743668340453	0.00441956384554839	0.0199548029884969
91	GTEX-XBED-0826-SM-47JYC	GTEx	1	Elastic Net	0.0070570010709112	0.00305393373346616	0.00400306733744504
92	GTEX-X4EP-0526-SM-3P5YW	GTEx	4	Elastic Net	0.0114258535412768	0.0139689322711092	-0.00254307872983241
93	GTEX-145MN-0926-SM-5NQBT	GTEx	1	Elastic Net	0.0139961128664414	0.0044354701544084	0.009560642712033
94	GTEX-PLZ5-0726-SM-2I5F9	GTEx	3	Elastic Net	0.00739966588126592	0.0107507730985076	-0.00335110721724172
95	GTEX-Y8E4-0526-SM-4V6GC	GTEx	5	Elastic Net	0.0112870153232388	0.00934300247344527	0.00194401284979353
96	GTEX-148VI-0226-SM-5RQKA	GTEx	5	Elastic Net	0.0120418480409652	-0.00147935792919994	0.0135212059701651
97	GTEX-OIZG-0526-SM-2HMLF	GTEx	3	Elastic Net	0.0124904011867766	0.00482201351907812	0.00766838766769848
98	GTEX-UPK5-1126-SM-3GAEJ	GTEx	2	Elastic Net	0.0176304228269635	0.0494376834444169	-0.0318072606174534
99	GTEX-13OVH-1026-SM-5J2NP	GTEx	3	Elastic Net	0.00676975471300948	0.00334533929151614	0.00342441542149334
100	GTEX-13PL7-1726-SM-5J2NX	GTEx	2	Elastic Net	0.0105719265640952	0.013590073497196	-0.00301814693310081
101	GTEX-13G51-0426-SM-5K7Z5	GTEx	4	Elastic Net	0.0142429226108618	0.0257491235678381	-0.0115062009569763
102	GTEX-13NYS-1626-SM-5J2MU	GTEx	5	Elastic Net	0.0121641650756686	0.014340214101808	-0.00217604902613939
103	GTEX-145LS-1226-SM-5Q5D9	GTEx	3	Elastic Net	0.0355412924509868	0.0164299791223259	0.0191113133286609
104	GTEX-WK11-0526-SM-3NB3O	GTEx	2	Elastic Net	0.00616728796589394	-0.00866025107596401	0.014827539041858
105	GTEX-ZZPT-1326-SM-5E43H	GTEx	1	Elastic Net	0.00411061603766355	0.0211361764726828	-0.0170255604350192
106	GTEX-13OVJ-0726-SM-5KM1W	GTEx	2	Elastic Net	0.0180807888663879	0.0339395586226088	-0.0158587697562209
107	GTEX-ZDXO-1326-SM-57WBS	GTEx	5	Elastic Net	0.00748893773355633	-0.0308536274462481	0.0383425651798044
108	GTEX-131XE-0726-SM-5HL9K	GTEx	4	Elastic Net	0.0162222099638025	0.0307827677284486	-0.0145605577646461
109	GTEX-O5YV-0526-SM-2I5GE	GTEx	3	Elastic Net	0.0240197868542289	0.0136082637322162	0.0104115231220127
110	GTEX-117YX-1326-SM-5H125	GTEx	5	Elastic Net	0.0087580145189799	0.0344003424048542	-0.0256423278858743
111	GTEX-12WSI-0826-SM-5EGKD	GTEx	3	Elastic Net	0.0188741193337936	-0.022185361525009	0.0410594808588026
112	GTEX-13O3P-1026-SM-5N9E7	GTEx	5	Elastic Net	0.0136269501011647	0.00794987178703173	0.00567707831413297
113	GTEX-13U4I-1426-SM-5J2M3	GTEx	2	Elastic Net	0.0328552729649927	0.0084388732808286	0.0244163996841641
114	GTEX-X261-1026-SM-3NMDL	GTEx	1	Elastic Net	-0.00537283838384209	0.0075110261631764	-0.0128838645470185
115	GTEX-ZXG5-0826-SM-5GID6	GTEx	4	Elastic Net	0.0163634096077135	0.00204505168224549	0.014318357925468
116	GTEX-QDVN-0726-SM-4B64L	GTEx	1	Elastic Net	0.0119717744162539	0.0184586403791906	-0.00648686596293673
117	GTEX-ZF2S-0626-SM-4WKH2	GTEx	4	Elastic Net	0.020555287611009	0.0174813083369431	0.00307397927406587
118	GTEX-QMR6-1926-SM-32PL9	GTEx	5	Elastic Net	0.0189407356639007	0.0348772231620834	-0.0159364874981827
119	GTEX-133LE-0526-SM-5N9EJ	GTEx	5	Elastic Net	0.00474603021740749	-0.0192267662626382	0.0239727964800457
120	GTEX-OXRO-0326-SM-33HBM	GTEx	4	Elastic Net	0.00941241096710539	0.0284448830916192	-0.0190324721245138
121	GTEX-13O3Q-0526-SM-5KM18	GTEx	1	Elastic Net	0.0106828793355851	0.0107523809903676	-6.95016547824761e-05
122	GTEX-QCQG-0326-SM-2I3ES	GTEx	4	Elastic Net	0.00216912247881868	0.00182741862802356	0.00034170385079512
123	GTEX-12WSD-0826-SM-5GCNE	GTEx	5	Elastic Net	0.0173977264473905	0.0687797908026587	-0.0513820643552682
124	GTEX-13111-0426-SM-5DUXR	GTEx	3	Elastic Net	0.0143335160000022	0.0194261014185253	-0.00509258541852309
125	GTEX-13FHP-0726-SM-5K7YI	GTEx	5	Elastic Net	0.0116836523377759	0.00887890026998598	0.00280475206778992
126	GTEX-P78B-0926-SM-2I5FA	GTEx	1	Elastic Net	0.0269395609235317	0.047153545735438	-0.0202139848119063
127	GTEX-13QBU-0726-SM-5J2OA	GTEx	2	Elastic Net	0.0220862343814091	0.0291636048117844	-0.0070773704303753
128	GTEX-131YS-0926-SM-5IJB9	GTEx	3	Elastic Net	0.00879290859684665	-0.00462363436916688	0.0134165429660135
129	GTEX-XMD2-1026-SM-4WWE8	GTEx	3	Elastic Net	0.00758836212618729	0.0216814068262417	-0.0140930447000544
130	GTEX-11DXZ-0726-SM-5N9C4	GTEx	4	Elastic Net	0.0312992283312473	0.0315599656459517	-0.000260737314704433
131	GTEX-11NSD-0326-SM-5A5LS	GTEx	3	Elastic Net	0.0124353803506219	-0.00201809506428237	0.0144534754149043
132	GTEX-WZTO-0426-SM-3NM99	GTEx	1	Elastic Net	0.0140505379556158	0.0154895344669613	-0.00143899651134552
133	GTEX-11O72-0326-SM-5986D	GTEx	4	Elastic Net	0.00644165744977014	0.0329903372210572	-0.0265486797712871
134	GTEX-11DZ1-0926-SM-5EQ5R	GTEx	2	Elastic Net	0.00836668270637294	0.0206425443774629	-0.0122758616710899
135	GTEX-WXYG-2526-SM-3NB3F	GTEx	1	Elastic Net	0.00278108900230233	-0.000793755742955916	0.00357484474525825
136	GTEX-VUSG-2626-SM-4KKZI	GTEx	1	Elastic Net	0.0127886806903232	0.0410377091469731	-0.0282490284566499
137	GTEX-13PVR-2526-SM-5RQIT	GTEx	4	Elastic Net	0.00113330157734699	0.0162666464545076	-0.0151333448771607
138	GTEX-Z9EW-1726-SM-5CVMO	GTEx	2	Elastic Net	-0.00224881103176748	-0.00405836136879922	0.00180955033703174
139	GTEX-11EMC-2626-SM-59864	GTEx	3	Elastic Net	0.000712413843802223	0.0109148267818555	-0.0102024129380533
140	GTEX-13NZA-0526-SM-5L3D7	GTEx	2	Elastic Net	0.00475239576346312	-0.00248638808017754	0.00723878384364066
141	GTEX-ZTPG-0126-SM-5O9AL	GTEx	4	Elastic Net	0.00376029314888066	0.00363764596737827	0.00012264718150239
142	GTEX-QEG5-0426-SM-2I5GJ	GTEx	3	Elastic Net	0.0043865444287953	-0.0095265236153442	0.0139130680441395
143	GTEX-Q2AG-0426-SM-2S1PU	GTEx	4	Elastic Net	0.00390171474158151	0.000258321838733391	0.00364339290284812
144	GTEX-13PVQ-0326-SM-5K7YF	GTEx	4	Elastic Net	0.00630772321014409	0.0143297533176506	-0.0080220301075065
145	GTEX-1445S-0626-SM-5LU3C	GTEx	1	Elastic Net	0.00667392660636042	0.0088683188611245	-0.00219439225476408
146	GTEX-12ZZY-0626-SM-5EQ5T	GTEx	2	Elastic Net	0.0103989367954171	0.0057573544273057	0.0046415823681114
147	GTEX-OIZI-0626-SM-2XCEH	GTEx	1	Elastic Net	0.00400520985288335	0.0094554777608838	-0.00545026790800045
148	GTEX-QDVN-2426-SM-2S1Q4	GTEx	5	Elastic Net	0.000221624231814039	-0.0270821969522561	0.0273038211840702
149	GTEX-147F3-0226-SM-5NQBV	GTEx	5	Elastic Net	-0.00578997088209092	-0.0170767711634315	0.0112868002813406
150	GTEX-QLQW-1326-SM-2S1QS	GTEx	1	Elastic Net	0.0147059973056668	0.0325640562352055	-0.0178580589295387
151	GTEX-Y8E5-0326-SM-57WBM	GTEx	2	Elastic Net	0.00739255098833405	0.035272862210321	-0.027880311221987
152	GTEX-ZWKS-0326-SM-5NQ7G	GTEx	4	Elastic Net	0.00721340448926171	0.0342319625314118	-0.0270185580421501
153	GTEX-Y5V6-2626-SM-5IFIX	GTEx	3	Elastic Net	0.00355381624958675	0.00225480395723511	0.00129901229235164
154	GTEX-X4XX-0626-SM-3NMC1	GTEx	5	Elastic Net	0.00635849338397942	0.00137884147912102	0.0049796519048584
155	GTEX-PWCY-2026-SM-5SI8R	GTEx	2	Elastic Net	0.00161776113651014	0.00172722514890659	-0.000109464012396451
156	GTEX-QVUS-0226-SM-3GIJY	GTEx	2	Elastic Net	-0.00064734989312122	0.0226693914745583	-0.0233167413676795
157	GTEX-SNMC-1426-SM-2XCFM	GTEx	1	Elastic Net	0.00771465421718256	0.00658490124863804	0.00112975296854451
158	GTEX-11NSD-2026-SM-5HL5U	GTEx	3	Elastic Net	-0.00296457322864699	-0.0100676256772159	0.00710305244856886
159	GTEX-139T8-0526-SM-5KLZL	GTEx	5	Elastic Net	0.0172637784955398	0.0259576650227722	-0.00869388652723244
160	GTEX-146FR-1726-SM-5Q5DT	GTEx	3	Elastic Net	0.000635239129793528	-0.0131000494785923	0.0137352886083858
161	GTEX-13112-2626-SM-5BC66	GTEx	1	Elastic Net	0.0134851784944037	0.0203963843503303	-0.00691120585592655
162	GTEX-ZY6K-2026-SM-5GZXQ	GTEx	4	Elastic Net	0.00799568395716744	0.00490749044109698	0.00308819351607046
163	GTEX-13FTZ-2226-SM-5LZXI	GTEx	3	Elastic Net	0.0109945760873496	-0.00072788183972566	0.0117224579270753
164	GTEX-11EQ9-2126-SM-5PNVW	GTEx	4	Elastic Net	0.00156033249135368	-0.00457151954138718	0.00613185203274086
165	GTEX-11H98-0326-SM-5HL4S	GTEx	5	Elastic Net	-0.000735149530985215	-0.00100547704780469	0.000270327516819473
166	GTEX-13W3W-2626-SM-5SIA2	GTEx	4	Elastic Net	0.000250750000099564	0.0200769963204017	-0.0198262463203021
167	GTEX-X261-0326-SM-3NMD4	GTEx	5	Elastic Net	0.000523568001283297	-0.0400683526860806	0.0405919206873638
168	GTEX-12WSM-0326-SM-5LZVI	GTEx	3	Elastic Net	-0.00209751945355274	-0.0147577401834919	0.0126602207299391
169	GTEX-117YX-2526-SM-5EQ4Q	GTEx	5	Elastic Net	0.00515176630890014	0.00392541416469049	0.00122635214420965
170	GTEX-13OW7-0326-SM-5J1MP	GTEx	3	Elastic Net	0.0079465008310266	-0.00651550879118402	0.0144620096222106
171	GTEX-132Q8-0626-SM-5L3F3	GTEx	3	Elastic Net	0.00625229705927962	0.010639989657726	-0.00438769259844635
172	GTEX-145MH-0326-SM-5LU8H	GTEx	5	Elastic Net	0.0107377648436049	0.0182131517402499	-0.00747538689664501
173	GTEX-13O1R-0526-SM-5K7XU	GTEx	5	Elastic Net	0.0106617715789717	-0.00982591965072396	0.0204876912296957
174	GTEX-XGQ4-2326-SM-4AT53	GTEx	1	Elastic Net	0.0241905458674435	-0.0045473401980817	0.0287378860655252
175	GTEX-1313W-0526-SM-5P9FZ	GTEx	2	Elastic Net	0.00460698833034574	-0.00442009871002083	0.00902708704036657
176	GTEX-Z93S-1626-SM-5CVMB	GTEx	4	Elastic Net	0.0180712948236548	0.0199209186074879	-0.00184962378383309
177	GTEX-11NSD-0626-SM-5A5LU	GTEx	1	Elastic Net	0.0105294952247708	0.00905949751897185	0.00146999770579895
178	GTEX-12KS4-2126-SM-5FQUT	GTEx	1	Elastic Net	0.0254881660968798	0.0490849724539786	-0.0235968063570988
179	GTEX-ZZPU-0826-SM-5GZX5	GTEx	3	Elastic Net	-0.000730118858853501	-0.00376374959581222	0.00303363073695872
180	GTEX-XYKS-1426-SM-4BRUO	GTEx	1	Elastic Net	0.0230075731703538	0.0405754166613716	-0.0175678434910178
181	GTEX-ZVTK-0226-SM-51MRG	GTEx	2	Elastic Net	0.0515759032956955	0.11633159819172	-0.0647556948960243
182	GTEX-Y3IK-1626-SM-4YCF5	GTEx	4	Elastic Net	-0.00663751712357423	-0.0137257393825077	0.00708822225893343
183	GTEX-13OVJ-0826-SM-5J1OK	GTEx	4	Elastic Net	0.00432952205599183	0.00488869400016272	-0.000559171944170892
184	GTEX-ZT9W-1126-SM-57WDR	GTEx	1	Elastic Net	0.00751014550609055	0.00123733825563993	0.00627280725045062
185	GTEX-11ZUS-2626-SM-5FQUR	GTEx	2	Elastic Net	0.00719702819610478	0.0156957177099432	-0.0084986895138384
186	GTEX-14B4R-1326-SM-5Q5EZ	GTEx	2	Elastic Net	0.00773613254375144	-0.000522695367633987	0.00825882791138543
187	GTEX-13FTW-0326-SM-5K7UW	GTEx	3	Elastic Net	0.0112075067557845	0.0103637735542586	0.000843733201525948
188	GTEX-ZF2S-1626-SM-57WES	GTEx	4	Elastic Net	0.0151589466963379	0.0392883588202518	-0.0241294121239139
189	GTEX-11O72-0626-SM-5PNYE	GTEx	3	Elastic Net	0.0205002009815907	0.0614536328308439	-0.0409534318492532
190	GTEX-11TUW-0626-SM-5LU9M	GTEx	1	Elastic Net	0.00672418556781181	-0.00478700733437016	0.011511192902182
191	GTEX-ZVP2-0326-SM-57WBP	GTEx	4	Elastic Net	0.00277688637596244	5.3824882307252e-05	0.00272306149365519
192	GTEX-146FQ-2126-SM-5RQHU	GTEx	5	Elastic Net	0.00753198264054548	0.0217633617496426	-0.0142313791090971
193	GTEX-132AR-0326-SM-5KM2C	GTEx	4	Elastic Net	0.011595428344127	0.0132783338034662	-0.00168290545933924
194	GTEX-1314G-1326-SM-5BC6E	GTEx	2	Elastic Net	0.0256147830351766	0.054080670230088	-0.0284658871949114
195	GTEX-11VI4-1126-SM-5EQMD	GTEx	3	Elastic Net	-0.000362481309181288	-0.00459686736351744	0.00423438605433616
196	GTEX-12ZZZ-0726-SM-5GCNZ	GTEx	1	Elastic Net	-0.000161512385575791	-0.00841099756218583	0.00824948517661003
197	GTEX-ZAB4-2126-SM-5HL8U	GTEx	5	Elastic Net	0.00114510480541175	-0.0195975868566917	0.0207426916621034
198	GTEX-13VXT-1926-SM-5K7UO	GTEx	2	Elastic Net	0.00339089876783479	0.0257789706779841	-0.0223880719101493
199	GTEX-13NZ9-2626-SM-5L3FK	GTEx	3	Elastic Net	0.0188944166447034	0.0306463560013095	-0.0117519393566061
200	GTEX-148VJ-0626-SM-5LUAW	GTEx	2	Elastic Net	-0.00640972691512602	0.00422801704495393	-0.01063774396008
201	GTEX-145MI-0626-SM-5SI8S	GTEx	4	Elastic Net	-0.00234031608359395	0.0208536739909637	-0.0231939900745577
202	GTEX-13PL6-1126-SM-5L3IE	GTEx	1	Elastic Net	0.00571264048098283	0.0111964905134063	-0.00548385003242344
203	GTEX-13U4I-2226-SM-5LU5H	GTEx	2	Elastic Net	0.00863897289704031	0.0324312308082852	-0.0237922579112449
204	GTEX-11DXX-2126-SM-5PNYR	GTEx	5	Elastic Net	0.00639943658665876	0.0244305541430339	-0.0180311175563751
205	GTEX-WYVS-1626-SM-3NM9R	GTEx	4	Elastic Net	0.0259133231194984	0.0333318138645149	-0.00741849074501651
206	GTEX-11DZ1-2426-SM-5GZZX	GTEx	4	Elastic Net	0.0196590712639255	0.0495057092331774	-0.0298466379692519
207	GTEX-111FC-2526-SM-5GZXU	GTEx	3	Elastic Net	0.0140173492859886	0.0266638909789247	-0.0126465416929361
208	GTEX-11ZTT-2126-SM-5CVLO	GTEx	2	Elastic Net	0.00600141491895408	0.0199569471842024	-0.0139555322652484
209	GTEX-WH7G-2026-SM-3NMBL	GTEx	4	Elastic Net	0.0113588465563572	0.0299299227679486	-0.0185710762115914
210	GTEX-XOT4-0626-SM-4B66L	GTEx	3	Elastic Net	0.0331141269877343	6.98928031801026e-06	0.0331071377074163
211	GTEX-YB5K-2026-SM-4VDT3	GTEx	5	Elastic Net	0.0077918662398026	0.0197610046856394	-0.0119691384458368
212	GTEX-ZYW4-0626-SM-59HJR	GTEx	5	Elastic Net	0.0105974052183548	0.0171753970172346	-0.00657799179887981
213	GTEX-1192X-2726-SM-5N9DN	GTEx	4	Elastic Net	-1.97132346739636e-05	0.0113559343547314	-0.0113756475894053
214	GTEX-ZYFC-0426-SM-5GICQ	GTEx	1	Elastic Net	0.00663933286505254	-0.00720710378467757	0.0138464366497301
215	GTEX-111YS-1526-SM-5GZYW	GTEx	5	Elastic Net	-0.00619408259841043	-0.00194897642415511	-0.00424510617425532
216	GTEX-11NUK-2726-SM-5A5MC	GTEx	4	Elastic Net	0.0147185291464926	0.00588748517671537	0.00883104396977723
217	GTEX-11EQ8-0926-SM-5H12V	GTEx	5	Elastic Net	0.015295551827111	0.0204137896083759	-0.00511823778126487
218	GTEX-139TT-2126-SM-5LZWC	GTEx	5	Elastic Net	0.0160383620557222	0.00324491330542313	0.0127934487502991
219	GTEX-X8HC-0626-SM-4E3HQ	GTEx	5	Elastic Net	0.00422864110151939	0.0046529133225142	-0.000424272220994808
220	GTEX-ZF29-0926-SM-4WKFZ	GTEx	3	Elastic Net	0.000771134558748204	-0.00226939259295832	0.00304052715170653
221	GTEX-YFCO-1226-SM-5LUAT	GTEx	2	Elastic Net	0.00789350560693909	0.0209251097086235	-0.0130316041016844
222	GTEX-13O3O-2326-SM-5IJD6	GTEx	2	Elastic Net	0.0131460714537525	0.00638490750688733	0.00676116394686517
223	GTEX-139UW-2826-SM-5L3E7	GTEx	3	Elastic Net	0.00472620582317281	-0.00184031097419437	0.00656651679736718
224	GTEX-S95S-1226-SM-4GICG	GTEx	2	Elastic Net	0.0171046763696458	-0.0183326247289398	0.0354373010985856
225	GTEX-11GSP-2526-SM-5N9BP	GTEx	4	Elastic Net	0.0154777774930284	0.00464239010125026	0.0108353873917781
226	GTEX-13O1R-0126-SM-5L3EH	GTEx	5	Elastic Net	0.0118663204318245	0.0233718715924379	-0.0115055511606134
227	GTEX-1212Z-2526-SM-5EGKP	GTEx	3	Elastic Net	0.015991558636314	-0.00336174707994023	0.0193533057162542
228	GTEX-14C5O-0126-SM-5SI6N	GTEx	5	Elastic Net	0.0130101357442527	0.00309915680775911	0.00991097893649359
229	GTEX-OXRK-0226-SM-3NB2G	GTEx	2	Elastic Net	0.0111307158134535	0.0178288953660333	-0.00669817955257981
230	GTEX-1211K-2026-SM-5EQ4Z	GTEx	2	Elastic Net	-0.00150449799199978	-0.0150445384649332	0.0135400404729335
231	GTEX-XPVG-2626-SM-4B669	GTEx	5	Elastic Net	0.0219690272086923	0.0199489273433646	0.00202009986532766
232	GTEX-XQ3S-1526-SM-4BOOC	GTEx	3	Elastic Net	0.00541269504198422	-0.0128129671733691	0.0182256622153533
233	GTEX-QESD-1426-SM-2S1R9	GTEx	2	Elastic Net	0.0187517532809498	0.0369848754741412	-0.0182331221931914
234	GTEX-U3ZM-1526-SM-3DB9D	GTEx	5	Elastic Net	-0.00455654950764839	-0.0136815318119764	0.00912498230432802
235	GTEX-TMMY-0226-SM-33HBA	GTEx	5	Elastic Net	0.0167874305268046	0.0314020175729968	-0.0146145870461922
236	GTEX-139T4-0226-SM-5HL5S	GTEx	5	Elastic Net	0.018808690437712	0.0376450551055693	-0.0188363646678573
237	GTEX-ZGAY-0526-SM-4WWBB	GTEx	2	Elastic Net	0.00272645523055595	0.00614327149529306	-0.00341681626473711
238	GTEX-OXRP-0126-SM-3NB32	GTEx	5	Elastic Net	0.0132903027753187	0.0250307671173332	-0.0117404643420145
239	GTEX-145MO-0326-SM-5Q5B3	GTEx	5	Elastic Net	0.00396016678823464	0.0208762814033217	-0.0169161146150871
240	GTEX-13RTJ-2426-SM-5S2Q2	GTEx	2	Elastic Net	0.00521339905118615	0.00123464407724828	0.00397875497393787
241	GTEX-RUSQ-1526-SM-2TF62	GTEx	2	Elastic Net	0.0131456937192532	0.00195308018012774	0.0111926135391255
242	GTEX-QLQW-1126-SM-2S1Q8	GTEx	1	Elastic Net	0.0166089524716009	0.0310905294065717	-0.0144815769349708
243	GTEX-145MN-2226-SM-5SIAU	GTEx	3	Elastic Net	-0.00419594881407258	-0.0024682542261496	-0.00172769458792298
244	GTEX-ZYY3-0126-SM-5GZY5	GTEx	3	Elastic Net	0.0110501717890092	0.0151119436592618	-0.00406177187025262
245	GTEX-146FQ-0126-SM-5NQA9	GTEx	4	Elastic Net	-0.000100241848700167	-0.00485136508765644	0.00475112323895628
246	GTEX-Y8DK-0126-SM-4TT3L	GTEx	1	Elastic Net	0.0220327151816148	-0.004251602921106	0.0262843181027208
247	GTEX-XBED-2226-SM-47JYQ	GTEx	4	Elastic Net	0.00196301693766633	-0.00926223099390352	0.0112252479315699
248	GTEX-P4PP-0126-SM-3LK69	GTEx	1	Elastic Net	0.00998147092729173	0.00945846171288316	0.000523009214408574
249	GTEX-12WSL-2526-SM-5GCNJ	GTEx	2	Elastic Net	-0.00301645832386241	-0.0250251466784348	0.0220086883545724
250	GTEX-ZF2S-2326-SM-4WWCE	GTEx	4	Elastic Net	0.0164626284484373	0.00431401513238853	0.0121486133160488
251	GTEX-13FTY-0526-SM-5L3EV	GTEx	1	Elastic Net	0.0139117075240547	0.0119581701374614	0.00195353738659327
252	GTEX-ZYW4-0126-SM-5E44A	GTEx	2	Elastic Net	-0.000266886912839277	-0.0390060270185251	0.0387391401056859
253	GTEX-P4PQ-0126-SM-2S1NM	GTEx	2	Elastic Net	0.00268225543104698	-0.0252270552349584	0.0279093106660054
254	GTEX-QCQG-1726-SM-3GIJ9	GTEx	4	Elastic Net	0.0157783397119906	0.0297233509553107	-0.0139450112433201
255	GTEX-145MI-0526-SM-5O9A8	GTEx	5	Elastic Net	0.0091727766037487	0.0207002271254521	-0.0115274505217034
256	GTEX-11P82-1626-SM-59879	GTEx	1	Elastic Net	-0.00463594566646886	-0.0145163708897078	0.00988042522323893
257	GTEX-UJHI-1526-SM-3DB99	GTEx	5	Elastic Net	-0.00178653646135979	0.0133028726630465	-0.0150894091244063
258	GTEX-RU72-0926-SM-2TF6B	GTEx	3	Elastic Net	0.0191817308101476	0.0162418920764545	0.0029398387336931
259	GTEX-11GS4-2726-SM-5A5LE	GTEx	1	Elastic Net	0.00700449180873121	-0.0129336852151611	0.0199381770238923
260	GTEX-1399T-2826-SM-5KLYZ	GTEx	1	Elastic Net	0.0209634163336252	-0.000914927765038769	0.021878344098664
261	GTEX-OHPL-0126-SM-2HMJ7	GTEx	3	Elastic Net	0.010996021928284	0.00933689499449903	0.00165912693378497
262	GTEX-OIZH-0126-SM-2HMIS	GTEx	2	Elastic Net	0.00518450519663609	0.0289450838375942	-0.0237605786409581
263	GTEX-13OVG-1926-SM-5L3DK	GTEx	1	Elastic Net	0.00673395457608462	0.00141648311512828	0.00531747146095634
264	GTEX-RWS6-2026-SM-2XCB5	GTEx	4	Elastic Net	0.00411818240846419	-0.00776712632606684	0.011885308734531
265	GTEX-145LT-1726-SM-5QGP3	GTEx	2	Elastic Net	0.0120749245371001	0.00171136013888507	0.010363564398215
266	GTEX-ZC5H-0226-SM-4WAY9	GTEx	1	Elastic Net	0.0202965540069317	0.00956177132471641	0.0107347826822153
267	GTEX-14A6H-0126-SM-5QGPK	GTEx	5	Elastic Net	-0.00100631344889809	-0.0150467067734243	0.0140403933245262
268	GSM1973958	ADMSC	2	Elastic Net	0.270504884247441	0.299000725461179	-0.0284958412137383
269	GSM1973959	ADMSC	2	Elastic Net	0.287943448782629	0.280705184636683	0.00723826414594592
270	GSM1973960	ADMSC	4	Elastic Net	0.281537328816867	0.310524788284798	-0.0289874594679307
271	GSM1973961	ADMSC	5	Elastic Net	0.297520993589465	0.333238901905702	-0.0357179083162372
272	GSM1973962	ADMSC	2	Elastic Net	0.302467423727703	0.283983419850527	0.0184840038771759
273	GSM1973963	ADMSC	3	Elastic Net	0.30303188043157	0.330750639647683	-0.0277187592161129
274	GSM6169153	ADMSC	1	Elastic Net	0.316668874179533	0.316742525701274	-7.36515217413802e-05
275	GSM6169155	ADMSC	4	Elastic Net	0.267053720759631	0.300941506712964	-0.033887785953333
276	GSM6169156	ADMSC	3	Elastic Net	0.271492843743465	0.281529287919207	-0.010036444175742
277	GSM6169158	ADMSC	2	Elastic Net	0.297034164668481	0.297789599942676	-0.000755435274195193
278	GSM6169159	ADMSC	1	Elastic Net	0.303896661827951	0.288971181785166	0.0149254800427854
279	GSM6169161	ADMSC	1	Elastic Net	0.325227307928437	0.270202641721598	0.0550246662068389
280	GSM6169162	ADMSC	2	Elastic Net	0.407780931854239	0.376447937836938	0.0313329940173013
281	GSM6169164	ADMSC	4	Elastic Net	0.300493260251	0.304683476995191	-0.00419021674419107
282	GSM6169165	ADMSC	1	Elastic Net	0.347455063162342	0.296950236285458	0.0505048268768843
283	GSM6169167	ADMSC	2	Elastic Net	0.278754454075398	0.265721373352574	0.0130330807228244
284	GSM6169168	ADMSC	2	Elastic Net	0.312367517970769	0.281596295799216	0.0307712221715532
285	GSM4128688	BMSC	2	Elastic Net	0.313262234012003	0.32212145608249	-0.00885922207048734
286	GSM4128689	BMSC	4	Elastic Net	0.288452269400646	0.296087002759692	-0.00763473335904591
287	GSM4128690	BMSC	2	Elastic Net	0.32786937733333	0.309961662570744	0.0179077147625858
288	GSM4128691	BMSC	3	Elastic Net	0.25493823843683	0.24719425081477	0.00774398762205986
289	GSM4128692	BMSC	4	Elastic Net	0.355330988110296	0.341916814977314	0.0134141731329817
290	GSM4128693	BMSC	1	Elastic Net	0.326262282487962	0.303806929331033	0.0224553531569287
291	GSM4128694	BMSC	5	Elastic Net	0.297743000862305	0.254467158265779	0.0432758425965257
292	GSM4128695	BMSC	4	Elastic Net	0.270259317470327	0.304497146570685	-0.0342378291003581
293	GSM4128696	BMSC	1	Elastic Net	0.378451545886922	0.363893961923196	0.0145575839637259
294	GSM4128697	BMSC	1	Elastic Net	0.347966609228187	0.345495899635036	0.00247070959315054
295	GSM4128698	BMSC	3	Elastic Net	0.400789737425506	0.390988406163584	0.00980133126192229
296	GSM4128699	BMSC	4	Elastic Net	0.416911456082187	0.388434014350193	0.0284774417319936
297	GSM4128700	BMSC	2	Elastic Net	0.344299445244229	0.347254760305891	-0.00295531506166219
298	GSM4128701	BMSC	2	Elastic Net	0.386137526512896	0.370412649458071	0.0157248770548249
299	GSM4128702	BMSC	5	Elastic Net	0.362865053263312	0.37266807439899	-0.00980302113567816
300	GSM4128703	BMSC	5	Elastic Net	0.355858065284059	0.351488142545651	0.00436992273840792
301	GSM4128704	BMSC	1	Elastic Net	0.39915850665082	0.365971346072975	0.0331871605778447
302	GSM4128705	BMSC	1	Elastic Net	0.383379053311263	0.394541467623701	-0.0111624143124381
303	GSM4128706	BMSC	1	Elastic Net	0.40416208947984	0.394708074713013	0.00945401476682683
304	GSM4128707	BMSC	3	Elastic Net	0.400924385472255	0.375791787035687	0.0251325984365677
305	GSM4128708	BMSC	5	Elastic Net	0.385272230769154	0.377319423136844	0.00795280763230982
306	GSM4128709	BMSC	1	Elastic Net	0.368728357135386	0.342446001644508	0.0262823554908775
307	GSM4128710	BMSC	5	Elastic Net	0.360168241988483	0.352419647285904	0.00774859470257899
308	GSM4128711	BMSC	2	Elastic Net	0.416759968854698	0.407841489160384	0.00891847969431431
309	GSM4128712	BMSC	5	Elastic Net	0.354329093644955	0.34010467414473	0.0142244195002252
310	GSM4128713	BMSC	5	Elastic Net	0.406866106863147	0.362549489141827	0.0443166177213204
311	GSM4128714	BMSC	1	Elastic Net	0.335647697858022	0.333269469828094	0.00237822802992776
312	GSM4128715	BMSC	4	Elastic Net	0.391217767394405	0.35913805327499	0.0320797141194153
313	GSM4128716	BMSC	3	Elastic Net	0.362913427983746	0.347812184685756	0.01510124329799
314	GSM4128717	BMSC	5	Elastic Net	0.402003850564935	0.402132856842703	-0.000129006277768351
315	GSM4128718	BMSC	5	Elastic Net	0.366978472880817	0.378495740601793	-0.0115172677209757
316	GSM4128719	BMSC	1	Elastic Net	0.321505014104603	0.293527363682374	0.0279776504222292
317	GSM4128720	BMSC	4	Elastic Net	0.290412766243126	0.308375702186377	-0.0179629359432512
318	GSM4128721	BMSC	3	Elastic Net	0.405892665914299	0.393107473734188	0.0127851921801114
319	GSM4128722	BMSC	4	Elastic Net	0.364604800071522	0.355112397649906	0.00949240242161642
320	GSM4128723	BMSC	5	Elastic Net	0.409558532862735	0.378753173160376	0.0308053597023595
321	GSM4128724	BMSC	5	Elastic Net	0.353309082708021	0.360364144236716	-0.00705506152869517
322	GSM4128725	BMSC	3	Elastic Net	0.373170496266809	0.330770882295388	0.0423996139714207
323	GSM4128726	BMSC	2	Elastic Net	0.329130637736469	0.316296384066352	0.0128342536701165
324	GSM4128727	BMSC	4	Elastic Net	0.357865111534381	0.355436118567411	0.00242899296697013
325	GSM5393142	BMSC	5	Elastic Net	0.277298505885209	0.289594525413832	-0.0122960195286227
326	GSM5393143	BMSC	2	Elastic Net	0.392339974849033	0.36893546239502	0.0234045124540128
327	GSM5393144	BMSC	1	Elastic Net	0.279878534014428	0.267378832314507	0.0124997016999207
328	GSM5393145	BMSC	3	Elastic Net	0.367686051259084	0.378125435808302	-0.0104393845492178
329	GSM5393146	BMSC	4	Elastic Net	0.334677757123189	0.330663474319287	0.00401428280390187
330	GSM5393147	BMSC	4	Elastic Net	0.331469513671771	0.314828489350714	0.0166410243210573
331	GSM5393148	BMSC	2	Elastic Net	0.343100266929092	0.327795041367178	0.0153052255619143
332	GSM5393149	BMSC	3	Elastic Net	0.256905871131922	0.274929929991795	-0.0180240588598729
333	GSM5393150	BMSC	5	Elastic Net	0.30800367205266	0.290337222227881	0.0176664498247787
334	GSM5393151	BMSC	1	Elastic Net	0.0782799798071849	0.114553972501905	-0.0362739926947206
335	GSM5393152	BMSC	1	Elastic Net	0.063499437491477	0.109654854171336	-0.0461554166798587
336	GSM5393153	BMSC	2	Elastic Net	0.0675000056899039	0.0971681718645637	-0.0296681661746598
337	GSM5393154	BMSC	1	Elastic Net	0.0637267921687037	0.109827587636555	-0.0461007954678512
338	GSM5393155	BMSC	4	Elastic Net	0.0637012569967374	0.0974474240164691	-0.0337461670197317
339	GSM5393156	BMSC	1	Elastic Net	0.0700258975231479	0.112738230798092	-0.0427123332749441
340	GSM5393157	BMSC	3	Elastic Net	0.131398033685134	0.113826515444912	0.0175715182402222
341	GSM5393158	BMSC	1	Elastic Net	0.0645435648605577	0.109826867583697	-0.0452833027231392
342	GSM5393159	BMSC	5	Elastic Net	0.0634189632319333	0.0995332498187066	-0.0361142865867733
343	GSM4072651	BMSC	3	Elastic Net	0.205360735230944	0.219131418433536	-0.0137706832025917
344	GSM4072652	BMSC	4	Elastic Net	0.183583644020664	0.20884770570773	-0.0252640616870657
345	GSM4072653	BMSC	2	Elastic Net	0.199118147643225	0.23413841665358	-0.0350202690103553
346	GSM4072654	BMSC	4	Elastic Net	0.221701238310308	0.222542619574777	-0.000841381264469032
347	GSM4072655	BMSC	4	Elastic Net	0.26687405791491	0.265591533636811	0.00128252427809888
348	GSM4072656	BMSC	3	Elastic Net	0.212458893527763	0.206315905273563	0.00614298825419998
349	GSM4072657	BMSC	5	Elastic Net	0.199625728857531	0.213836846485445	-0.0142111176279135
350	GSM4072658	BMSC	5	Elastic Net	0.187134272899926	0.214416637416812	-0.0272823645168856
351	GSM4072659	BMSC	4	Elastic Net	0.241783812519351	0.264783613561723	-0.0229998010423716
352	GSM4072660	BMSC	5	Elastic Net	0.272545586909225	0.284345980690237	-0.0118003937810121
353	GSM4072661	BMSC	4	Elastic Net	0.216780941928465	0.268685947125245	-0.0519050051967804
354	GSM4072662	BMSC	2	Elastic Net	0.246571409600757	0.252311999968441	-0.00574059036768418
355	GSM4072663	BMSC	3	Elastic Net	0.2176892750063	0.23328961249317	-0.0156003374868701
356	GSM4072664	BMSC	2	Elastic Net	0.233035435552488	0.249121590990996	-0.0160861554385079
357	GSM4072665	BMSC	5	Elastic Net	0.231615121418252	0.264117424662563	-0.0325023032443115
358	GSM4072666	BMSC	3	Elastic Net	0.223923226499767	0.225842091759848	-0.00191886526008145
359	GSM4072667	BMSC	3	Elastic Net	0.248426299629143	0.246390702440222	0.00203559718892068
360	GSM4072668	BMSC	2	Elastic Net	0.199352743051659	0.249384675270003	-0.0500319322183438
361	GSM3167292	HSC	1	Elastic Net	0.429889912453648	0.443082547504973	-0.0131926350513252
362	GSM3167321	HSC	5	Elastic Net	0.49585524483153	0.460858557888611	0.0349966869429189
363	GSM3167324	HSC	2	Elastic Net	0.458393313975598	0.457328289152137	0.00106502482346132
364	GSM3167327	HSC	4	Elastic Net	0.379156072865639	0.378426156296614	0.000729916569024824
365	GSM3167340	HSC	4	Elastic Net	0.492601380780526	0.435094822674613	0.0575065581059133
366	GSM3167351	HSC	5	Elastic Net	0.511046692982949	0.445987433688519	0.0650592592944296
367	GSM3167354	HSC	5	Elastic Net	0.347093061549597	0.350527580326689	-0.00343451877709167
368	GSM3167361	HSC	3	Elastic Net	0.466802687503331	0.47700311702665	-0.0102004295233187
369	GSM3190036	HSC	3	Elastic Net	0.199745176512254	0.175362600731696	0.0243825757805582
370	GSM3190038	HSC	2	Elastic Net	0.234489732238723	0.214255564028428	0.0202341682102953
371	GSM3190039	HSC	2	Elastic Net	0.184355470317571	0.152907917131504	0.0314475531860672
372	GSM3190040	HSC	3	Elastic Net	0.18816554900722	0.177036235323635	0.011129313683585
373	GSM3190041	HSC	5	Elastic Net	0.137610334662559	0.131454800314613	0.00615553434794591
374	GSM3190046	HSC	3	Elastic Net	0.271204800059489	0.217548152301531	0.0536566477579579
375	GSM3190049	HSC	5	Elastic Net	0.167886757992009	0.15832762148521	0.00955913650679949
376	GSM3190055	HSC	5	Elastic Net	0.100236878548708	0.115238658428803	-0.0150017798800948
377	GSM3190056	HSC	1	Elastic Net	0.183186710610939	0.209374567746447	-0.0261878571355076
378	GSM3190058	HSC	3	Elastic Net	0.11323297052193	0.153336455832971	-0.0401034853110413
379	GSM3190059	HSC	1	Elastic Net	0.178208850913506	0.185643649199885	-0.00743479828637897
380	GSM3190066	HSC	4	Elastic Net	0.129899208880307	0.130827172393591	-0.000927963513284197
381	GSM3190068	HSC	2	Elastic Net	0.137859188250593	0.111052796939034	0.0268063913115585
382	GSM3190073	HSC	3	Elastic Net	0.115531051437697	0.142196165588204	-0.0266651141505066
383	GSM2797287_Sample_56677	HSC	2	Elastic Net	0.386087493448461	0.455792631727448	-0.0697051382789875
384	GSM2797288_Sample_56678	HSC	5	Elastic Net	0.47584022968276	0.396525700282605	0.0793145294001553
385	GSM2797289_Sample_56996	HSC	3	Elastic Net	0.324975863845148	0.370455407883359	-0.0454795440382107
386	GSM2797290_Sample_57009	HSC	5	Elastic Net	0.505000424996107	0.472876098560051	0.0321243264360564
387	GSM2797291_Sample_56997	HSC	2	Elastic Net	0.505378003715339	0.458266059878995	0.0471119438363439
388	GSM2797292_Sample_57010	HSC	2	Elastic Net	0.434517841564355	0.432833260303823	0.00168458126053217
389	GSM2797293_Sample_69598	HSC	5	Elastic Net	0.605762013708003	0.554737578269827	0.0510244354381758
390	GSM2797294_Sample_57005	HSC	1	Elastic Net	0.502608556654359	0.464115112512068	0.0384934441422912
391	GSM2797295_Sample_69599	HSC	3	Elastic Net	0.576649355864428	0.510202037081278	0.06644731878315
392	GSM2797296_Sample_57008	HSC	5	Elastic Net	0.339895297843669	0.383180383137304	-0.0432850852936347
393	GSM2797297_Sample_57000	HSC	4	Elastic Net	0.489275456345292	0.473292661303951	0.0159827950413406
394	GSM2797298_Sample_57004	HSC	5	Elastic Net	0.545342607361435	0.550333064854977	-0.00499045749354188
395	GSM2797299_Sample_69596	HSC	4	Elastic Net	0.514048177241784	0.504079649957467	0.00996852728431685
396	GSM2797300_Sample_57002	HSC	1	Elastic Net	0.54537708207458	0.483661330058881	0.0617157520156993
397	GSM2797301_Sample_57003	HSC	4	Elastic Net	0.617115152500872	0.513066865669424	0.104048286831448
398	GSM2797302_Sample_56682	HSC	1	Elastic Net	0.638789625103946	0.59580817041636	0.0429814546875863
399	GSM2797303_Sample_69600	HSC	3	Elastic Net	0.453390086001123	0.482873942042625	-0.0294838560415017
400	GSM2797304_Sample_57001	HSC	1	Elastic Net	0.522254473692039	0.533825622056706	-0.0115711483646673
401	GSM2797305_Sample_56683	HSC	4	Elastic Net	0.600914927610423	0.555774695421771	0.0451402321886517
402	GSM2797306_Sample_69597	HSC	3	Elastic Net	0.44170349523344	0.529708712780529	-0.0880052175470887
403	GSM4432248	PGC	2	Elastic Net	0.48456129175439	0.534517971123661	-0.0499566793692711
404	GSM4432249	PGC	2	Elastic Net	0.473225838049702	0.530666084415908	-0.0574402463662058
405	GSM4432250	PGC	1	Elastic Net	0.494281667898842	0.507315544341233	-0.0130338764423908
406	GSM4432281	PGC	1	Elastic Net	0.521366849431456	0.60213012737904	-0.0807632779475841
407	GSM4432282	PGC	3	Elastic Net	0.53733143140349	0.585236990115327	-0.0479055587118373
408	D3.5_1_Base_Media_NANOGPos	PGC	2	Elastic Net	0.71510418546582	0.722087600225147	-0.0069834147593274
409	D3.5_2_Base_Media_NANOGPos	PGC	1	Elastic Net	0.7251901904738	0.729244678647382	-0.00405448817358212
410	D3.5_3_Base_Media_NANOGPos	PGC	4	Elastic Net	0.680585259032092	0.664255584745311	0.016329674286781
411	D3.5_1_XAV_NANOGPos	PGC	4	Elastic Net	0.699299659528012	0.697143878671002	0.00215578085701007
412	D3.5_2_XAV_NANOGPos	PGC	3	Elastic Net	0.707216820936255	0.705813125511621	0.00140369542463392
413	D3.5_3_XAV_NANOGPos	PGC	2	Elastic Net	0.692324338549333	0.657305539587274	0.0350187989620593
414	GSM1466233	PGC	5	Elastic Net	0.539130481367509	0.563209256604184	-0.0240787752366747
415	GSM1466234	PGC	1	Elastic Net	0.592815372995823	0.540112105912371	0.0527032670834517
416	GSM1466241	PGC	5	Elastic Net	0.555193342237168	0.546465891164227	0.00872745107294126
417	GSM1466242	PGC	5	Elastic Net	0.628944772333105	0.623184845163861	0.00575992716924412
418	GSM2099959	iPSC	5	Elastic Net	0.870091441418715	0.874322124416288	-0.00423068299757345
419	GSM2099960	iPSC	1	Elastic Net	0.915371778470158	0.90500128764759	0.0103704908225677
420	GSM2099961	iPSC	4	Elastic Net	0.893901424987723	0.880365127315123	0.0135362976725996
421	GSM2099962	iPSC	4	Elastic Net	0.951966410811127	0.963932979534267	-0.0119665687231402
422	GSM2099963	iPSC	5	Elastic Net	0.935709600653837	0.934619474465942	0.00109012618789539
423	GSM2099964	iPSC	5	Elastic Net	0.945589181899234	0.95122453838535	-0.00563535648611591
424	GSM2099965	iPSC	4	Elastic Net	0.97030791804554	0.972036588588144	-0.00172867054260439
425	GSM2099966	iPSC	1	Elastic Net	0.97343549570509	0.973180116994356	0.000255378710733778
426	GSM2099967	iPSC	3	Elastic Net	0.942665655249719	0.942548396192182	0.000117259057536678
427	GSM2099968	iPSC	4	Elastic Net	0.914043969223779	0.924719043631256	-0.0106750744074773
428	GSM2099969	iPSC	1	Elastic Net	0.911195280155619	0.915469616246333	-0.00427433609071426
429	GSM2099970	iPSC	1	Elastic Net	0.921733091409548	0.934502552300149	-0.0127694608906006
430	GSM2099971	iPSC	4	Elastic Net	0.922827780669495	0.909397713162723	0.0134300675067716
431	GSM2099972	iPSC	4	Elastic Net	0.919506377436206	0.90516247278728	0.014343904648926
432	GSM2099973	iPSC	1	Elastic Net	0.912881776599697	0.909745991666232	0.003135784933465
433	GSM2099974	iPSC	4	Elastic Net	0.902140144603808	0.905059233821171	-0.00291908921736261
434	GSM2099975	iPSC	1	Elastic Net	0.922948873252694	0.909528870184674	0.0134200030680203
435	GSM2099976	iPSC	1	Elastic Net	0.955868499623622	0.95737305264726	-0.0015045530236385
436	GSM2099977	iPSC	5	Elastic Net	0.941294492447	0.936789268709021	0.0045052237379789
437	GSM2099978	iPSC	2	Elastic Net	0.965921345172109	0.952550335928994	0.0133710092431154
438	GSM2099979	iPSC	3	Elastic Net	0.955927423099093	0.956175921987901	-0.000248498888808513
439	GSM2099980	iPSC	1	Elastic Net	0.958547906621076	0.959490531547735	-0.000942624926659419
440	GSM2099981	iPSC	2	Elastic Net	0.948968358180746	0.939228113313544	0.00974024486720193
441	GSM2099982	iPSC	5	Elastic Net	0.934303148233143	0.942042562397767	-0.00773941416462365
442	GSM2099983	iPSC	3	Elastic Net	0.941931112394717	0.963974598914311	-0.0220434865195938
443	GSM2099984	iPSC	4	Elastic Net	0.94826492819648	0.957549833811477	-0.00928490561499706
444	GSM2099985	iPSC	1	Elastic Net	0.939349105441007	0.935356230997576	0.00399287444343077
445	GSM2099986	iPSC	5	Elastic Net	0.956490579920676	0.947162852116128	0.00932772780454794
446	GSM2099987	iPSC	3	Elastic Net	0.921089175322913	0.925334531281678	-0.00424535595876452
447	GSM2099988	iPSC	2	Elastic Net	0.86435035798455	0.88561223102869	-0.0212618730441397
448	GSM2099989	iPSC	5	Elastic Net	0.923574300110752	0.925193837733365	-0.00161953762261291
449	GSM2099990	iPSC	4	Elastic Net	0.921749299834384	0.924275642214796	-0.00252634238041161
450	GSM2099991	iPSC	3	Elastic Net	0.925342594105854	0.926203769188782	-0.000861175082927823
451	GSM2099992	iPSC	5	Elastic Net	0.921811740828614	0.916505760148432	0.00530598068018218
452	GSM2099993	iPSC	3	Elastic Net	0.980589083312345	1.00668693877826	-0.0260978554659157
453	GSM2099994	iPSC	5	Elastic Net	0.974643821880592	0.969510668165943	0.00513315371464884
454	GSM2099995	iPSC	5	Elastic Net	0.979746489999902	0.973810859135252	0.00593563086464999
455	GSM2099996	iPSC	5	Elastic Net	0.956658488816729	0.968319449355496	-0.0116609605387665
456	GSM2099997	iPSC	2	Elastic Net	0.964444602766625	0.970233533761181	-0.00578893099455602
457	GSM2099998	iPSC	4	Elastic Net	0.916241810305001	0.911797084962584	0.0044447253424168
458	GSM2099999	iPSC	2	Elastic Net	0.903531512401692	0.901387948800479	0.00214356360121282
459	GSM2100000	iPSC	2	Elastic Net	0.911266325133147	0.906114900800384	0.00515142433276261
460	GSM2100001	iPSC	2	Elastic Net	0.910668680979396	0.901969958130351	0.00869872284904549
461	GSM2100002	iPSC	4	Elastic Net	0.920905191248109	0.915111326345327	0.00579386490278211
462	GSM2100003	iPSC	1	Elastic Net	0.918526974454911	0.90752959954389	0.0109973749110208
463	GSM2100004	iPSC	3	Elastic Net	0.899858266818871	0.900579574251352	-0.000721307432481
464	GSM2100005	iPSC	4	Elastic Net	0.921039517856066	0.916747615946041	0.00429190191002504
465	GSM2100006	iPSC	5	Elastic Net	0.920793241754196	0.911727029006424	0.00906621274777231
466	GSM2100007	iPSC	2	Elastic Net	0.92658772164586	0.916791888969308	0.00979583267655237
467	GSM2100008	iPSC	2	Elastic Net	0.931088080904531	0.89809279731589	0.0329952835886408
468	GSM2100009	iPSC	2	Elastic Net	0.920941023066076	0.906334006014821	0.0146070170512552
469	GSM2100010	iPSC	5	Elastic Net	0.919358070209835	0.92811630036221	-0.00875823015237487
470	GSM2100011	iPSC	4	Elastic Net	0.9259645266251	0.910965392076509	0.0149991345485909
471	GSM2100012	iPSC	4	Elastic Net	0.890478285368595	0.878581164485462	0.0118971208831329
472	GSM2100013	iPSC	2	Elastic Net	0.831461281687422	0.803902689068272	0.0275585926191496
473	GSM2100014	iPSC	2	Elastic Net	0.937050644101409	0.949800495072307	-0.0127498509708978
474	GSM2100015	iPSC	2	Elastic Net	0.953175420684802	0.97281373985533	-0.0196383191705276
475	GSM2100016	iPSC	4	Elastic Net	0.935778360750043	0.948432337381968	-0.012653976631925
476	GSM2100017	iPSC	3	Elastic Net	0.920174492303507	0.906727200810916	0.0134472914925913
477	GSM2100018	iPSC	1	Elastic Net	0.901461799935543	0.929855954063501	-0.0283941541279578
478	GSM2100019	iPSC	1	Elastic Net	0.923232987988248	0.964623640133254	-0.0413906521450057
479	GSM2100020	iPSC	3	Elastic Net	0.869781733100547	0.870531424106662	-0.000749691006115327
480	GSM2100021	iPSC	2	Elastic Net	0.920195951587423	0.914731828878936	0.0054641227084874
481	GSM2100022	iPSC	1	Elastic Net	0.863215543869385	0.872228310233948	-0.00901276636456272
482	GSM2100023	iPSC	4	Elastic Net	0.934480108001094	0.937413349486391	-0.00293324148529672
483	GSM2100024	iPSC	4	Elastic Net	0.941283587427308	0.946484313139745	-0.00520072571243724
484	GSM2100025	iPSC	2	Elastic Net	0.936733319849535	0.930513227795883	0.00622009205365159
485	GSM2100026	iPSC	5	Elastic Net	0.887190829985758	0.895350553590207	-0.00815972360444905
486	GSM2100027	iPSC	3	Elastic Net	0.905805928862604	0.900967296879884	0.0048386319827205
487	GSM2100028	iPSC	4	Elastic Net	0.896753051607889	0.894933005638514	0.00182004596937457
488	GSM2100029	iPSC	5	Elastic Net	0.960813301426099	0.960156398188182	0.000656903237917228
489	GSM2100030	iPSC	3	Elastic Net	0.954805525683805	0.960400915335351	-0.00559538965154582
490	GSM2100031	iPSC	1	Elastic Net	0.961981067346182	0.968134903999661	-0.00615383665347924
491	GSM2100032	iPSC	5	Elastic Net	0.911221410630358	0.895794579944198	0.0154268306861596
492	GSM2100033	iPSC	4	Elastic Net	0.913805432056584	0.894157665194924	0.01964776686166
493	GSM2100034	iPSC	1	Elastic Net	0.90854732607271	0.895060874272244	0.0134864518004663
494	GSM2100035	iPSC	5	Elastic Net	0.891167254990158	0.881664172894993	0.00950308209516493
495	GSM2100036	iPSC	5	Elastic Net	0.878611126128936	0.879075808680486	-0.000464682551549855
496	GSM2100037	iPSC	5	Elastic Net	0.903451412398967	0.89571309536399	0.00773831703497729
497	GSM2100038	iPSC	2	Elastic Net	0.867482979084378	0.864708313901125	0.00277466518325331
498	GSM2100039	iPSC	1	Elastic Net	0.843499387452436	0.843146193922341	0.00035319353009533
499	GSM2100040	iPSC	5	Elastic Net	0.843870246126183	0.842674252435928	0.00119599369025514
500	GSM2100041	iPSC	3	Elastic Net	0.848656056216791	0.850205679135878	-0.00154962291908667
501	GSM2100042	iPSC	2	Elastic Net	0.890508270183309	0.882260460977183	0.00824780920612567
502	GSM2100043	iPSC	4	Elastic Net	0.893826207919768	0.889675954319039	0.00415025360072863
503	GSM2100044	iPSC	1	Elastic Net	0.885451968367053	0.89563766374598	-0.0101856953789267
504	GSM2100045	iPSC	4	Elastic Net	0.91888631702419	0.906676927758232	0.0122093892659575
505	GSM2100046	iPSC	2	Elastic Net	0.925676185867276	0.923124516933249	0.00255166893402647
506	GSM2100047	iPSC	4	Elastic Net	0.933444581533962	0.924791355142309	0.00865322639165345
507	GSM2100048	iPSC	3	Elastic Net	0.934602812420961	0.932609269273293	0.00199354314766775
508	GSM2100049	iPSC	5	Elastic Net	0.964727910477507	0.977332641772616	-0.0126047312951094
509	GSM2100050	iPSC	5	Elastic Net	0.942832969941838	0.945311293320631	-0.00247832337879272
510	GSM2100051	iPSC	2	Elastic Net	0.940138412773558	0.938385425662732	0.00175298711082605
511	GSM2100052	iPSC	1	Elastic Net	0.949441070005845	0.94146545587007	0.00797561413577497
512	GSM2100053	iPSC	3	Elastic Net	0.963328113571589	0.9539558485727	0.00937226499888866
513	GSM2100054	iPSC	4	Elastic Net	0.973574413054537	0.959445366806054	0.0141290462484828
514	GSM2100055	iPSC	3	Elastic Net	0.93110048691241	0.932875919006504	-0.00177543209409381
515	GSM2100056	iPSC	3	Elastic Net	0.941958926210045	0.947604141787275	-0.00564521557722963
516	GSM2100057	iPSC	4	Elastic Net	0.935046335757486	0.930968407603711	0.00407792815377483
517	GSM2100058	iPSC	3	Elastic Net	0.936478702539007	0.943849384514142	-0.00737068197513491
518	GSM2100059	iPSC	2	Elastic Net	0.939510575225052	0.951308418811682	-0.0117978435866298
519	GSM2100060	iPSC	5	Elastic Net	0.936563747073208	0.937382240524405	-0.000818493451197
520	GSM2100061	iPSC	1	Elastic Net	0.940079032346349	0.936818276445748	0.0032607559006006
521	GSM2100062	iPSC	2	Elastic Net	0.920709831466937	0.917966068573876	0.00274376289306133
522	GSM2100063	iPSC	1	Elastic Net	0.935102922041129	0.936852200977995	-0.00174927893686616
523	GSM2100064	iPSC	4	Elastic Net	0.862340849284682	0.865565142248751	-0.00322429296406945
524	GSM2100065	iPSC	1	Elastic Net	0.892810925024686	0.886741468021264	0.00606945700342187
525	GSM2100066	iPSC	3	Elastic Net	0.893539142259486	0.897175293291351	-0.00363615103186499
526	GSM2100067	iPSC	4	Elastic Net	0.867782372996232	0.869602584545251	-0.00182021154901946
527	GSM2100068	iPSC	2	Elastic Net	0.861386375553373	0.865024003051303	-0.00363762749793028
528	GSM2100069	iPSC	1	Elastic Net	0.922559791002659	0.926363187327412	-0.00380339632475313
529	GSM2100070	iPSC	3	Elastic Net	0.933471170029179	0.939912194814522	-0.00644102478534281
530	GSM2100071	iPSC	2	Elastic Net	0.936964290685661	0.932022336242034	0.00494195444362744
531	GSM2100072	iPSC	4	Elastic Net	0.906878725554284	0.906748185865111	0.000130539689173093
532	GSM2100073	iPSC	1	Elastic Net	0.898741839874777	0.89645526983026	0.00228657004451682
533	GSM2100074	iPSC	3	Elastic Net	0.908382345368861	0.907225240894287	0.00115710447457396
534	GSM2100075	iPSC	3	Elastic Net	0.989437898138674	0.982393070047874	0.0070448280908002
535	GSM2100076	iPSC	4	Elastic Net	0.971428260629606	0.970116780666037	0.00131147996356928
536	GSM2100077	iPSC	3	Elastic Net	0.961656216531881	0.94103852923336	0.0206176872985209
537	GSM2100078	iPSC	2	Elastic Net	0.981841439565034	0.968416726909666	0.0134247126553683
538	GSM2100079	iPSC	1	Elastic Net	0.968236082641624	0.964836247419648	0.00339983522197562
539	GSM2100080	iPSC	1	Elastic Net	0.986916044992103	0.980144672080654	0.00677137291144869
540	GSM2100081	iPSC	3	Elastic Net	0.918346942831058	0.96836495833365	-0.0500180155025923
541	GSM2100082	iPSC	1	Elastic Net	0.921457214728433	0.927424622505291	-0.00596740777685778
542	GSM2100083	iPSC	2	Elastic Net	0.895580065179689	0.885165800985529	0.01041426419416
543	GSM2100084	iPSC	3	Elastic Net	0.883318239455097	0.867471122969701	0.0158471164853957
544	GSM2100085	iPSC	2	Elastic Net	0.901771816944818	0.890695621510258	0.0110761954345601
545	GSM2100086	iPSC	1	Elastic Net	0.881499389001972	0.926450463981439	-0.0449510749794668
546	GSM2100087	iPSC	3	Elastic Net	0.860315333718454	0.861311515648156	-0.0009961819297023
547	GSM2100088	iPSC	5	Elastic Net	0.884778865887108	0.874458328778587	0.0103205371085207
548	GSM2100089	iPSC	5	Elastic Net	0.958221399908163	0.960952052636677	-0.00273065272851358
549	GSM2100090	iPSC	4	Elastic Net	0.974086040588912	0.978383753186835	-0.00429771259792289
550	GSM2100091	iPSC	1	Elastic Net	0.951480537285483	0.963171569897528	-0.0116910326120452
551	GSM2100092	iPSC	3	Elastic Net	0.968529534300125	0.98323300326386	-0.0147034689637346
552	GSM2100093	iPSC	2	Elastic Net	0.955908025664369	0.940142391844251	0.0157656338201179
553	GSM2100094	iPSC	4	Elastic Net	0.974342243715006	0.988057036032436	-0.0137147923174303
554	GSM2100095	iPSC	4	Elastic Net	0.963735897956297	0.95753761482602	0.00619828313027704
555	GSM2100096	iPSC	2	Elastic Net	0.955747172583108	0.955927852130235	-0.00018067954712675
556	GSM2100097	iPSC	3	Elastic Net	0.953135850220024	0.948878490415469	0.00425735980455477
557	GSM2100098	iPSC	5	Elastic Net	0.968080823254145	0.974275710865633	-0.00619488761148834
558	GSM2100099	iPSC	5	Elastic Net	0.90771250210404	0.890304784468253	0.0174077176357865
559	GSM2100100	iPSC	4	Elastic Net	0.954002232335072	0.972017759181954	-0.0180155268468816
560	GSM2100101	iPSC	2	Elastic Net	0.90074108864466	0.903282884321433	-0.00254179567677315
561	GSM2100102	iPSC	2	Elastic Net	0.933190812178439	0.92811558707527	0.00507522510316916
562	GSM2100103	iPSC	3	Elastic Net	0.947131392858674	0.951211379825021	-0.0040799869663467
563	GSM2100104	iPSC	5	Elastic Net	0.952624326832698	0.948424588396059	0.00419973843663868
564	GSM2100105	iPSC	2	Elastic Net	0.862990427455445	0.86860084869289	-0.0056104212374446
565	GSM2100106	iPSC	3	Elastic Net	0.879473903455552	0.877994760153401	0.00147914330215071
566	GSM2100107	iPSC	5	Elastic Net	0.916606252538326	0.915739077975406	0.000867174562919515
567	GSM2100108	iPSC	2	Elastic Net	0.934486619273589	0.93421182930682	0.000274789966768774
568	GSM2100109	iPSC	2	Elastic Net	0.935046211527332	0.943426678595185	-0.00838046706785289
569	GSM2100110	iPSC	4	Elastic Net	0.950645104342959	0.956536445837884	-0.00589134149492465
570	GSM2100111	iPSC	3	Elastic Net	0.926049559021163	0.914813857539697	0.0112357014814656
571	GSM2100112	iPSC	5	Elastic Net	0.927467579921442	0.917086821717526	0.0103807582039157
572	GSM2100113	iPSC	4	Elastic Net	0.93698999387514	0.933803666976852	0.00318632689828835
573	GSM2100114	iPSC	4	Elastic Net	0.952120329289262	0.966816206186041	-0.0146958768967793
574	GSM2100115	iPSC	2	Elastic Net	0.929137962448482	0.957157642653903	-0.028019680205421
575	GSM2100116	iPSC	1	Elastic Net	0.959798120278349	0.966698736166829	-0.00690061588848012
576	GSM2100117	iPSC	2	Elastic Net	0.93899860149399	0.943639028771225	-0.0046404272772349
577	GSM2100118	iPSC	1	Elastic Net	0.951978012980079	0.938160798385379	0.0138172145946995
578	GSM2100119	iPSC	3	Elastic Net	0.973641899917509	0.976463118263827	-0.00282121834631821
579	GSM2100120	iPSC	4	Elastic Net	0.973512930922248	0.970404430156518	0.00310850076573033
580	GSM2100121	iPSC	4	Elastic Net	0.961495497699583	0.952999600118876	0.00849589758070712
581	GSM2100122	iPSC	1	Elastic Net	0.892664365549144	0.905147366724955	-0.0124830011758112
582	GSM2100123	iPSC	4	Elastic Net	0.915710577673096	0.927605735707016	-0.0118951580339195
583	GSM2100124	iPSC	4	Elastic Net	0.936242563486133	0.932423109828991	0.0038194536571422
584	GSM2100125	iPSC	1	Elastic Net	0.945554008179193	0.932356390586955	0.0131976175922378
585	GSM2100126	iPSC	3	Elastic Net	0.931536179665397	0.937332240125833	-0.00579606046043635
586	GSM2100127	iPSC	3	Elastic Net	0.929765556818099	0.9308063764296	-0.00104081961150049
587	GSM2100128	iPSC	1	Elastic Net	0.922812698123299	0.926671037730266	-0.00385833960696658
588	GSM2100129	iPSC	4	Elastic Net	0.911890036900666	0.92852278333224	-0.0166327464315744
589	GSM2100130	iPSC	5	Elastic Net	0.903043031251838	0.914718975300803	-0.011675944048965
590	GSM2100131	iPSC	1	Elastic Net	0.926733038903872	0.920387603455803	0.0063454354480692
591	GSM2100132	iPSC	2	Elastic Net	0.938456606093041	0.931122524152064	0.00733408194097662
592	GSM2100133	iPSC	2	Elastic Net	0.931845045980489	0.917569531353927	0.014275514626562
593	GSM2100134	iPSC	3	Elastic Net	0.951069891743987	0.963001685773008	-0.0119317940290212
594	GSM2100135	iPSC	3	Elastic Net	0.953971635634949	0.944700980962848	0.00927065467210053
595	GSM2100136	iPSC	2	Elastic Net	0.937096774749894	0.949277298305213	-0.0121805235553186
596	GSM2100137	iPSC	1	Elastic Net	0.928132717580425	0.936395039258773	-0.00826232167834784
597	GSM2100138	iPSC	2	Elastic Net	0.920879000507317	0.924851712407465	-0.00397271190014759
598	GSM2100139	iPSC	5	Elastic Net	0.913760142920515	0.913156506650198	0.000603636270317232
599	GSM2100140	iPSC	5	Elastic Net	0.887280220163032	0.849512838886549	0.0377673812764833
600	GSM2100141	iPSC	1	Elastic Net	0.91198927604229	0.894290409735154	0.0176988663071362
601	GSM2100142	iPSC	5	Elastic Net	0.915196224049422	0.889563318404105	0.025632905645317
602	GSM2100143	iPSC	4	Elastic Net	0.951765975547228	0.939700043063734	0.0120659324834942
603	GSM2100144	iPSC	4	Elastic Net	0.945133655246633	0.918406944780988	0.0267267104656451
604	GSM2100145	iPSC	1	Elastic Net	0.937181636695736	0.930513486060604	0.00666815063513182
605	GSM2100146	iPSC	4	Elastic Net	0.887475299629088	0.87676755069051	0.0107077489385777
606	GSM2100147	iPSC	4	Elastic Net	0.919242906116938	0.920817589624945	-0.00157468350800682
607	GSM2100148	iPSC	3	Elastic Net	0.910135830425234	0.911636973354379	-0.00150114292914483
608	GSM2100149	iPSC	1	Elastic Net	0.946169214251661	0.935421899354859	0.0107473148968024
609	GSM2100150	iPSC	1	Elastic Net	0.936299787692063	0.917676720583121	0.0186230671089418
610	GSM2100151	iPSC	4	Elastic Net	0.945930892152696	0.95270355571972	-0.00677266356702388
611	GSM2100152	iPSC	2	Elastic Net	0.924940716056906	0.933483981542099	-0.00854326548519302
612	GSM2100153	iPSC	4	Elastic Net	0.946112868077825	0.94340741199797	0.0027054560798554
613	GSM2100154	iPSC	3	Elastic Net	0.825413643375843	0.809959895846684	0.0154537475291591
614	GSM2100155	iPSC	5	Elastic Net	0.898701694125822	0.885230985394499	0.0134707087313231
615	GSM2100156	iPSC	3	Elastic Net	0.894582164616934	0.889029163366926	0.00555300125000791
616	GSM2100157	iPSC	3	Elastic Net	0.903575158302441	0.89903982765176	0.00453533065068124
617	GSM2100158	iPSC	2	Elastic Net	0.933122394500619	0.940574182778104	-0.00745178827748549
618	GSM2100159	iPSC	2	Elastic Net	0.950363863151878	0.952586203842783	-0.00222234069090466
619	GSM2100160	iPSC	4	Elastic Net	0.953826429951756	0.945482705874091	0.00834372407766459
620	GSM2100161	iPSC	5	Elastic Net	0.936466292290211	0.927065520550045	0.0094007717401664
621	GSM2100162	iPSC	3	Elastic Net	0.944877301902364	0.942953510087317	0.00192379181504709
622	GSM2100163	iPSC	1	Elastic Net	0.943838105783335	0.938581022994095	0.0052570827892402
623	GSM2100164	iPSC	1	Elastic Net	0.928671939333102	0.916914253401765	0.0117576859313372
624	GSM2100165	iPSC	4	Elastic Net	0.894673642426882	0.88972243681943	0.00495120560745188
625	GSM2100166	iPSC	3	Elastic Net	0.939975383587139	0.943414479846613	-0.00343909625947436
626	GSM2100167	iPSC	2	Elastic Net	0.945767753220257	0.944740974299731	0.00102677892052627
627	GSM2100168	iPSC	5	Elastic Net	0.947543548544541	0.948347512124011	-0.000803963579469991
628	GSM2100169	iPSC	4	Elastic Net	0.935706524035754	0.926902251172413	0.00880427286334062
629	GSM2100170	iPSC	1	Elastic Net	0.909068520749875	0.904546793586226	0.0045217271636494
630	GSM2100171	iPSC	3	Elastic Net	0.903569605777522	0.912711007229321	-0.00914140145179931
631	GSM2100172	iPSC	1	Elastic Net	0.899800010771922	0.91584810132089	-0.0160480905489676
632	GSM2100173	iPSC	3	Elastic Net	0.898242653447336	0.895509957142666	0.00273269630466955
633	GSM2100174	iPSC	3	Elastic Net	0.794071530127187	0.754672234325326	0.0393992958018613
634	GSM2100175	iPSC	4	Elastic Net	0.905186024212281	0.886797283843542	0.0183887403687387
635	GSM2100176	iPSC	4	Elastic Net	0.898342607058045	0.888238542061903	0.0101040649961421
636	GSM2100177	iPSC	4	Elastic Net	0.907210091726702	0.911211373211593	-0.00400128148489054
637	GSM2100178	iPSC	3	Elastic Net	0.954497206610873	0.92492006016085	0.0295771464500226
638	GSM2100179	iPSC	2	Elastic Net	0.911222116769681	0.924823861061274	-0.0136017442915934
639	GSM2100180	iPSC	5	Elastic Net	0.915862207945277	0.917634596831833	-0.00177238888655606
640	GSM2100181	iPSC	1	Elastic Net	0.905163208122165	0.917239109663555	-0.0120759015413904
641	GSM2100182	iPSC	4	Elastic Net	0.956491176092446	0.954220166070052	0.00227101002239427
642	GSM2100183	iPSC	2	Elastic Net	0.941927338310494	0.938867801385043	0.00305953692545136
643	GSM2100184	iPSC	5	Elastic Net	0.971425935994434	0.972421265497069	-0.000995329502635034
644	GSM2100185	iPSC	5	Elastic Net	0.943596139513375	0.94678557649224	-0.00318943697886465
645	GSM2100186	iPSC	3	Elastic Net	0.943369008290388	0.9502313389321	-0.00686233064171171
646	GSM2100187	iPSC	2	Elastic Net	0.94565909716282	0.953674126542199	-0.00801502937937915
647	GSM2100188	iPSC	5	Elastic Net	0.937093039483277	0.943179259372445	-0.00608621988916758
648	GSM2100189	iPSC	5	Elastic Net	0.926566415206432	0.93770092987755	-0.011134514671118
649	GSM2100190	iPSC	1	Elastic Net	0.899782061145559	0.909812623958513	-0.0100305628129536
650	GSM2100191	iPSC	5	Elastic Net	0.925381469723785	0.918658023778894	0.00672344594489127
651	GSM2100192	iPSC	2	Elastic Net	0.918360505537384	0.912847454749535	0.00551305078784892
652	GSM2100193	iPSC	5	Elastic Net	0.932236211599973	0.919792930323537	0.012443281276436
653	GSM2100194	iPSC	1	Elastic Net	0.874968572953599	0.88234284820511	-0.00737427525151135
654	GSM2100195	iPSC	4	Elastic Net	0.951767214696775	0.952326852402235	-0.000559637705460081
655	GSM2100196	iPSC	5	Elastic Net	0.901716527616503	0.897634542843652	0.00408198477285115
656	GSM2100197	iPSC	1	Elastic Net	0.94069104849828	0.92575431661556	0.0149367318827205
657	GSM2100198	iPSC	4	Elastic Net	0.942793389775654	0.947737185029349	-0.00494379525369515
658	GSM2100199	iPSC	2	Elastic Net	0.925077949733188	0.942183122020011	-0.0171051722868227
659	GSM2100200	iPSC	1	Elastic Net	0.925733320132597	0.957080812054653	-0.0313474919220564
660	GSM2100201	iPSC	5	Elastic Net	0.903855916479804	0.919043120431292	-0.0151872039514879
661	GSM2100202	iPSC	3	Elastic Net	0.896063139259755	0.92101058042176	-0.0249474411620045
662	GSM2100203	iPSC	5	Elastic Net	0.898618558755267	0.91665782472599	-0.0180392659707227
663	GSM2100204	iPSC	3	Elastic Net	0.904392673450938	0.930221213144637	-0.0258285396936995
664	GSM2100205	iPSC	2	Elastic Net	0.954537025194252	0.974354248979767	-0.0198172237855149
665	GSM2100206	iPSC	2	Elastic Net	0.942530184353873	0.954339077341986	-0.0118088929881126
666	GSM2100207	iPSC	2	Elastic Net	0.945314156517746	0.95363320686136	-0.00831905034361424
667	GSM2100208	iPSC	3	Elastic Net	0.890868955067259	0.902191511419435	-0.011322556352176
668	GSM2100209	iPSC	2	Elastic Net	0.911350233644016	0.920659496308285	-0.00930926266426924
669	GSM2100210	iPSC	2	Elastic Net	0.908085406302727	0.911230150474245	-0.00314474417151756
670	GSM2100211	iPSC	2	Elastic Net	0.92856922348518	0.940512852242052	-0.0119436287568718
671	GSM2100212	iPSC	3	Elastic Net	0.941139237612323	0.935333483641948	0.00580575397037508
672	GSM2100213	iPSC	5	Elastic Net	0.957036896757473	0.957368392525262	-0.000331495767789236
673	GSM2100214	iPSC	5	Elastic Net	0.903383698412997	0.906571807290311	-0.00318810887731413
674	GSM2100215	iPSC	2	Elastic Net	0.88755393098652	0.91263485948058	-0.0250809284940597
675	GSM2100216	iPSC	4	Elastic Net	0.916612727404368	0.91069619249524	0.00591653490912836
676	GSM2100217	iPSC	5	Elastic Net	0.897035227948896	0.919743513690816	-0.0227082857419202
677	GSM2100218	iPSC	5	Elastic Net	0.911971995948708	0.899429737337327	0.0125422586113815
678	GSM2100219	iPSC	1	Elastic Net	0.914501948768592	0.920673978764802	-0.00617202999621036
679	GSM2100220	iPSC	5	Elastic Net	0.944806848331324	0.946177925731119	-0.00137107739979458
680	GSM2100221	iPSC	1	Elastic Net	0.958415631279055	0.967516508137224	-0.00910087685816863
681	GSM2100222	iPSC	1	Elastic Net	0.927579531092642	0.943142573367424	-0.015563042274782
682	GSM2100223	iPSC	5	Elastic Net	0.946583824549796	0.948835718929358	-0.0022518943795623
683	GSM2100224	iPSC	3	Elastic Net	0.937386331216591	0.940075527920585	-0.00268919670399448
684	GSM2100225	iPSC	1	Elastic Net	0.931797310961766	0.925982323003161	0.00581498795860491
685	GSM2100226	iPSC	4	Elastic Net	0.977448946024325	0.971633218831519	0.0058157271928061
686	GSM2100227	iPSC	2	Elastic Net	0.96983681875143	0.973579856228512	-0.00374303747708182
687	GSM2100228	iPSC	4	Elastic Net	0.99592399889808	1.00424476245023	-0.00832076355214817
688	GSM2100229	iPSC	4	Elastic Net	0.934445059518132	0.9398144567253	-0.00536939720716789
689	GSM2100230	iPSC	5	Elastic Net	0.933935298896363	0.927324809966722	0.00661048892964067
690	GSM2100231	iPSC	1	Elastic Net	0.932429254771273	0.929546904579158	0.00288235019211469
691	GSM2100232	iPSC	4	Elastic Net	0.964027268465231	0.960362723250626	0.0036645452146048
692	GSM2100233	iPSC	1	Elastic Net	0.953258888583335	0.952583564610684	0.000675323972651243
693	GSM2100234	iPSC	4	Elastic Net	0.962626682115588	0.954046941281275	0.00857974083431323
694	GSM2100235	iPSC	4	Elastic Net	0.916310985954596	0.913990724141875	0.00232026181272116
695	GSM2100236	iPSC	1	Elastic Net	0.918524331339684	0.910360944568156	0.00816338677152795
696	GSM2100237	iPSC	5	Elastic Net	0.924331301504358	0.932087123201778	-0.00775582169741951
697	GSM2100238	iPSC	4	Elastic Net	0.909906078563848	0.918983235778508	-0.00907715721465974
698	GSM2100239	iPSC	2	Elastic Net	0.919693567846405	0.931321959628684	-0.0116283917822791
699	GSM2100240	iPSC	3	Elastic Net	0.869948444295714	0.863340671131004	0.00660777316470984
700	GSM2100241	iPSC	3	Elastic Net	0.883845077897816	0.900856260108413	-0.0170111822105967
701	GSM2100242	iPSC	3	Elastic Net	0.91005271329988	0.92200214061768	-0.0119494273178004
702	GSM2100243	iPSC	5	Elastic Net	0.92146741390417	0.931833884943049	-0.0103664710388788
703	GSM2100244	iPSC	5	Elastic Net	0.943596920853605	0.943057075849538	0.000539845004066564
704	GSM2100245	iPSC	5	Elastic Net	0.950909255934613	0.950769383381651	0.000139872552962217
705	GSM2100246	iPSC	3	Elastic Net	0.942216563287542	0.934007542689195	0.00820902059834705
706	GSM2100247	iPSC	2	Elastic Net	0.936156653666325	0.940293482869723	-0.00413682920339831
707	GSM2100248	iPSC	5	Elastic Net	0.92226295112774	0.920199252193545	0.00206369893419545
708	GSM2100249	iPSC	3	Elastic Net	0.932197660804387	0.925117659935947	0.00708000086843974
709	GSM2100250	iPSC	1	Elastic Net	0.948724397112691	0.959776532622734	-0.0110521355100431
710	GSM2100251	iPSC	2	Elastic Net	0.943634231861278	0.951281467252127	-0.00764723539084944
711	GSM2100252	iPSC	1	Elastic Net	0.938928364309329	0.942765450645446	-0.00383708633611735
712	GSM2100253	iPSC	1	Elastic Net	0.897858969308033	0.852516970783229	0.0453419985248036
713	GSM2100254	iPSC	5	Elastic Net	0.923846996310446	0.932879354093823	-0.00903235778337674
714	GSM2100255	iPSC	3	Elastic Net	0.895542808282499	0.859263330041395	0.0362794782411037
715	GSM2100256	iPSC	2	Elastic Net	0.89991274722411	0.916452647857581	-0.0165399006334706
716	GSM2100257	iPSC	1	Elastic Net	0.895306748918688	0.898668988405406	-0.00336223948671766
717	GSM2100258	iPSC	1	Elastic Net	0.882648319930147	0.902011906012758	-0.0193635860826112
718	GSM2100259	iPSC	1	Elastic Net	0.941863727580369	0.949061520146586	-0.00719779256621711
719	GSM2100260	iPSC	3	Elastic Net	0.931790733642777	0.938197826196329	-0.00640709255355232
720	GSM2100261	iPSC	3	Elastic Net	0.959363892378784	0.969258312591707	-0.00989442021292264
721	GSM2100262	iPSC	4	Elastic Net	0.891877590716839	0.888769055539275	0.00310853517756438
722	GSM2100263	iPSC	1	Elastic Net	0.903115164421864	0.901187398090141	0.00192776633172287
723	GSM2100264	iPSC	3	Elastic Net	0.901481564617115	0.900341987007944	0.00113957760917094
724	GSM2100265	iPSC	3	Elastic Net	0.966331787751484	0.963009651117252	0.00332213663423242
725	GSM2100266	iPSC	3	Elastic Net	0.961518850655858	0.992535330837605	-0.0310164801817466
726	GSM2100267	iPSC	3	Elastic Net	0.962985569336691	0.965697099685636	-0.00271153034894545
727	GSM2100268	iPSC	2	Elastic Net	0.916817482457192	0.921485025965882	-0.00466754350868959
728	GSM2100269	iPSC	2	Elastic Net	0.920864762229639	0.928450143350875	-0.00758538112123608
729	GSM2100270	iPSC	2	Elastic Net	0.916077450430034	0.92679235892618	-0.0107149084961464
730	GSM2100271	iPSC	2	Elastic Net	0.887265610426413	0.895482952080089	-0.00821734165367616
731	GSM2100272	iPSC	5	Elastic Net	0.880584062742779	0.892842823622691	-0.0122587608799122
732	GSM2100273	iPSC	3	Elastic Net	0.886608292015692	0.883875268740225	0.00273302327546676
733	GSM2100274	iPSC	4	Elastic Net	0.88337419089711	0.878978978335363	0.00439521256174713
734	GSM2100275	iPSC	4	Elastic Net	0.889504197909125	0.887976957576667	0.00152724033245832
1	GTEX-13CF3-2326-SM-5IFGL	GTEx	2	LightGBM	0.00825343479100969	0.00528907289831387	0.00296436189269582
2	GTEX-OXRK-0326-SM-3NB3R	GTEx	2	LightGBM	0.00431737610036399	0.00582390583074801	-0.00150652973038402
3	GTEX-ZVT2-2226-SM-5NQ6P	GTEx	2	LightGBM	-0.00179351470477322	-0.00354066038211004	0.00174714567733682
4	GTEX-U3ZN-2626-SM-3DB7T	GTEx	3	LightGBM	-0.00432603556520347	-0.000649385101273809	-0.00367665046392966
5	GTEX-U4B1-1726-SM-3DB9F	GTEx	4	LightGBM	-3.63200863725353e-05	-0.00233187666298175	0.00229555657660922
6	GTEX-PWCY-1926-SM-3NB25	GTEx	1	LightGBM	0.00953693490786078	0.00429849655803322	0.00523843834982756
7	GTEX-Y5V5-2426-SM-5IFJA	GTEx	4	LightGBM	0.00542692451140753	-0.000445993891857553	0.00587291840326508
8	GTEX-Q2AI-1426-SM-2S1P5	GTEx	1	LightGBM	0.00424686587891745	0.00616980041316312	-0.00192293453424567
9	GTEX-12KS4-0426-SM-5EQMC	GTEx	1	LightGBM	-0.00406636640122441	-0.00251246816120747	-0.00155389824001694
10	GTEX-T6MN-0226-SM-32PMD	GTEx	5	LightGBM	0.0230307588239149	0.0175480526033676	0.00548270622054727
11	GTEX-147F3-0626-SM-5NQ9I	GTEx	3	LightGBM	-0.00773551807832297	0.000285419814343334	-0.0080209378926663
12	GTEX-OXRN-0226-SM-2I5EJ	GTEx	2	LightGBM	0.0111941875053139	0.00782573848058523	0.00336844902472867
13	GTEX-YFC4-0226-SM-57WD2	GTEx	3	LightGBM	0.00356118041744579	0.00330703760573823	0.00025414281170756
14	GTEX-12ZZX-0226-SM-5DUXU	GTEx	5	LightGBM	0.0212767906563809	0.0177616506332913	0.00351514002308958
15	GTEX-ZP4G-2326-SM-57WEM	GTEx	3	LightGBM	-0.00274378209327212	-0.00183163771098716	-0.000912144382284957
16	GTEX-ZZ64-1626-SM-5E43W	GTEx	4	LightGBM	-0.00310563073231512	-0.0032464912332081	0.000140860500892979
17	GTEX-ZVTK-0526-SM-5GZWT	GTEx	1	LightGBM	-0.00154832920752821	-0.00367936866657855	0.00213103945905034
18	GTEX-QLQW-1226-SM-2S1Q9	GTEx	3	LightGBM	0.0135262816372066	0.0128634405227694	0.000662841114437243
19	GTEX-13QJ3-0426-SM-5RQHP	GTEx	5	LightGBM	-1.35884170966143e-05	-0.000319050381977191	0.000305461964880577
20	GTEX-ZAJG-0226-SM-5HL81	GTEx	2	LightGBM	0.00146055931705746	0.000245628701471069	0.00121493061558639
21	GTEX-ZE7O-0226-SM-5S2N1	GTEx	1	LightGBM	-0.00400382088214373	-0.00222654163491068	-0.00177727924723305
22	GTEX-13111-1726-SM-5EGJZ	GTEx	1	LightGBM	-0.00494832534835513	-0.00187218109252954	-0.00307614425582559
23	GTEX-13G51-2626-SM-5LZYW	GTEx	1	LightGBM	0.00271119728355859	0.00277571443235841	-6.4517148799815e-05
24	GTEX-VUSG-2426-SM-4KKZG	GTEx	4	LightGBM	0.00778717467676083	0.00292566219162758	0.00486151248513325
25	GTEX-ZUA1-0226-SM-5NQ9Q	GTEx	4	LightGBM	-0.000775516241320591	-0.000809756990568407	3.42407492478159e-05
26	GTEX-OXRP-0226-SM-3NB14	GTEx	3	LightGBM	0.00576055059966874	0.00642702553456231	-0.000666474934893574
27	GTEX-OOBK-0226-SM-2YUMF	GTEx	4	LightGBM	0.00737505483054756	0.00641655646146614	0.000958498369081425
28	GTEX-12C56-1626-SM-5FQUO	GTEx	3	LightGBM	-0.0050577474689647	-0.00187863353423713	-0.00317911393472757
29	GTEX-13VXU-0226-SM-5SI9R	GTEx	5	LightGBM	0.00030603632242375	-0.0057785329725885	0.00608456929501225
30	GTEX-OOBJ-0226-SM-2YUMM	GTEx	3	LightGBM	-0.00443020833893789	0.00227799625473101	-0.0067082045936689
31	GTEX-TML8-2026-SM-32QOP	GTEx	5	LightGBM	0.00732686408498429	0.000440529973474543	0.00688633411150975
32	GTEX-11DXW-0326-SM-5H11W	GTEx	3	LightGBM	-0.00184018773812634	0.00226403000056293	-0.00410421773868927
33	GTEX-R55D-0326-SM-48FES	GTEx	1	LightGBM	0.00135499844115112	-0.000789706993060083	0.0021447054342112
34	GTEX-1211K-2226-SM-5FQU6	GTEx	5	LightGBM	-0.00759577144672431	-0.00231459274666297	-0.00528117870006134
35	GTEX-13NZ9-0526-SM-5J1OX	GTEx	1	LightGBM	0.0110880008128056	0.00930643834481755	0.00178156246798805
36	GTEX-X4LF-1726-SM-3NMBZ	GTEx	1	LightGBM	0.00118484427674771	-0.000967743940643248	0.00215258821739096
37	GTEX-S32W-2226-SM-2XCAY	GTEx	4	LightGBM	-0.00294306285720961	0.00138169764007834	-0.00432476049728795
38	GTEX-13QBU-2526-SM-5LU4X	GTEx	5	LightGBM	0.00754179539126971	0.00346995356967954	0.00407184182159017
39	GTEX-14BMV-0226-SM-5S2N2	GTEx	4	LightGBM	0.0013022220501573	-0.00195281712801675	0.00325503917817405
40	GTEX-13FTY-0626-SM-5L3F8	GTEx	4	LightGBM	-0.00415820249842951	-0.00407620823807012	-8.19942603593861e-05
41	GTEX-XUZC-1826-SM-4BRVO	GTEx	1	LightGBM	0.000737815902480026	0.00464586088357307	-0.00390804498109305
42	GTEX-12WSM-0226-SM-5LZV6	GTEx	2	LightGBM	-0.00772220572112537	-0.000466921970244272	-0.0072552837508811
43	GTEX-11ZVC-2626-SM-5FQTA	GTEx	3	LightGBM	-0.00433129995032657	0.00133362038790391	-0.00566492033823048
44	GTEX-146FR-1826-SM-5QGPF	GTEx	3	LightGBM	-0.0123056014152403	-0.00275642338157236	-0.00954917803366794
45	GTEX-X15G-2326-SM-4PQZS	GTEx	3	LightGBM	-0.0057086808910031	-0.00273955312618025	-0.00296912776482285
46	GTEX-ZAB4-1126-SM-5HL86	GTEx	1	LightGBM	0.00953996756196872	0.00787929380927906	0.00166067375268966
47	GTEX-P78B-1026-SM-3NMC4	GTEx	3	LightGBM	0.0136202434910225	0.0120308165378002	0.00158942695322233
48	GTEX-XQ8I-1526-SM-4BOOH	GTEx	4	LightGBM	0.0274371552253171	0.0141248280845876	0.0133123271407295
49	GTEX-XBEW-1326-SM-4AT63	GTEx	1	LightGBM	0.00437072271885104	0.00782146207888273	-0.00345073936003169
50	GTEX-13FHP-1526-SM-5IJGE	GTEx	4	LightGBM	-0.00557085518024639	0.00451351268909003	-0.0100843678693364
51	GTEX-RTLS-1126-SM-46MUQ	GTEx	5	LightGBM	0.00319994755275749	0.00998215822841931	-0.00678221067566182
52	GTEX-Y5V6-1026-SM-4VBS2	GTEx	2	LightGBM	0.000980415287762229	0.00815278593770413	-0.0071723706499419
53	GTEX-11NSD-1126-SM-5N9BQ	GTEx	3	LightGBM	0.0123635424602756	0.00872242466281304	0.00364111779746256
54	GTEX-14BIN-2726-SM-5RQIE	GTEx	5	LightGBM	0.00200526113330524	0.00678523227313389	-0.00477997113982865
55	GTEX-UJMC-0926-SM-4IHLK	GTEx	3	LightGBM	0.0214021586569216	0.0582385298987599	-0.0368363712418383
56	GTEX-OOBK-0625-SM-3LK5P	GTEx	1	LightGBM	0.00994787371830481	0.0147197095000193	-0.00477183578171453
57	GTEX-Y111-1626-SM-57WCY	GTEx	5	LightGBM	0.0215878003507225	0.0175498303755128	0.00403796997520973
58	GTEX-VUSG-1226-SM-4KKZF	GTEx	1	LightGBM	0.0127479599580161	0.00918391928142108	0.00356404067659502
59	GTEX-QEG5-1426-SM-447AS	GTEx	5	LightGBM	0.0235630368274915	0.0149089309200773	0.00865410590741419
60	GTEX-OIZG-1026-SM-3LK5X	GTEx	2	LightGBM	0.0218321068555454	0.0126849600680965	0.00914714678744888
61	GTEX-13OVI-2626-SM-5KM4T	GTEx	4	LightGBM	0.00725862800442708	0.00813591769680592	-0.000877289692378836
62	GTEX-ZA64-0626-SM-5HL9O	GTEx	1	LightGBM	-0.0015927905605337	0.00118186690642216	-0.00277465746695586
63	GTEX-S32W-0926-SM-4AD5X	GTEx	2	LightGBM	0.0140125709683196	0.00335514908896483	0.0106574218793548
64	GTEX-144FL-2726-SM-5O98Z	GTEx	4	LightGBM	0.0141834792793971	0.0101072300660406	0.0040762492133565
65	GTEX-13SLX-1726-SM-5Q5E5	GTEx	2	LightGBM	0.00511467652276546	0.0125440978241196	-0.00742942130135419
66	GTEX-11EMC-2226-SM-5A5JW	GTEx	2	LightGBM	0.0128404941688925	0.0141291642774614	-0.00128867010856885
67	GTEX-XXEK-0326-SM-4BRVV	GTEx	1	LightGBM	0.0255694393566125	0.0150019827788781	0.0105674565777344
68	GTEX-XGQ4-1526-SM-4AT6H	GTEx	5	LightGBM	0.00861318401334753	0.00980414729068595	-0.00119096327733842
69	GTEX-11ONC-1526-SM-5GU6S	GTEx	3	LightGBM	0.00156089059683636	0.00398820023681542	-0.00242730963997906
70	GTEX-12BJ1-1626-SM-5HL8Y	GTEx	4	LightGBM	0.00948098704165157	0.00947709545578908	3.89158586248765e-06
71	GTEX-T5JW-1326-SM-4DM5G	GTEx	1	LightGBM	0.00941261578914872	0.00995395144136294	-0.000541335652214217
72	GTEX-111CU-0726-SM-5GZYD	GTEx	2	LightGBM	0.0152502017515138	0.0161134358196957	-0.000863234068181864
73	GTEX-13X6H-1326-SM-5LU42	GTEx	3	LightGBM	-0.00132691563745159	0.00753003431584389	-0.00885694995329548
74	GTEX-13JVG-2026-SM-5KM1N	GTEx	2	LightGBM	0.00536326637264309	0.0106602263125091	-0.00529695993986597
75	GTEX-X4EP-1626-SM-4QAS6	GTEx	2	LightGBM	0.0139403259690735	0.00767368457843557	0.00626664139063793
76	GTEX-ZF3C-1626-SM-4WWB4	GTEx	5	LightGBM	0.00612999698113614	0.0101501022622585	-0.00402010528112237
77	GTEX-13NZB-1226-SM-5J2MW	GTEx	3	LightGBM	0.0119166775451761	0.0110664801140225	0.000850197431153599
78	GTEX-ZYW4-1326-SM-5E45N	GTEx	4	LightGBM	-0.000403354430171345	0.0131628455208483	-0.0135661999510196
79	GTEX-REY6-1326-SM-48FDO	GTEx	4	LightGBM	0.0207052123588784	0.0125162493122673	0.00818896304661112
80	GTEX-11DXX-1126-SM-5GZZK	GTEx	3	LightGBM	0.00963894244799134	0.0105286522593638	-0.000889709811372487
81	GTEX-ZYVF-2226-SM-5GIDD	GTEx	3	LightGBM	0.0354536147625609	0.0141122775504231	0.0213413372121378
82	GTEX-YJ89-1526-SM-5P9IR	GTEx	1	LightGBM	0.00827278472244966	0.0076927914490716	0.000579993273378059
83	GTEX-R53T-1126-SM-48FD4	GTEx	1	LightGBM	0.0237595439232677	0.0203359696334272	0.00342357428984047
84	GTEX-O5YV-1026-SM-3LK72	GTEx	5	LightGBM	0.0161194671637424	0.0178796764833698	-0.00176020931962738
85	GTEX-Z9EW-0526-SM-5HL8S	GTEx	4	LightGBM	0.00531390764179752	0.0110652180949011	-0.00575131045310362
86	GTEX-XUZC-0426-SM-4BOPE	GTEx	2	LightGBM	0.00872231676702891	0.0119729081573555	-0.0032505913903266
87	GTEX-R55G-1026-SM-48FDI	GTEx	1	LightGBM	0.00866650684844777	0.0147868044131009	-0.00612029756465308
88	GTEX-R45C-1226-SM-48FEE	GTEx	3	LightGBM	0.0152947413204438	0.00698989636792383	0.00830484495251997
89	GTEX-12KS4-0926-SM-5BC5S	GTEx	4	LightGBM	0.00308257180779714	0.00776475712694504	-0.0046821853191479
90	GTEX-13N1W-0726-SM-5MR57	GTEx	2	LightGBM	0.0243743668340453	0.0107304603839329	0.0136439064501124
91	GTEX-XBED-0826-SM-47JYC	GTEx	1	LightGBM	0.0070570010709112	0.0169652584108422	-0.00990825733993103
92	GTEX-X4EP-0526-SM-3P5YW	GTEx	4	LightGBM	0.0114258535412768	0.00689399783696261	0.0045318557043142
93	GTEX-145MN-0926-SM-5NQBT	GTEx	1	LightGBM	0.0139961128664414	0.0145567540977753	-0.000560641231333921
94	GTEX-PLZ5-0726-SM-2I5F9	GTEx	3	LightGBM	0.00739966588126592	0.0178647937464267	-0.0104651278651608
95	GTEX-Y8E4-0526-SM-4V6GC	GTEx	5	LightGBM	0.0112870153232388	0.0164746459457438	-0.00518763062250504
96	GTEX-148VI-0226-SM-5RQKA	GTEx	5	LightGBM	0.0120418480409652	0.0100346667115922	0.00200718132937301
97	GTEX-OIZG-0526-SM-2HMLF	GTEx	3	LightGBM	0.0124904011867766	0.0090791583397681	0.0034112428470085
98	GTEX-UPK5-1126-SM-3GAEJ	GTEx	2	LightGBM	0.0176304228269635	0.0198767973388608	-0.00224637451189728
99	GTEX-13OVH-1026-SM-5J2NP	GTEx	3	LightGBM	0.00676975471300948	0.010017353542038	-0.00324759882902851
100	GTEX-13PL7-1726-SM-5J2NX	GTEx	2	LightGBM	0.0105719265640952	0.0212732266383756	-0.0107013000742804
101	GTEX-13G51-0426-SM-5K7Z5	GTEx	4	LightGBM	0.0142429226108618	0.0152401306029207	-0.000997207992058853
102	GTEX-13NYS-1626-SM-5J2MU	GTEx	5	LightGBM	0.0121641650756686	0.0149674230191239	-0.00280325794345534
103	GTEX-145LS-1226-SM-5Q5D9	GTEx	3	LightGBM	0.0355412924509868	0.0273002766431031	0.00824101580788366
104	GTEX-WK11-0526-SM-3NB3O	GTEx	2	LightGBM	0.00616728796589394	0.00762330345783391	-0.00145601549193997
105	GTEX-ZZPT-1326-SM-5E43H	GTEx	1	LightGBM	0.00411061603766355	0.0121828241242166	-0.00807220808655306
106	GTEX-13OVJ-0726-SM-5KM1W	GTEx	2	LightGBM	0.0180807888663879	0.021082618968472	-0.00300183010208415
107	GTEX-ZDXO-1326-SM-57WBS	GTEx	5	LightGBM	0.00748893773355633	0.00767992079309778	-0.000190983059541449
108	GTEX-131XE-0726-SM-5HL9K	GTEx	4	LightGBM	0.0162222099638025	0.0183985635181555	-0.00217635355435303
109	GTEX-O5YV-0526-SM-2I5GE	GTEx	3	LightGBM	0.0240197868542289	0.0183493179920827	0.00567046886214617
110	GTEX-117YX-1326-SM-5H125	GTEx	5	LightGBM	0.0087580145189799	0.00873169584060399	2.63186783759084e-05
111	GTEX-12WSI-0826-SM-5EGKD	GTEx	3	LightGBM	0.0188741193337936	0.0151019593603107	0.00377215997348285
112	GTEX-13O3P-1026-SM-5N9E7	GTEx	5	LightGBM	0.0136269501011647	0.00422218785643019	0.00940476224473451
113	GTEX-13U4I-1426-SM-5J2M3	GTEx	2	LightGBM	0.0328552729649927	0.0276142544132207	0.00524101855177204
114	GTEX-X261-1026-SM-3NMDL	GTEx	1	LightGBM	-0.00537283838384209	0.0148720907419347	-0.0202449291257768
115	GTEX-ZXG5-0826-SM-5GID6	GTEx	4	LightGBM	0.0163634096077135	0.0101920488756503	0.00617136073206323
116	GTEX-QDVN-0726-SM-4B64L	GTEx	1	LightGBM	0.0119717744162539	0.015872378291208	-0.00390060387495413
117	GTEX-ZF2S-0626-SM-4WKH2	GTEx	4	LightGBM	0.020555287611009	0.0255865959971888	-0.00503130838617975
118	GTEX-QMR6-1926-SM-32PL9	GTEx	5	LightGBM	0.0189407356639007	0.000652142625150647	0.0182885930387501
119	GTEX-133LE-0526-SM-5N9EJ	GTEx	5	LightGBM	0.00474603021740749	0.00534118240637087	-0.000595152188963383
120	GTEX-OXRO-0326-SM-33HBM	GTEx	4	LightGBM	0.00941241096710539	0.0110754444921604	-0.00166303352505498
121	GTEX-13O3Q-0526-SM-5KM18	GTEx	1	LightGBM	0.0106828793355851	0.0171220401721725	-0.00643916083658743
122	GTEX-QCQG-0326-SM-2I3ES	GTEx	4	LightGBM	0.00216912247881868	0.0101736416211275	-0.00800451914230884
123	GTEX-12WSD-0826-SM-5GCNE	GTEx	5	LightGBM	0.0173977264473905	0.0194204715610282	-0.00202274511363772
124	GTEX-13111-0426-SM-5DUXR	GTEx	3	LightGBM	0.0143335160000022	0.01556047746318	-0.00122696146317778
125	GTEX-13FHP-0726-SM-5K7YI	GTEx	5	LightGBM	0.0116836523377759	0.0154040042497944	-0.00372035191201851
126	GTEX-P78B-0926-SM-2I5FA	GTEx	1	LightGBM	0.0269395609235317	0.0172593715351297	0.00968018938840195
127	GTEX-13QBU-0726-SM-5J2OA	GTEx	2	LightGBM	0.0220862343814091	0.0230007931840096	-0.000914558802600524
128	GTEX-131YS-0926-SM-5IJB9	GTEx	3	LightGBM	0.00879290859684665	0.0136289350042032	-0.00483602640735651
129	GTEX-XMD2-1026-SM-4WWE8	GTEx	3	LightGBM	0.00758836212618729	0.0160126431758845	-0.00842428104969721
130	GTEX-11DXZ-0726-SM-5N9C4	GTEx	4	LightGBM	0.0312992283312473	0.0261648264838582	0.00513440184738912
131	GTEX-11NSD-0326-SM-5A5LS	GTEx	3	LightGBM	0.0124353803506219	0.015016565408862	-0.00258118505824007
132	GTEX-WZTO-0426-SM-3NM99	GTEx	1	LightGBM	0.0140505379556158	0.010378393150745	0.00367214480487081
133	GTEX-11O72-0326-SM-5986D	GTEx	4	LightGBM	0.00644165744977014	0.00398368674623065	0.00245797070353949
134	GTEX-11DZ1-0926-SM-5EQ5R	GTEx	2	LightGBM	0.00836668270637294	0.0074797587564211	0.000886923949951839
135	GTEX-WXYG-2526-SM-3NB3F	GTEx	1	LightGBM	0.00278108900230233	0.0019732074440926	0.000807881558209733
136	GTEX-VUSG-2626-SM-4KKZI	GTEx	1	LightGBM	0.0127886806903232	0.00610267396400574	0.00668600672631746
137	GTEX-13PVR-2526-SM-5RQIT	GTEx	4	LightGBM	0.00113330157734699	-0.00328668054355323	0.00441998212090022
138	GTEX-Z9EW-1726-SM-5CVMO	GTEx	2	LightGBM	-0.00224881103176748	0.000322038343127825	-0.00257084937489531
139	GTEX-11EMC-2626-SM-59864	GTEx	3	LightGBM	0.000712413843802223	0.00165530084111207	-0.000942886997309845
140	GTEX-13NZA-0526-SM-5L3D7	GTEx	2	LightGBM	0.00475239576346312	0.0117304972093229	-0.00697810144585975
141	GTEX-ZTPG-0126-SM-5O9AL	GTEx	4	LightGBM	0.00376029314888066	-0.00431634928961405	0.00807664243849471
142	GTEX-QEG5-0426-SM-2I5GJ	GTEx	3	LightGBM	0.0043865444287953	0.0117254084468144	-0.00733886401801913
143	GTEX-Q2AG-0426-SM-2S1PU	GTEx	4	LightGBM	0.00390171474158151	0.00451273143163837	-0.000611016690056861
144	GTEX-13PVQ-0326-SM-5K7YF	GTEx	4	LightGBM	0.00630772321014409	0.00461064136311811	0.00169708184702598
145	GTEX-1445S-0626-SM-5LU3C	GTEx	1	LightGBM	0.00667392660636042	-0.00046190112465779	0.00713582773101821
146	GTEX-12ZZY-0626-SM-5EQ5T	GTEx	2	LightGBM	0.0103989367954171	0.00935530473562735	0.00104363205978975
147	GTEX-OIZI-0626-SM-2XCEH	GTEx	1	LightGBM	0.00400520985288335	0.00543466182538074	-0.00142945197249739
148	GTEX-QDVN-2426-SM-2S1Q4	GTEx	5	LightGBM	0.000221624231814039	-0.00226636008135885	0.00248798431317289
149	GTEX-147F3-0226-SM-5NQBV	GTEx	5	LightGBM	-0.00578997088209092	0.00169739387506745	-0.00748736475715837
150	GTEX-QLQW-1326-SM-2S1QS	GTEx	1	LightGBM	0.0147059973056668	-0.00122467425353031	0.0159306715591971
151	GTEX-Y8E5-0326-SM-57WBM	GTEx	2	LightGBM	0.00739255098833405	0.00552732496789391	0.00186522602044014
152	GTEX-ZWKS-0326-SM-5NQ7G	GTEx	4	LightGBM	0.00721340448926171	0.00411805780164629	0.00309534668761542
153	GTEX-Y5V6-2626-SM-5IFIX	GTEx	3	LightGBM	0.00355381624958675	0.00239421067493026	0.00115960557465649
154	GTEX-X4XX-0626-SM-3NMC1	GTEx	5	LightGBM	0.00635849338397942	0.0127417180724564	-0.00638322468847699
155	GTEX-PWCY-2026-SM-5SI8R	GTEx	2	LightGBM	0.00161776113651014	0.00165141723990336	-3.36561033932232e-05
156	GTEX-QVUS-0226-SM-3GIJY	GTEx	2	LightGBM	-0.00064734989312122	0.00705752113537947	-0.00770487102850069
157	GTEX-SNMC-1426-SM-2XCFM	GTEx	1	LightGBM	0.00771465421718256	0.0046683965263174	0.00304625769086516
158	GTEX-11NSD-2026-SM-5HL5U	GTEx	3	LightGBM	-0.00296457322864699	-0.00622258850187176	0.00325801527322477
159	GTEX-139T8-0526-SM-5KLZL	GTEx	5	LightGBM	0.0172637784955398	0.0151872000307092	0.00207657846483063
160	GTEX-146FR-1726-SM-5Q5DT	GTEx	3	LightGBM	0.000635239129793528	0.0039777824010698	-0.00334254327127627
161	GTEX-13112-2626-SM-5BC66	GTEx	1	LightGBM	0.0134851784944037	0.0112810200770458	0.00220415841735795
162	GTEX-ZY6K-2026-SM-5GZXQ	GTEx	4	LightGBM	0.00799568395716744	0.00560082073043006	0.00239486322673738
163	GTEX-13FTZ-2226-SM-5LZXI	GTEx	3	LightGBM	0.0109945760873496	0.00759721096673287	0.00339736512061673
164	GTEX-11EQ9-2126-SM-5PNVW	GTEx	4	LightGBM	0.00156033249135368	0.00244986421511558	-0.000889531723761901
165	GTEX-11H98-0326-SM-5HL4S	GTEx	5	LightGBM	-0.000735149530985215	-0.00467620482391164	0.00394105529292642
166	GTEX-13W3W-2626-SM-5SIA2	GTEx	4	LightGBM	0.000250750000099564	0.00157187190867091	-0.00132112190857135
167	GTEX-X261-0326-SM-3NMD4	GTEx	5	LightGBM	0.000523568001283297	0.0102513457525259	-0.00972777775124264
168	GTEX-12WSM-0326-SM-5LZVI	GTEx	3	LightGBM	-0.00209751945355274	-0.00205592011170557	-4.15993418471715e-05
169	GTEX-117YX-2526-SM-5EQ4Q	GTEx	5	LightGBM	0.00515176630890014	0.00988554514687819	-0.00473377883797805
170	GTEX-13OW7-0326-SM-5J1MP	GTEx	3	LightGBM	0.0079465008310266	-0.000943016037049892	0.00888951686807649
171	GTEX-132Q8-0626-SM-5L3F3	GTEx	3	LightGBM	0.00625229705927962	0.00508925071945456	0.00116304633982506
172	GTEX-145MH-0326-SM-5LU8H	GTEx	5	LightGBM	0.0107377648436049	0.0126496564614434	-0.00191189161783848
173	GTEX-13O1R-0526-SM-5K7XU	GTEx	5	LightGBM	0.0106617715789717	0.0137635822179103	-0.00310181063893859
174	GTEX-XGQ4-2326-SM-4AT53	GTEx	1	LightGBM	0.0241905458674435	0.00985295754536159	0.0143375883220819
175	GTEX-1313W-0526-SM-5P9FZ	GTEx	2	LightGBM	0.00460698833034574	0.00889037065888732	-0.00428338232854158
176	GTEX-Z93S-1626-SM-5CVMB	GTEx	4	LightGBM	0.0180712948236548	0.0165003875810358	0.00157090724261897
177	GTEX-11NSD-0626-SM-5A5LU	GTEx	1	LightGBM	0.0105294952247708	0.00773771398989888	0.00279178123487192
178	GTEX-12KS4-2126-SM-5FQUT	GTEx	1	LightGBM	0.0254881660968798	0.0200272389283895	0.00546092716849031
179	GTEX-ZZPU-0826-SM-5GZX5	GTEx	3	LightGBM	-0.000730118858853501	0.00351592831359784	-0.00424604717245134
180	GTEX-XYKS-1426-SM-4BRUO	GTEx	1	LightGBM	0.0230075731703538	0.0218190700388796	0.00118850313147425
181	GTEX-ZVTK-0226-SM-51MRG	GTEx	2	LightGBM	0.0515759032956955	0.0253869550148396	0.0261889482808559
182	GTEX-Y3IK-1626-SM-4YCF5	GTEx	4	LightGBM	-0.00663751712357423	-0.00077982956295622	-0.00585768756061801
183	GTEX-13OVJ-0826-SM-5J1OK	GTEx	4	LightGBM	0.00432952205599183	0.00663401779158495	-0.00230449573559312
184	GTEX-ZT9W-1126-SM-57WDR	GTEx	1	LightGBM	0.00751014550609055	-0.00053723511945081	0.00804738062554136
185	GTEX-11ZUS-2626-SM-5FQUR	GTEx	2	LightGBM	0.00719702819610478	0.0142720846854621	-0.00707505648935731
186	GTEX-14B4R-1326-SM-5Q5EZ	GTEx	2	LightGBM	0.00773613254375144	0.00666175626208086	0.00107437628167058
187	GTEX-13FTW-0326-SM-5K7UW	GTEx	3	LightGBM	0.0112075067557845	0.00866462223140305	0.00254288452438144
188	GTEX-ZF2S-1626-SM-57WES	GTEx	4	LightGBM	0.0151589466963379	0.00427369982193948	0.0108852468743984
189	GTEX-11O72-0626-SM-5PNYE	GTEx	3	LightGBM	0.0205002009815907	0.00862473093469094	0.0118754700468998
190	GTEX-11TUW-0626-SM-5LU9M	GTEx	1	LightGBM	0.00672418556781181	0.0102463222541918	-0.00352213668637997
191	GTEX-ZVP2-0326-SM-57WBP	GTEx	4	LightGBM	0.00277688637596244	0.00622224575030857	-0.00344535937434613
192	GTEX-146FQ-2126-SM-5RQHU	GTEx	5	LightGBM	0.00753198264054548	0.0143674771895341	-0.00683549454898866
193	GTEX-132AR-0326-SM-5KM2C	GTEx	4	LightGBM	0.011595428344127	0.0124287806871694	-0.000833352343042435
194	GTEX-1314G-1326-SM-5BC6E	GTEx	2	LightGBM	0.0256147830351766	0.0223260735767941	0.00328870945838253
195	GTEX-11VI4-1126-SM-5EQMD	GTEx	3	LightGBM	-0.000362481309181288	0.00806228381050405	-0.00842476511968534
196	GTEX-12ZZZ-0726-SM-5GCNZ	GTEx	1	LightGBM	-0.000161512385575791	0.00697102482109686	-0.00713253720667265
197	GTEX-ZAB4-2126-SM-5HL8U	GTEx	5	LightGBM	0.00114510480541175	0.00714685239342557	-0.00600174758801382
198	GTEX-13VXT-1926-SM-5K7UO	GTEx	2	LightGBM	0.00339089876783479	0.00737681805419648	-0.00398591928636169
199	GTEX-13NZ9-2626-SM-5L3FK	GTEx	3	LightGBM	0.0188944166447034	0.0111200727620864	0.00777434388261696
200	GTEX-148VJ-0626-SM-5LUAW	GTEx	2	LightGBM	-0.00640972691512602	-0.00194606929436772	-0.0044636576207583
201	GTEX-145MI-0626-SM-5SI8S	GTEx	4	LightGBM	-0.00234031608359395	0.00678908957250244	-0.00912940565609639
202	GTEX-13PL6-1126-SM-5L3IE	GTEx	1	LightGBM	0.00571264048098283	0.00479750949627453	0.000915130984708304
203	GTEX-13U4I-2226-SM-5LU5H	GTEx	2	LightGBM	0.00863897289704031	0.0100707474191338	-0.00143177452209345
204	GTEX-11DXX-2126-SM-5PNYR	GTEx	5	LightGBM	0.00639943658665876	0.00789143521314956	-0.0014919986264908
205	GTEX-WYVS-1626-SM-3NM9R	GTEx	4	LightGBM	0.0259133231194984	0.0237120587526418	0.00220126436685661
206	GTEX-11DZ1-2426-SM-5GZZX	GTEx	4	LightGBM	0.0196590712639255	0.0280666832001755	-0.00840761193625001
207	GTEX-111FC-2526-SM-5GZXU	GTEx	3	LightGBM	0.0140173492859886	0.0105358206928827	0.00348152859310588
208	GTEX-11ZTT-2126-SM-5CVLO	GTEx	2	LightGBM	0.00600141491895408	0.00693052513911567	-0.000929110220161591
209	GTEX-WH7G-2026-SM-3NMBL	GTEx	4	LightGBM	0.0113588465563572	0.0160553828860211	-0.00469653632966392
210	GTEX-XOT4-0626-SM-4B66L	GTEx	3	LightGBM	0.0331141269877343	0.019654149252883	0.0134599777348513
211	GTEX-YB5K-2026-SM-4VDT3	GTEx	5	LightGBM	0.0077918662398026	0.00276512317249	0.0050267430673126
212	GTEX-ZYW4-0626-SM-59HJR	GTEx	5	LightGBM	0.0105974052183548	0.0126944051349484	-0.00209699991659362
213	GTEX-1192X-2726-SM-5N9DN	GTEx	4	LightGBM	-1.97132346739636e-05	0.00543249063650828	-0.00545220387118224
214	GTEX-ZYFC-0426-SM-5GICQ	GTEx	1	LightGBM	0.00663933286505254	0.00626519023472824	0.000374142630324295
215	GTEX-111YS-1526-SM-5GZYW	GTEx	5	LightGBM	-0.00619408259841043	0.0050534092940964	-0.0112474918925068
216	GTEX-11NUK-2726-SM-5A5MC	GTEx	4	LightGBM	0.0147185291464926	0.011918911993734	0.00279961715275865
217	GTEX-11EQ8-0926-SM-5H12V	GTEx	5	LightGBM	0.015295551827111	0.00856620255228811	0.00672934927482289
218	GTEX-139TT-2126-SM-5LZWC	GTEx	5	LightGBM	0.0160383620557222	0.0202826550437096	-0.00424429298798741
219	GTEX-X8HC-0626-SM-4E3HQ	GTEx	5	LightGBM	0.00422864110151939	0.0132880727677232	-0.00905943166620378
220	GTEX-ZF29-0926-SM-4WKFZ	GTEx	3	LightGBM	0.000771134558748204	0.00203252988257286	-0.00126139532382466
221	GTEX-YFCO-1226-SM-5LUAT	GTEx	2	LightGBM	0.00789350560693909	0.0220759786190982	-0.0141824730121591
222	GTEX-13O3O-2326-SM-5IJD6	GTEx	2	LightGBM	0.0131460714537525	0.0158917036791292	-0.00274563222537672
223	GTEX-139UW-2826-SM-5L3E7	GTEx	3	LightGBM	0.00472620582317281	0.0096994555426636	-0.00497324971949079
224	GTEX-S95S-1226-SM-4GICG	GTEx	2	LightGBM	0.0171046763696458	0.0157007664286164	0.00140390994102937
225	GTEX-11GSP-2526-SM-5N9BP	GTEx	4	LightGBM	0.0154777774930284	0.0130264660144544	0.00245131147857396
226	GTEX-13O1R-0126-SM-5L3EH	GTEx	5	LightGBM	0.0118663204318245	0.014305205458008	-0.00243888502618353
227	GTEX-1212Z-2526-SM-5EGKP	GTEx	3	LightGBM	0.015991558636314	0.0105257993831132	0.0054657592532008
228	GTEX-14C5O-0126-SM-5SI6N	GTEx	5	LightGBM	0.0130101357442527	0.0116278330142622	0.00138230272999053
229	GTEX-OXRK-0226-SM-3NB2G	GTEx	2	LightGBM	0.0111307158134535	0.0118644864068732	-0.000733770593419678
230	GTEX-1211K-2026-SM-5EQ4Z	GTEx	2	LightGBM	-0.00150449799199978	0.00103069623328419	-0.00253519422528397
231	GTEX-XPVG-2626-SM-4B669	GTEx	5	LightGBM	0.0219690272086923	0.0122222844694972	0.0097467427391951
232	GTEX-XQ3S-1526-SM-4BOOC	GTEx	3	LightGBM	0.00541269504198422	0.00461593649895264	0.000796758543031584
233	GTEX-QESD-1426-SM-2S1R9	GTEx	2	LightGBM	0.0187517532809498	0.012358707615785	0.00639304566516485
234	GTEX-U3ZM-1526-SM-3DB9D	GTEx	5	LightGBM	-0.00455654950764839	0.00256300313213872	-0.00711955263978711
235	GTEX-TMMY-0226-SM-33HBA	GTEx	5	LightGBM	0.0167874305268046	0.0131316082895772	0.00365582223722736
236	GTEX-139T4-0226-SM-5HL5S	GTEx	5	LightGBM	0.018808690437712	0.0178790101898554	0.000929680247856578
237	GTEX-ZGAY-0526-SM-4WWBB	GTEx	2	LightGBM	0.00272645523055595	0.00196234107778113	0.000764114152774818
238	GTEX-OXRP-0126-SM-3NB32	GTEx	5	LightGBM	0.0132903027753187	0.0175382309412216	-0.00424792816590286
239	GTEX-145MO-0326-SM-5Q5B3	GTEx	5	LightGBM	0.00396016678823464	0.00665222902291769	-0.00269206223468305
240	GTEX-13RTJ-2426-SM-5S2Q2	GTEx	2	LightGBM	0.00521339905118615	0.00356986412876965	0.0016435349224165
241	GTEX-RUSQ-1526-SM-2TF62	GTEx	2	LightGBM	0.0131456937192532	0.00943554315148418	0.00371015056776902
242	GTEX-QLQW-1126-SM-2S1Q8	GTEx	1	LightGBM	0.0166089524716009	0.0114075564603711	0.00520139601122985
243	GTEX-145MN-2226-SM-5SIAU	GTEx	3	LightGBM	-0.00419594881407258	0.00295053067623315	-0.00714647949030573
244	GTEX-ZYY3-0126-SM-5GZY5	GTEx	3	LightGBM	0.0110501717890092	0.00834887646882826	0.00270129532018094
245	GTEX-146FQ-0126-SM-5NQA9	GTEx	4	LightGBM	-0.000100241848700167	0.00461295958918566	-0.00471320143788583
246	GTEX-Y8DK-0126-SM-4TT3L	GTEx	1	LightGBM	0.0220327151816148	0.0191441620044632	0.00288855317715163
247	GTEX-XBED-2226-SM-47JYQ	GTEx	4	LightGBM	0.00196301693766633	0.00882603062384982	-0.00686301368618349
248	GTEX-P4PP-0126-SM-3LK69	GTEx	1	LightGBM	0.00998147092729173	0.0073050524918484	0.00267641843544333
249	GTEX-12WSL-2526-SM-5GCNJ	GTEx	2	LightGBM	-0.00301645832386241	0.0029955139491139	-0.00601197227297631
250	GTEX-ZF2S-2326-SM-4WWCE	GTEx	4	LightGBM	0.0164626284484373	0.00885362754485089	0.00760900090358641
251	GTEX-13FTY-0526-SM-5L3EV	GTEx	1	LightGBM	0.0139117075240547	0.014011002494767	-9.92949707122517e-05
252	GTEX-ZYW4-0126-SM-5E44A	GTEx	2	LightGBM	-0.000266886912839277	0.00799412971490327	-0.00826101662774254
253	GTEX-P4PQ-0126-SM-2S1NM	GTEx	2	LightGBM	0.00268225543104698	0.00459541488372803	-0.00191315945268105
254	GTEX-QCQG-1726-SM-3GIJ9	GTEx	4	LightGBM	0.0157783397119906	0.00735844360243882	0.00841989610955178
255	GTEX-145MI-0526-SM-5O9A8	GTEx	5	LightGBM	0.0091727766037487	0.00890320447426145	0.000269572129487253
256	GTEX-11P82-1626-SM-59879	GTEx	1	LightGBM	-0.00463594566646886	-0.00373085837861484	-0.000905087287854019
257	GTEX-UJHI-1526-SM-3DB99	GTEx	5	LightGBM	-0.00178653646135979	0.00287544955664904	-0.00466198601800883
258	GTEX-RU72-0926-SM-2TF6B	GTEx	3	LightGBM	0.0191817308101476	0.00843371263710575	0.0107480181730418
259	GTEX-11GS4-2726-SM-5A5LE	GTEx	1	LightGBM	0.00700449180873121	0.016836519524448	-0.00983202771571677
260	GTEX-1399T-2826-SM-5KLYZ	GTEx	1	LightGBM	0.0209634163336252	0.0180244070661521	0.00293900926747314
261	GTEX-OHPL-0126-SM-2HMJ7	GTEx	3	LightGBM	0.010996021928284	0.0167071410030243	-0.00571111907474026
262	GTEX-OIZH-0126-SM-2HMIS	GTEx	2	LightGBM	0.00518450519663609	0.00607222451151351	-0.000887719314877424
263	GTEX-13OVG-1926-SM-5L3DK	GTEx	1	LightGBM	0.00673395457608462	0.00128191366801486	0.00545204090806975
264	GTEX-RWS6-2026-SM-2XCB5	GTEx	4	LightGBM	0.00411818240846419	0.00383905600020998	0.000279126408254213
265	GTEX-145LT-1726-SM-5QGP3	GTEx	2	LightGBM	0.0120749245371001	0.0131782092660837	-0.00110328472898359
266	GTEX-ZC5H-0226-SM-4WAY9	GTEx	1	LightGBM	0.0202965540069317	0.0203489848507832	-5.24308438515329e-05
267	GTEX-14A6H-0126-SM-5QGPK	GTEx	5	LightGBM	-0.00100631344889809	0.00719787687109259	-0.00820419031999068
268	GSM1973958	ADMSC	2	LightGBM	0.270504884247441	0.28167966999338	-0.0111747857459388
269	GSM1973959	ADMSC	2	LightGBM	0.287943448782629	0.285480059268364	0.00246338951426545
270	GSM1973960	ADMSC	4	LightGBM	0.281537328816867	0.29498769447111	-0.013450365654243
271	GSM1973961	ADMSC	5	LightGBM	0.297520993589465	0.296615205716852	0.000905787872613195
272	GSM1973962	ADMSC	2	LightGBM	0.302467423727703	0.285276905047277	0.017190518680426
273	GSM1973963	ADMSC	3	LightGBM	0.30303188043157	0.287904694855354	0.0151271855762163
274	GSM6169153	ADMSC	1	LightGBM	0.316668874179533	0.33610090767205	-0.0194320334925167
275	GSM6169155	ADMSC	4	LightGBM	0.267053720759631	0.287753498865948	-0.0206997781063168
276	GSM6169156	ADMSC	3	LightGBM	0.271492843743465	0.260050262533575	0.0114425812098901
277	GSM6169158	ADMSC	2	LightGBM	0.297034164668481	0.293088523046479	0.00394564162200212
278	GSM6169159	ADMSC	1	LightGBM	0.303896661827951	0.262855773383505	0.041040888444446
279	GSM6169161	ADMSC	1	LightGBM	0.325227307928437	0.28007609910058	0.0451512088278571
280	GSM6169162	ADMSC	2	LightGBM	0.407780931854239	0.372417550504148	0.0353633813500915
281	GSM6169164	ADMSC	4	LightGBM	0.300493260251	0.285955373712244	0.0145378865387563
282	GSM6169165	ADMSC	1	LightGBM	0.347455063162342	0.337180985668877	0.0102740774934653
283	GSM6169167	ADMSC	2	LightGBM	0.278754454075398	0.289883535219937	-0.0111290811445388
284	GSM6169168	ADMSC	2	LightGBM	0.312367517970769	0.278938825012182	0.0334286929585872
285	GSM4128688	BMSC	2	LightGBM	0.313262234012003	0.2927179963232	0.0205442376888033
286	GSM4128689	BMSC	4	LightGBM	0.288452269400646	0.290132554512544	-0.00168028511189816
287	GSM4128690	BMSC	2	LightGBM	0.32786937733333	0.280258440879473	0.0476109364538566
288	GSM4128691	BMSC	3	LightGBM	0.25493823843683	0.215306487618879	0.0396317508179511
289	GSM4128692	BMSC	4	LightGBM	0.355330988110296	0.320180060276204	0.0351509278340923
290	GSM4128693	BMSC	1	LightGBM	0.326262282487962	0.309075467490456	0.0171868149975062
291	GSM4128694	BMSC	5	LightGBM	0.297743000862305	0.253692969663507	0.0440500311987983
292	GSM4128695	BMSC	4	LightGBM	0.270259317470327	0.266407264508919	0.00385205296140845
293	GSM4128696	BMSC	1	LightGBM	0.378451545886922	0.368908058675709	0.00954348721121329
294	GSM4128697	BMSC	1	LightGBM	0.347966609228187	0.279497608535628	0.0684690006925591
295	GSM4128698	BMSC	3	LightGBM	0.400789737425506	0.38148474776599	0.0193049896595162
296	GSM4128699	BMSC	4	LightGBM	0.416911456082187	0.388544553199156	0.0283669028830309
297	GSM4128700	BMSC	2	LightGBM	0.344299445244229	0.343100224651853	0.0011992205923757
298	GSM4128701	BMSC	2	LightGBM	0.386137526512896	0.387376422255409	-0.00123889574251251
299	GSM4128702	BMSC	5	LightGBM	0.362865053263312	0.359805141995351	0.00305991126796079
300	GSM4128703	BMSC	5	LightGBM	0.355858065284059	0.373841490763766	-0.0179834254797073
301	GSM4128704	BMSC	1	LightGBM	0.39915850665082	0.355097015868105	0.0440614907827147
302	GSM4128705	BMSC	1	LightGBM	0.383379053311263	0.365097309310393	0.0182817440008697
303	GSM4128706	BMSC	1	LightGBM	0.40416208947984	0.395130633498528	0.00903145598131233
304	GSM4128707	BMSC	3	LightGBM	0.400924385472255	0.408105030252183	-0.00718064477992819
305	GSM4128708	BMSC	5	LightGBM	0.385272230769154	0.38707380902191	-0.00180157825275634
306	GSM4128709	BMSC	1	LightGBM	0.368728357135386	0.36411946322728	0.00460889390810593
307	GSM4128710	BMSC	5	LightGBM	0.360168241988483	0.335044583728174	0.0251236582603088
308	GSM4128711	BMSC	2	LightGBM	0.416759968854698	0.399978549194248	0.0167814196604496
309	GSM4128712	BMSC	5	LightGBM	0.354329093644955	0.360846725954284	-0.00651763230932911
310	GSM4128713	BMSC	5	LightGBM	0.406866106863147	0.370499888634795	0.0363662182283518
311	GSM4128714	BMSC	1	LightGBM	0.335647697858022	0.33587205852159	-0.000224360663568346
312	GSM4128715	BMSC	4	LightGBM	0.391217767394405	0.384313695487998	0.00690407190640702
313	GSM4128716	BMSC	3	LightGBM	0.362913427983746	0.365634411681885	-0.00272098369813945
314	GSM4128717	BMSC	5	LightGBM	0.402003850564935	0.409818957944025	-0.00781510737909041
315	GSM4128718	BMSC	5	LightGBM	0.366978472880817	0.387141194906354	-0.0201627220255367
316	GSM4128719	BMSC	1	LightGBM	0.321505014104603	0.29607756450384	0.0254274496007633
317	GSM4128720	BMSC	4	LightGBM	0.290412766243126	0.316271452026505	-0.0258586857833786
318	GSM4128721	BMSC	3	LightGBM	0.405892665914299	0.393476952528516	0.0124157133857834
319	GSM4128722	BMSC	4	LightGBM	0.364604800071522	0.368799305961782	-0.00419450589025994
320	GSM4128723	BMSC	5	LightGBM	0.409558532862735	0.356756652254995	0.0528018806077401
321	GSM4128724	BMSC	5	LightGBM	0.353309082708021	0.350711098797771	0.0025979839102504
322	GSM4128725	BMSC	3	LightGBM	0.373170496266809	0.319713958804097	0.0534565374627123
323	GSM4128726	BMSC	2	LightGBM	0.329130637736469	0.322632902924085	0.00649773481238397
324	GSM4128727	BMSC	4	LightGBM	0.357865111534381	0.355322568116992	0.00254254341738935
325	GSM5393142	BMSC	5	LightGBM	0.277298505885209	0.352109069084066	-0.0748105631988571
326	GSM5393143	BMSC	2	LightGBM	0.392339974849033	0.3728517019773	0.0194882728717328
327	GSM5393144	BMSC	1	LightGBM	0.279878534014428	0.306445667393896	-0.0265671333794675
328	GSM5393145	BMSC	3	LightGBM	0.367686051259084	0.350430551281301	0.0172554999777827
329	GSM5393146	BMSC	4	LightGBM	0.334677757123189	0.320281519385547	0.0143962377376424
330	GSM5393147	BMSC	4	LightGBM	0.331469513671771	0.306621175478003	0.0248483381937682
331	GSM5393148	BMSC	2	LightGBM	0.343100266929092	0.343415501565675	-0.00031523463658345
332	GSM5393149	BMSC	3	LightGBM	0.256905871131922	0.293672076241064	-0.0367662051091423
333	GSM5393150	BMSC	5	LightGBM	0.30800367205266	0.269058280485683	0.0389453915669772
334	GSM5393151	BMSC	1	LightGBM	0.0782799798071849	0.105059647266817	-0.0267796674596324
335	GSM5393152	BMSC	1	LightGBM	0.063499437491477	0.0871531380247489	-0.0236537005332719
336	GSM5393153	BMSC	2	LightGBM	0.0675000056899039	0.0671108682311841	0.000389137458719754
337	GSM5393154	BMSC	1	LightGBM	0.0637267921687037	0.0947881863868893	-0.0310613942181856
338	GSM5393155	BMSC	4	LightGBM	0.0637012569967374	0.069688288673449	-0.00598703167671165
339	GSM5393156	BMSC	1	LightGBM	0.0700258975231479	0.0888630829030086	-0.0188371853798607
340	GSM5393157	BMSC	3	LightGBM	0.131398033685134	0.120902839554882	0.0104951941302523
341	GSM5393158	BMSC	1	LightGBM	0.0645435648605577	0.0871531380247489	-0.0226095731641912
342	GSM5393159	BMSC	5	LightGBM	0.0634189632319333	0.0697880314546532	-0.00636906822271993
343	GSM4072651	BMSC	3	LightGBM	0.205360735230944	0.225507196655892	-0.0201464614249481
344	GSM4072652	BMSC	4	LightGBM	0.183583644020664	0.205941431813338	-0.0223577877926739
345	GSM4072653	BMSC	2	LightGBM	0.199118147643225	0.231106865100936	-0.0319887174577112
346	GSM4072654	BMSC	4	LightGBM	0.221701238310308	0.265299587786654	-0.0435983494763463
347	GSM4072655	BMSC	4	LightGBM	0.26687405791491	0.258216527822138	0.00865753009277193
348	GSM4072656	BMSC	3	LightGBM	0.212458893527763	0.251947760091336	-0.0394888665635726
349	GSM4072657	BMSC	5	LightGBM	0.199625728857531	0.219787554294301	-0.0201618254367698
350	GSM4072658	BMSC	5	LightGBM	0.187134272899926	0.24491397310663	-0.0577797002067043
351	GSM4072659	BMSC	4	LightGBM	0.241783812519351	0.242892059207239	-0.00110824668788823
352	GSM4072660	BMSC	5	LightGBM	0.272545586909225	0.288481841084099	-0.0159362541748739
353	GSM4072661	BMSC	4	LightGBM	0.216780941928465	0.258427108951805	-0.0416461670233398
354	GSM4072662	BMSC	2	LightGBM	0.246571409600757	0.257644611676962	-0.0110732020762054
355	GSM4072663	BMSC	3	LightGBM	0.2176892750063	0.246358705670432	-0.0286694306641317
356	GSM4072664	BMSC	2	LightGBM	0.233035435552488	0.282899559205611	-0.0498641236531233
357	GSM4072665	BMSC	5	LightGBM	0.231615121418252	0.215024952441084	0.0165901689771681
358	GSM4072666	BMSC	3	LightGBM	0.223923226499767	0.214695572975962	0.00922765352380475
359	GSM4072667	BMSC	3	LightGBM	0.248426299629143	0.275677228820276	-0.0272509291911334
360	GSM4072668	BMSC	2	LightGBM	0.199352743051659	0.20047109609046	-0.0011183530388009
361	GSM3167292	HSC	1	LightGBM	0.429889912453648	0.480565852010966	-0.0506759395573184
362	GSM3167321	HSC	5	LightGBM	0.49585524483153	0.455639601994479	0.0402156428370513
363	GSM3167324	HSC	2	LightGBM	0.458393313975598	0.48146904782345	-0.0230757338478518
364	GSM3167327	HSC	4	LightGBM	0.379156072865639	0.362008226568691	0.0171478462969475
365	GSM3167340	HSC	4	LightGBM	0.492601380780526	0.474116577898492	0.0184848028820336
366	GSM3167351	HSC	5	LightGBM	0.511046692982949	0.467386916887857	0.0436597760950915
367	GSM3167354	HSC	5	LightGBM	0.347093061549597	0.340888067195091	0.00620499435450561
368	GSM3167361	HSC	3	LightGBM	0.466802687503331	0.477308334286039	-0.0105056467827082
369	GSM3190036	HSC	3	LightGBM	0.199745176512254	0.227900936179489	-0.028155759667235
370	GSM3190038	HSC	2	LightGBM	0.234489732238723	0.191036989445303	0.0434527427934199
371	GSM3190039	HSC	2	LightGBM	0.184355470317571	0.155358783510392	0.0289966868071787
372	GSM3190040	HSC	3	LightGBM	0.18816554900722	0.231825995290127	-0.0436604462829073
373	GSM3190041	HSC	5	LightGBM	0.137610334662559	0.148401872585888	-0.0107915379233291
374	GSM3190046	HSC	3	LightGBM	0.271204800059489	0.209767871746291	0.0614369283131982
375	GSM3190049	HSC	5	LightGBM	0.167886757992009	0.195965979776096	-0.0280792217840867
376	GSM3190055	HSC	5	LightGBM	0.100236878548708	0.166488092681754	-0.066251214133046
377	GSM3190056	HSC	1	LightGBM	0.183186710610939	0.191369661266865	-0.00818295065592614
378	GSM3190058	HSC	3	LightGBM	0.11323297052193	0.185993606145078	-0.0727606356231477
379	GSM3190059	HSC	1	LightGBM	0.178208850913506	0.141508725414037	0.0367001254994694
380	GSM3190066	HSC	4	LightGBM	0.129899208880307	0.151960935753825	-0.0220617268735183
381	GSM3190068	HSC	2	LightGBM	0.137859188250593	0.11485461721826	0.023004571032333
382	GSM3190073	HSC	3	LightGBM	0.115531051437697	0.12154083482104	-0.00600978338334331
383	GSM2797287_Sample_56677	HSC	2	LightGBM	0.386087493448461	0.375135354598942	0.0109521388495193
384	GSM2797288_Sample_56678	HSC	5	LightGBM	0.47584022968276	0.476098101327373	-0.000257871644613161
385	GSM2797289_Sample_56996	HSC	3	LightGBM	0.324975863845148	0.390639540233325	-0.0656636763881767
386	GSM2797290_Sample_57009	HSC	5	LightGBM	0.505000424996107	0.522748808485526	-0.0177483834894189
387	GSM2797291_Sample_56997	HSC	2	LightGBM	0.505378003715339	0.535386941756608	-0.0300089380412693
388	GSM2797292_Sample_57010	HSC	2	LightGBM	0.434517841564355	0.321082043949471	0.113435797614884
389	GSM2797293_Sample_69598	HSC	5	LightGBM	0.605762013708003	0.620681608555092	-0.0149195948470892
390	GSM2797294_Sample_57005	HSC	1	LightGBM	0.502608556654359	0.415975780735879	0.0866327759184804
391	GSM2797295_Sample_69599	HSC	3	LightGBM	0.576649355864428	0.530181903922832	0.0464674519415964
392	GSM2797296_Sample_57008	HSC	5	LightGBM	0.339895297843669	0.378425784279158	-0.0385304864354887
393	GSM2797297_Sample_57000	HSC	4	LightGBM	0.489275456345292	0.509303872630791	-0.0200284162854993
394	GSM2797298_Sample_57004	HSC	5	LightGBM	0.545342607361435	0.536129246552742	0.00921336080869295
395	GSM2797299_Sample_69596	HSC	4	LightGBM	0.514048177241784	0.517793629790328	-0.00374545254854419
396	GSM2797300_Sample_57002	HSC	1	LightGBM	0.54537708207458	0.56248214638762	-0.0171050643130402
397	GSM2797301_Sample_57003	HSC	4	LightGBM	0.617115152500872	0.525996804887575	0.0911183476132972
398	GSM2797302_Sample_56682	HSC	1	LightGBM	0.638789625103946	0.61312187603083	0.0256677490731161
399	GSM2797303_Sample_69600	HSC	3	LightGBM	0.453390086001123	0.395385073529328	0.0580050124717947
400	GSM2797304_Sample_57001	HSC	1	LightGBM	0.522254473692039	0.521249314640121	0.00100515905191789
401	GSM2797305_Sample_56683	HSC	4	LightGBM	0.600914927610423	0.581269454543148	0.0196454730672748
402	GSM2797306_Sample_69597	HSC	3	LightGBM	0.44170349523344	0.429000361489802	0.0127031337436379
403	GSM4432248	PGC	2	LightGBM	0.48456129175439	0.506040109292095	-0.0214788175377048
404	GSM4432249	PGC	2	LightGBM	0.473225838049702	0.51284040803161	-0.0396145699819084
405	GSM4432250	PGC	1	LightGBM	0.494281667898842	0.528033008479883	-0.0337513405810409
406	GSM4432281	PGC	1	LightGBM	0.521366849431456	0.614185945491939	-0.0928190960604829
407	GSM4432282	PGC	3	LightGBM	0.53733143140349	0.583070095341136	-0.0457386639376461
408	D3.5_1_Base_Media_NANOGPos	PGC	2	LightGBM	0.71510418546582	0.735842609725643	-0.0207384242598232
409	D3.5_2_Base_Media_NANOGPos	PGC	1	LightGBM	0.7251901904738	0.706390938851986	0.018799251621814
410	D3.5_3_Base_Media_NANOGPos	PGC	4	LightGBM	0.680585259032092	0.708362218359413	-0.0277769593273209
411	D3.5_1_XAV_NANOGPos	PGC	4	LightGBM	0.699299659528012	0.72437237891485	-0.0250727193868383
412	D3.5_2_XAV_NANOGPos	PGC	3	LightGBM	0.707216820936255	0.677631661599989	0.0295851593362664
413	D3.5_3_XAV_NANOGPos	PGC	2	LightGBM	0.692324338549333	0.623178475139157	0.0691458634101757
414	GSM1466233	PGC	5	LightGBM	0.539130481367509	0.577510544154314	-0.0383800627868048
415	GSM1466234	PGC	1	LightGBM	0.592815372995823	0.553959352820214	0.0388560201756086
416	GSM1466241	PGC	5	LightGBM	0.555193342237168	0.52516659010727	0.0300267521298977
417	GSM1466242	PGC	5	LightGBM	0.628944772333105	0.523557708869115	0.10538706346399
418	GSM2099959	iPSC	5	LightGBM	0.870091441418715	0.890211646142292	-0.0201202047235768
419	GSM2099960	iPSC	1	LightGBM	0.915371778470158	0.906428409827284	0.00894336864287448
420	GSM2099961	iPSC	4	LightGBM	0.893901424987723	0.892156264673345	0.00174516031437799
421	GSM2099962	iPSC	4	LightGBM	0.951966410811127	0.950225966424259	0.00174044438686749
422	GSM2099963	iPSC	5	LightGBM	0.935709600653837	0.928609017396466	0.00710058325737084
423	GSM2099964	iPSC	5	LightGBM	0.945589181899234	0.931753916280565	0.0138352656186685
424	GSM2099965	iPSC	4	LightGBM	0.97030791804554	0.957011307983303	0.013296610062237
425	GSM2099966	iPSC	1	LightGBM	0.97343549570509	0.959644125612678	0.0137913700924123
426	GSM2099967	iPSC	3	LightGBM	0.942665655249719	0.949079074061433	-0.00641341881171376
427	GSM2099968	iPSC	4	LightGBM	0.914043969223779	0.918022848601982	-0.00397887937820329
428	GSM2099969	iPSC	1	LightGBM	0.911195280155619	0.9171081079261	-0.00591282777048052
429	GSM2099970	iPSC	1	LightGBM	0.921733091409548	0.917906322829931	0.00382676857961695
430	GSM2099971	iPSC	4	LightGBM	0.922827780669495	0.918822937254664	0.00400484341483065
431	GSM2099972	iPSC	4	LightGBM	0.919506377436206	0.917850229815248	0.00165614762095767
432	GSM2099973	iPSC	1	LightGBM	0.912881776599697	0.910831100107247	0.00205067649244972
433	GSM2099974	iPSC	4	LightGBM	0.902140144603808	0.909274053104299	-0.00713390850049056
434	GSM2099975	iPSC	1	LightGBM	0.922948873252694	0.920684739371996	0.00226413388069813
435	GSM2099976	iPSC	1	LightGBM	0.955868499623622	0.951756174114305	0.00411232550931673
436	GSM2099977	iPSC	5	LightGBM	0.941294492447	0.942925591001294	-0.00163109855429422
437	GSM2099978	iPSC	2	LightGBM	0.965921345172109	0.959008418877391	0.00691292629471818
438	GSM2099979	iPSC	3	LightGBM	0.955927423099093	0.957752789087149	-0.00182536598805572
439	GSM2099980	iPSC	1	LightGBM	0.958547906621076	0.954621704241441	0.00392620237963548
440	GSM2099981	iPSC	2	LightGBM	0.948968358180746	0.95048714035403	-0.00151878217328438
441	GSM2099982	iPSC	5	LightGBM	0.934303148233143	0.946324753665695	-0.0120216054325517
442	GSM2099983	iPSC	3	LightGBM	0.941931112394717	0.946291594794917	-0.00436048240019948
443	GSM2099984	iPSC	4	LightGBM	0.94826492819648	0.951716183417887	-0.00345125522140666
444	GSM2099985	iPSC	1	LightGBM	0.939349105441007	0.934634185795932	0.00471491964507476
445	GSM2099986	iPSC	5	LightGBM	0.956490579920676	0.958153024844078	-0.00166244492340217
446	GSM2099987	iPSC	3	LightGBM	0.921089175322913	0.919483692780068	0.00160548254284509
447	GSM2099988	iPSC	2	LightGBM	0.86435035798455	0.869589561265256	-0.00523920328070582
448	GSM2099989	iPSC	5	LightGBM	0.923574300110752	0.922780539075444	0.000793761035307927
449	GSM2099990	iPSC	4	LightGBM	0.921749299834384	0.921620563483196	0.000128736351188041
450	GSM2099991	iPSC	3	LightGBM	0.925342594105854	0.922423115368452	0.00291947873740173
451	GSM2099992	iPSC	5	LightGBM	0.921811740828614	0.922555836412867	-0.000744095584252924
452	GSM2099993	iPSC	3	LightGBM	0.980589083312345	0.963216141861563	0.0173729414507815
453	GSM2099994	iPSC	5	LightGBM	0.974643821880592	0.959329861978671	0.0153139599019212
454	GSM2099995	iPSC	5	LightGBM	0.979746489999902	0.959339596164058	0.0204068938358443
455	GSM2099996	iPSC	5	LightGBM	0.956658488816729	0.942176455192363	0.0144820336243656
456	GSM2099997	iPSC	2	LightGBM	0.964444602766625	0.943738769737045	0.02070583302958
457	GSM2099998	iPSC	4	LightGBM	0.916241810305001	0.920603816380823	-0.00436200607582216
458	GSM2099999	iPSC	2	LightGBM	0.903531512401692	0.911106758225942	-0.00757524582425018
459	GSM2100000	iPSC	2	LightGBM	0.911266325133147	0.927024477452669	-0.0157581523195222
460	GSM2100001	iPSC	2	LightGBM	0.910668680979396	0.906438976962957	0.00422970401643907
461	GSM2100002	iPSC	4	LightGBM	0.920905191248109	0.924018152814889	-0.00311296156677965
462	GSM2100003	iPSC	1	LightGBM	0.918526974454911	0.914303701631522	0.0042232728233893
463	GSM2100004	iPSC	3	LightGBM	0.899858266818871	0.904680787616141	-0.00482252079727041
464	GSM2100005	iPSC	4	LightGBM	0.921039517856066	0.926838866781995	-0.00579934892592948
465	GSM2100006	iPSC	5	LightGBM	0.920793241754196	0.937068887175831	-0.0162756454216355
466	GSM2100007	iPSC	2	LightGBM	0.92658772164586	0.939363632688971	-0.0127759110431113
467	GSM2100008	iPSC	2	LightGBM	0.931088080904531	0.929503381636198	0.00158469926833305
468	GSM2100009	iPSC	2	LightGBM	0.920941023066076	0.922248045421247	-0.00130702235517133
469	GSM2100010	iPSC	5	LightGBM	0.919358070209835	0.924390439838727	-0.0050323696288922
470	GSM2100011	iPSC	4	LightGBM	0.9259645266251	0.934747868873	-0.00878334224789967
471	GSM2100012	iPSC	4	LightGBM	0.890478285368595	0.891128460075937	-0.000650174707342188
472	GSM2100013	iPSC	2	LightGBM	0.831461281687422	0.854425399791924	-0.0229641181045023
473	GSM2100014	iPSC	2	LightGBM	0.937050644101409	0.937698394107089	-0.000647750005680292
474	GSM2100015	iPSC	2	LightGBM	0.953175420684802	0.93579871876501	0.0173767019197925
475	GSM2100016	iPSC	4	LightGBM	0.935778360750043	0.935891260891178	-0.000112900141134631
476	GSM2100017	iPSC	3	LightGBM	0.920174492303507	0.924385246853823	-0.00421075455031572
477	GSM2100018	iPSC	1	LightGBM	0.901461799935543	0.90711299758648	-0.00565119765093747
478	GSM2100019	iPSC	1	LightGBM	0.923232987988248	0.920868012841432	0.00236497514681644
479	GSM2100020	iPSC	3	LightGBM	0.869781733100547	0.868566299309085	0.0012154337914615
480	GSM2100021	iPSC	2	LightGBM	0.920195951587423	0.919807932963548	0.00038801862387472
481	GSM2100022	iPSC	1	LightGBM	0.863215543869385	0.876989974867346	-0.0137744309979607
482	GSM2100023	iPSC	4	LightGBM	0.934480108001094	0.940683456110461	-0.00620334810936696
483	GSM2100024	iPSC	4	LightGBM	0.941283587427308	0.9408367207977	0.000446866629608245
484	GSM2100025	iPSC	2	LightGBM	0.936733319849535	0.941430645540702	-0.00469732569116665
485	GSM2100026	iPSC	5	LightGBM	0.887190829985758	0.892013212838728	-0.00482238285296999
486	GSM2100027	iPSC	3	LightGBM	0.905805928862604	0.898219358737513	0.0075865701250909
487	GSM2100028	iPSC	4	LightGBM	0.896753051607889	0.889598271163811	0.00715478044407758
488	GSM2100029	iPSC	5	LightGBM	0.960813301426099	0.95440579396941	0.00640750745668928
489	GSM2100030	iPSC	3	LightGBM	0.954805525683805	0.95000970665398	0.00479581902982462
490	GSM2100031	iPSC	1	LightGBM	0.961981067346182	0.955168864468906	0.00681220287727557
491	GSM2100032	iPSC	5	LightGBM	0.911221410630358	0.91741833335679	-0.00619692272643191
492	GSM2100033	iPSC	4	LightGBM	0.913805432056584	0.917258288137509	-0.00345285608092516
493	GSM2100034	iPSC	1	LightGBM	0.90854732607271	0.92105605594296	-0.0125087298702496
494	GSM2100035	iPSC	5	LightGBM	0.891167254990158	0.902534282684599	-0.0113670276944405
495	GSM2100036	iPSC	5	LightGBM	0.878611126128936	0.900576153381553	-0.021965027252617
496	GSM2100037	iPSC	5	LightGBM	0.903451412398967	0.913690126385626	-0.0102387139866594
497	GSM2100038	iPSC	2	LightGBM	0.867482979084378	0.87125627378967	-0.00377329470529231
498	GSM2100039	iPSC	1	LightGBM	0.843499387452436	0.853530746132794	-0.0100313586803581
499	GSM2100040	iPSC	5	LightGBM	0.843870246126183	0.850388450723052	-0.0065182045968688
500	GSM2100041	iPSC	3	LightGBM	0.848656056216791	0.843112693527544	0.0055433626892466
501	GSM2100042	iPSC	2	LightGBM	0.890508270183309	0.883306232504265	0.00720203767904359
502	GSM2100043	iPSC	4	LightGBM	0.893826207919768	0.888168957589419	0.00565725033034903
503	GSM2100044	iPSC	1	LightGBM	0.885451968367053	0.901227798805942	-0.0157758304388891
504	GSM2100045	iPSC	4	LightGBM	0.91888631702419	0.910256882516407	0.00862943450778342
505	GSM2100046	iPSC	2	LightGBM	0.925676185867276	0.91605211238322	0.00962407348405625
506	GSM2100047	iPSC	4	LightGBM	0.933444581533962	0.926400809604007	0.00704377192995553
507	GSM2100048	iPSC	3	LightGBM	0.934602812420961	0.935006841258653	-0.000404028837692083
508	GSM2100049	iPSC	5	LightGBM	0.964727910477507	0.93698498253567	0.0277429279418367
509	GSM2100050	iPSC	5	LightGBM	0.942832969941838	0.947122721317911	-0.00428975137607335
510	GSM2100051	iPSC	2	LightGBM	0.940138412773558	0.936436000469279	0.00370241230427892
511	GSM2100052	iPSC	1	LightGBM	0.949441070005845	0.948192716877743	0.00124835312810168
512	GSM2100053	iPSC	3	LightGBM	0.963328113571589	0.955218219667717	0.00810989390387229
513	GSM2100054	iPSC	4	LightGBM	0.973574413054537	0.953340243486411	0.0202341695681261
514	GSM2100055	iPSC	3	LightGBM	0.93110048691241	0.938024029118201	-0.00692354220579117
515	GSM2100056	iPSC	3	LightGBM	0.941958926210045	0.936368548309017	0.00559037790102757
516	GSM2100057	iPSC	4	LightGBM	0.935046335757486	0.933317807167541	0.00172852858994499
517	GSM2100058	iPSC	3	LightGBM	0.936478702539007	0.93965069533461	-0.00317199279560287
518	GSM2100059	iPSC	2	LightGBM	0.939510575225052	0.937790609811322	0.00171996541373043
519	GSM2100060	iPSC	5	LightGBM	0.936563747073208	0.94127524296454	-0.00471149589133213
520	GSM2100061	iPSC	1	LightGBM	0.940079032346349	0.921389818575722	0.0186892137706273
521	GSM2100062	iPSC	2	LightGBM	0.920709831466937	0.928015655207991	-0.00730582374105382
522	GSM2100063	iPSC	1	LightGBM	0.935102922041129	0.925609649089313	0.00949327295181601
523	GSM2100064	iPSC	4	LightGBM	0.862340849284682	0.864542566321312	-0.00220171703662952
524	GSM2100065	iPSC	1	LightGBM	0.892810925024686	0.914310337283032	-0.0214994122583456
525	GSM2100066	iPSC	3	LightGBM	0.893539142259486	0.914015242911251	-0.0204761006517646
526	GSM2100067	iPSC	4	LightGBM	0.867782372996232	0.871935148688968	-0.00415277569273642
527	GSM2100068	iPSC	2	LightGBM	0.861386375553373	0.882410763344543	-0.0210243877911702
528	GSM2100069	iPSC	1	LightGBM	0.922559791002659	0.923295685113774	-0.000735894111115409
529	GSM2100070	iPSC	3	LightGBM	0.933471170029179	0.936458631018557	-0.0029874609893783
530	GSM2100071	iPSC	2	LightGBM	0.936964290685661	0.933569425747185	0.00339486493847563
531	GSM2100072	iPSC	4	LightGBM	0.906878725554284	0.904994228435324	0.00188449711896033
532	GSM2100073	iPSC	1	LightGBM	0.898741839874777	0.910138308119795	-0.0113964682450176
533	GSM2100074	iPSC	3	LightGBM	0.908382345368861	0.919897913359089	-0.0115155679902281
534	GSM2100075	iPSC	3	LightGBM	0.989437898138674	0.968890521517461	0.0205473766212133
535	GSM2100076	iPSC	4	LightGBM	0.971428260629606	0.962513682640652	0.00891457798895412
536	GSM2100077	iPSC	3	LightGBM	0.961656216531881	0.962247304256294	-0.000591087724413075
537	GSM2100078	iPSC	2	LightGBM	0.981841439565034	0.979724619207627	0.00211682035740657
538	GSM2100079	iPSC	1	LightGBM	0.968236082641624	0.969752215113294	-0.00151613247166993
539	GSM2100080	iPSC	1	LightGBM	0.986916044992103	0.979358406568452	0.00755763842365065
540	GSM2100081	iPSC	3	LightGBM	0.918346942831058	0.959184930244918	-0.0408379874138596
541	GSM2100082	iPSC	1	LightGBM	0.921457214728433	0.930404351017004	-0.00894713628857136
542	GSM2100083	iPSC	2	LightGBM	0.895580065179689	0.909292245476892	-0.0137121802972032
543	GSM2100084	iPSC	3	LightGBM	0.883318239455097	0.889117019054759	-0.00579877959966169
544	GSM2100085	iPSC	2	LightGBM	0.901771816944818	0.903402873206306	-0.00163105626148796
545	GSM2100086	iPSC	1	LightGBM	0.881499389001972	0.857939529795968	0.0235598592060037
546	GSM2100087	iPSC	3	LightGBM	0.860315333718454	0.878902664845503	-0.0185873311270494
547	GSM2100088	iPSC	5	LightGBM	0.884778865887108	0.890794670792932	-0.00601580490582443
548	GSM2100089	iPSC	5	LightGBM	0.958221399908163	0.952244865493561	0.00597653441460166
549	GSM2100090	iPSC	4	LightGBM	0.974086040588912	0.95680340685876	0.017282633730152
550	GSM2100091	iPSC	1	LightGBM	0.951480537285483	0.93758039782279	0.0139001394626931
551	GSM2100092	iPSC	3	LightGBM	0.968529534300125	0.964214143277923	0.00431539102220158
552	GSM2100093	iPSC	2	LightGBM	0.955908025664369	0.955462217514188	0.000445808150180804
553	GSM2100094	iPSC	4	LightGBM	0.974342243715006	0.967719073029465	0.00662317068554086
554	GSM2100095	iPSC	4	LightGBM	0.963735897956297	0.963466005963691	0.000269891992606075
555	GSM2100096	iPSC	2	LightGBM	0.955747172583108	0.957778404853159	-0.00203123227005098
556	GSM2100097	iPSC	3	LightGBM	0.953135850220024	0.957820297167539	-0.00468444694751524
557	GSM2100098	iPSC	5	LightGBM	0.968080823254145	0.963167396740255	0.00491342651389037
558	GSM2100099	iPSC	5	LightGBM	0.90771250210404	0.902577852112862	0.00513464999117808
559	GSM2100100	iPSC	4	LightGBM	0.954002232335072	0.942373393238092	0.0116288390969804
560	GSM2100101	iPSC	2	LightGBM	0.90074108864466	0.904956406697122	-0.004215318052462
561	GSM2100102	iPSC	2	LightGBM	0.933190812178439	0.944063688281232	-0.010872876102793
562	GSM2100103	iPSC	3	LightGBM	0.947131392858674	0.944545095433786	0.00258629742488847
563	GSM2100104	iPSC	5	LightGBM	0.952624326832698	0.956542795748019	-0.00391846891532088
564	GSM2100105	iPSC	2	LightGBM	0.862990427455445	0.855592077892365	0.00739834956307994
565	GSM2100106	iPSC	3	LightGBM	0.879473903455552	0.884447191830461	-0.00497328837490862
566	GSM2100107	iPSC	5	LightGBM	0.916606252538326	0.936257052158587	-0.0196507996202615
567	GSM2100108	iPSC	2	LightGBM	0.934486619273589	0.938593446400116	-0.0041068271265271
568	GSM2100109	iPSC	2	LightGBM	0.935046211527332	0.93203109156564	0.00301511996169246
569	GSM2100110	iPSC	4	LightGBM	0.950645104342959	0.940605189152146	0.0100399151908127
570	GSM2100111	iPSC	3	LightGBM	0.926049559021163	0.928295099173638	-0.00224554015247524
571	GSM2100112	iPSC	5	LightGBM	0.927467579921442	0.931313760322604	-0.0038461804011618
572	GSM2100113	iPSC	4	LightGBM	0.93698999387514	0.931085315028725	0.00590467884641532
573	GSM2100114	iPSC	4	LightGBM	0.952120329289262	0.944303907827933	0.00781642146132899
574	GSM2100115	iPSC	2	LightGBM	0.929137962448482	0.945587499239408	-0.0164495367909263
575	GSM2100116	iPSC	1	LightGBM	0.959798120278349	0.956054442335407	0.00374367794294206
576	GSM2100117	iPSC	2	LightGBM	0.93899860149399	0.930401056046585	0.00859754544740521
577	GSM2100118	iPSC	1	LightGBM	0.951978012980079	0.941091402904517	0.010886610075562
578	GSM2100119	iPSC	3	LightGBM	0.973641899917509	0.960802363493353	0.0128395364241557
579	GSM2100120	iPSC	4	LightGBM	0.973512930922248	0.962107999799625	0.0114049311226228
580	GSM2100121	iPSC	4	LightGBM	0.961495497699583	0.939769614828717	0.0217258828708663
581	GSM2100122	iPSC	1	LightGBM	0.892664365549144	0.914714979354202	-0.0220506138050584
582	GSM2100123	iPSC	4	LightGBM	0.915710577673096	0.917408222482841	-0.00169764480974466
583	GSM2100124	iPSC	4	LightGBM	0.936242563486133	0.932050801020161	0.00419176246597219
584	GSM2100125	iPSC	1	LightGBM	0.945554008179193	0.947986548288763	-0.00243254010956961
585	GSM2100126	iPSC	3	LightGBM	0.931536179665397	0.943875464712859	-0.0123392850474621
586	GSM2100127	iPSC	3	LightGBM	0.929765556818099	0.920876872022003	0.00888868479609628
587	GSM2100128	iPSC	1	LightGBM	0.922812698123299	0.916141355597727	0.00667134252557222
588	GSM2100129	iPSC	4	LightGBM	0.911890036900666	0.931143081364486	-0.01925304446382
589	GSM2100130	iPSC	5	LightGBM	0.903043031251838	0.915605657824567	-0.0125626265727294
590	GSM2100131	iPSC	1	LightGBM	0.926733038903872	0.925963019229288	0.000770019674584121
591	GSM2100132	iPSC	2	LightGBM	0.938456606093041	0.927022003252794	0.0114346028402474
592	GSM2100133	iPSC	2	LightGBM	0.931845045980489	0.926753087478314	0.00509195850217492
593	GSM2100134	iPSC	3	LightGBM	0.951069891743987	0.941808138605986	0.00926175313800093
594	GSM2100135	iPSC	3	LightGBM	0.953971635634949	0.956717832348937	-0.0027461967139879
595	GSM2100136	iPSC	2	LightGBM	0.937096774749894	0.930556445720131	0.00654032902976287
596	GSM2100137	iPSC	1	LightGBM	0.928132717580425	0.924697191559732	0.0034355260206933
597	GSM2100138	iPSC	2	LightGBM	0.920879000507317	0.917003219886237	0.0038757806210804
598	GSM2100139	iPSC	5	LightGBM	0.913760142920515	0.927090008879438	-0.0133298659589227
599	GSM2100140	iPSC	5	LightGBM	0.887280220163032	0.892027828399477	-0.0047476082364446
600	GSM2100141	iPSC	1	LightGBM	0.91198927604229	0.89358782479489	0.0184014512474004
601	GSM2100142	iPSC	5	LightGBM	0.915196224049422	0.910575900572301	0.0046203234771206
602	GSM2100143	iPSC	4	LightGBM	0.951765975547228	0.949197879507353	0.00256809603987473
603	GSM2100144	iPSC	4	LightGBM	0.945133655246633	0.948010733183113	-0.00287707793647984
604	GSM2100145	iPSC	1	LightGBM	0.937181636695736	0.941872745694072	-0.00469110899833636
605	GSM2100146	iPSC	4	LightGBM	0.887475299629088	0.912560673578395	-0.0250853739493072
606	GSM2100147	iPSC	4	LightGBM	0.919242906116938	0.918071352781845	0.00117155333509289
607	GSM2100148	iPSC	3	LightGBM	0.910135830425234	0.912122325212099	-0.00198649478686475
608	GSM2100149	iPSC	1	LightGBM	0.946169214251661	0.933264077786584	0.012905136465077
609	GSM2100150	iPSC	1	LightGBM	0.936299787692063	0.938181370379994	-0.00188158268793093
610	GSM2100151	iPSC	4	LightGBM	0.945930892152696	0.934999930161007	0.0109309619916893
611	GSM2100152	iPSC	2	LightGBM	0.924940716056906	0.929314252538614	-0.00437353648170835
612	GSM2100153	iPSC	4	LightGBM	0.946112868077825	0.948595236114999	-0.0024823680371735
613	GSM2100154	iPSC	3	LightGBM	0.825413643375843	0.824026034475157	0.00138760890068623
614	GSM2100155	iPSC	5	LightGBM	0.898701694125822	0.908249146920103	-0.00954745279428126
615	GSM2100156	iPSC	3	LightGBM	0.894582164616934	0.910275169128941	-0.0156930045120072
616	GSM2100157	iPSC	3	LightGBM	0.903575158302441	0.91574394401916	-0.0121687857167191
617	GSM2100158	iPSC	2	LightGBM	0.933122394500619	0.930244371472806	0.00287802302781315
618	GSM2100159	iPSC	2	LightGBM	0.950363863151878	0.948834258664935	0.00152960448694339
619	GSM2100160	iPSC	4	LightGBM	0.953826429951756	0.950617511786942	0.00320891816481372
620	GSM2100161	iPSC	5	LightGBM	0.936466292290211	0.938227345358318	-0.00176105306810659
621	GSM2100162	iPSC	3	LightGBM	0.944877301902364	0.943062487434505	0.00181481446785858
622	GSM2100163	iPSC	1	LightGBM	0.943838105783335	0.929369784464867	0.0144683213184684
623	GSM2100164	iPSC	1	LightGBM	0.928671939333102	0.922482059965081	0.00618987936802118
624	GSM2100165	iPSC	4	LightGBM	0.894673642426882	0.926890361609827	-0.0322167191829453
625	GSM2100166	iPSC	3	LightGBM	0.939975383587139	0.946537135249619	-0.00656175166248052
626	GSM2100167	iPSC	2	LightGBM	0.945767753220257	0.93950830974498	0.00625944347527718
627	GSM2100168	iPSC	5	LightGBM	0.947543548544541	0.943290652073937	0.00425289647060367
628	GSM2100169	iPSC	4	LightGBM	0.935706524035754	0.931521504281958	0.00418501975379604
629	GSM2100170	iPSC	1	LightGBM	0.909068520749875	0.914215425964171	-0.00514690521429584
630	GSM2100171	iPSC	3	LightGBM	0.903569605777522	0.899532550582884	0.00403705519463793
631	GSM2100172	iPSC	1	LightGBM	0.899800010771922	0.904971033507306	-0.00517102273538372
632	GSM2100173	iPSC	3	LightGBM	0.898242653447336	0.904007102567861	-0.00576444912052487
633	GSM2100174	iPSC	3	LightGBM	0.794071530127187	0.831053280905195	-0.0369817507780085
634	GSM2100175	iPSC	4	LightGBM	0.905186024212281	0.922416450097797	-0.0172304258855164
635	GSM2100176	iPSC	4	LightGBM	0.898342607058045	0.900696217483648	-0.002353610425603
636	GSM2100177	iPSC	4	LightGBM	0.907210091726702	0.913754537757598	-0.00654444603089566
637	GSM2100178	iPSC	3	LightGBM	0.954497206610873	0.915215499962778	0.0392817066480955
638	GSM2100179	iPSC	2	LightGBM	0.911222116769681	0.91711812901726	-0.00589601224757896
639	GSM2100180	iPSC	5	LightGBM	0.915862207945277	0.912569010875745	0.00329319706953213
640	GSM2100181	iPSC	1	LightGBM	0.905163208122165	0.905870094384327	-0.000706886262161754
641	GSM2100182	iPSC	4	LightGBM	0.956491176092446	0.951577968621579	0.00491320747086665
642	GSM2100183	iPSC	2	LightGBM	0.941927338310494	0.946900566098245	-0.00497322778775067
643	GSM2100184	iPSC	5	LightGBM	0.971425935994434	0.961211635657814	0.0102143003366201
644	GSM2100185	iPSC	5	LightGBM	0.943596139513375	0.942845196748122	0.000750942765253226
645	GSM2100186	iPSC	3	LightGBM	0.943369008290388	0.94257453044184	0.000794477848547692
646	GSM2100187	iPSC	2	LightGBM	0.94565909716282	0.946029163799812	-0.000370066636991573
647	GSM2100188	iPSC	5	LightGBM	0.937093039483277	0.932976634095668	0.00411640538760916
648	GSM2100189	iPSC	5	LightGBM	0.926566415206432	0.921002600779009	0.00556381442742349
649	GSM2100190	iPSC	1	LightGBM	0.899782061145559	0.920551567798818	-0.0207695066532587
650	GSM2100191	iPSC	5	LightGBM	0.925381469723785	0.919987955141792	0.00539351458199266
651	GSM2100192	iPSC	2	LightGBM	0.918360505537384	0.93862118539089	-0.0202606798535061
652	GSM2100193	iPSC	5	LightGBM	0.932236211599973	0.914571737102709	0.0176644744972639
653	GSM2100194	iPSC	1	LightGBM	0.874968572953599	0.892832184852956	-0.0178636118993573
654	GSM2100195	iPSC	4	LightGBM	0.951767214696775	0.939967032381214	0.0118001823155607
655	GSM2100196	iPSC	5	LightGBM	0.901716527616503	0.897536409494202	0.00418011812230146
656	GSM2100197	iPSC	1	LightGBM	0.94069104849828	0.931114680687476	0.00957636781080351
657	GSM2100198	iPSC	4	LightGBM	0.942793389775654	0.948239920716499	-0.00544653094084513
658	GSM2100199	iPSC	2	LightGBM	0.925077949733188	0.930371695469736	-0.00529374573654839
659	GSM2100200	iPSC	1	LightGBM	0.925733320132597	0.928489795163159	-0.00275647503056176
660	GSM2100201	iPSC	5	LightGBM	0.903855916479804	0.929052140959114	-0.0251962244793102
661	GSM2100202	iPSC	3	LightGBM	0.896063139259755	0.899984079259106	-0.00392093999935061
662	GSM2100203	iPSC	5	LightGBM	0.898618558755267	0.899096956968942	-0.000478398213674569
663	GSM2100204	iPSC	3	LightGBM	0.904392673450938	0.905881631408993	-0.00148895795805526
664	GSM2100205	iPSC	2	LightGBM	0.954537025194252	0.933422068950495	0.0211149562437566
665	GSM2100206	iPSC	2	LightGBM	0.942530184353873	0.93698527839944	0.00554490595443335
666	GSM2100207	iPSC	2	LightGBM	0.945314156517746	0.951559451832535	-0.00624529531478923
667	GSM2100208	iPSC	3	LightGBM	0.890868955067259	0.884164483913587	0.0067044711536719
668	GSM2100209	iPSC	2	LightGBM	0.911350233644016	0.912458632621356	-0.00110839897734005
669	GSM2100210	iPSC	2	LightGBM	0.908085406302727	0.911053855617381	-0.00296844931465423
670	GSM2100211	iPSC	2	LightGBM	0.92856922348518	0.929194742779724	-0.000625519294543908
671	GSM2100212	iPSC	3	LightGBM	0.941139237612323	0.953748461861371	-0.012609224249048
672	GSM2100213	iPSC	5	LightGBM	0.957036896757473	0.9490017758527	0.00803512090477276
673	GSM2100214	iPSC	5	LightGBM	0.903383698412997	0.90877285767604	-0.0053891592630434
674	GSM2100215	iPSC	2	LightGBM	0.88755393098652	0.89065624567238	-0.00310231468586042
675	GSM2100216	iPSC	4	LightGBM	0.916612727404368	0.912667307718667	0.00394541968570072
676	GSM2100217	iPSC	5	LightGBM	0.897035227948896	0.891202456697359	0.00583277125153725
677	GSM2100218	iPSC	5	LightGBM	0.911971995948708	0.92144928827056	-0.00947729232185213
678	GSM2100219	iPSC	1	LightGBM	0.914501948768592	0.912514808304719	0.00198714046387327
679	GSM2100220	iPSC	5	LightGBM	0.944806848331324	0.945938095641687	-0.00113124731036252
680	GSM2100221	iPSC	1	LightGBM	0.958415631279055	0.945027694703363	0.0133879365756916
681	GSM2100222	iPSC	1	LightGBM	0.927579531092642	0.924577168559881	0.00300236253276076
682	GSM2100223	iPSC	5	LightGBM	0.946583824549796	0.940266170653007	0.00631765389678884
683	GSM2100224	iPSC	3	LightGBM	0.937386331216591	0.94020765578047	-0.00282132456387907
684	GSM2100225	iPSC	1	LightGBM	0.931797310961766	0.934694257184356	-0.00289694622258996
685	GSM2100226	iPSC	4	LightGBM	0.977448946024325	0.961392180773986	0.0160567652503389
686	GSM2100227	iPSC	2	LightGBM	0.96983681875143	0.955797309186457	0.0140395095649735
687	GSM2100228	iPSC	4	LightGBM	0.99592399889808	0.96019433617964	0.0357296627184398
688	GSM2100229	iPSC	4	LightGBM	0.934445059518132	0.930364334551967	0.00408072496616541
689	GSM2100230	iPSC	5	LightGBM	0.933935298896363	0.934562572076899	-0.000627273180536014
690	GSM2100231	iPSC	1	LightGBM	0.932429254771273	0.936737287218104	-0.00430803244683076
691	GSM2100232	iPSC	4	LightGBM	0.964027268465231	0.962076277547601	0.00195099091762985
692	GSM2100233	iPSC	1	LightGBM	0.953258888583335	0.938258539889965	0.01500034869337
693	GSM2100234	iPSC	4	LightGBM	0.962626682115588	0.958048418082582	0.00457826403300643
694	GSM2100235	iPSC	4	LightGBM	0.916310985954596	0.923748575518968	-0.00743758956437213
695	GSM2100236	iPSC	1	LightGBM	0.918524331339684	0.927702225472552	-0.00917789413286751
696	GSM2100237	iPSC	5	LightGBM	0.924331301504358	0.917229618810346	0.00710168269401235
697	GSM2100238	iPSC	4	LightGBM	0.909906078563848	0.919069162775739	-0.00916308421189105
698	GSM2100239	iPSC	2	LightGBM	0.919693567846405	0.915262583541892	0.00443098430451272
699	GSM2100240	iPSC	3	LightGBM	0.869948444295714	0.871920548949485	-0.00197210465377118
700	GSM2100241	iPSC	3	LightGBM	0.883845077897816	0.908176439504262	-0.0243313616064456
701	GSM2100242	iPSC	3	LightGBM	0.91005271329988	0.915453237744405	-0.00540052444452521
702	GSM2100243	iPSC	5	LightGBM	0.92146741390417	0.918481396905434	0.00298601699873624
703	GSM2100244	iPSC	5	LightGBM	0.943596920853605	0.940355888355401	0.0032410324982044
704	GSM2100245	iPSC	5	LightGBM	0.950909255934613	0.938238965152579	0.0126702907820335
705	GSM2100246	iPSC	3	LightGBM	0.942216563287542	0.938543978071125	0.00367258521641667
706	GSM2100247	iPSC	2	LightGBM	0.936156653666325	0.937468288902803	-0.00131163523647837
707	GSM2100248	iPSC	5	LightGBM	0.92226295112774	0.930220507047669	-0.00795755591992864
708	GSM2100249	iPSC	3	LightGBM	0.932197660804387	0.934135429398424	-0.00193776859403683
709	GSM2100250	iPSC	1	LightGBM	0.948724397112691	0.945366924285686	0.00335747282700471
710	GSM2100251	iPSC	2	LightGBM	0.943634231861278	0.945477942837393	-0.00184371097611447
711	GSM2100252	iPSC	1	LightGBM	0.938928364309329	0.934972643095731	0.003955721213598
712	GSM2100253	iPSC	1	LightGBM	0.897858969308033	0.896116065874691	0.00174290343334171
713	GSM2100254	iPSC	5	LightGBM	0.923846996310446	0.906894793727649	0.0169522025827965
714	GSM2100255	iPSC	3	LightGBM	0.895542808282499	0.904004975572209	-0.00846216728970994
715	GSM2100256	iPSC	2	LightGBM	0.89991274722411	0.894384033452835	0.00552871377127528
716	GSM2100257	iPSC	1	LightGBM	0.895306748918688	0.911784683101467	-0.0164779341827791
717	GSM2100258	iPSC	1	LightGBM	0.882648319930147	0.892096118074347	-0.0094477981441996
718	GSM2100259	iPSC	1	LightGBM	0.941863727580369	0.940024954382901	0.00183877319746806
719	GSM2100260	iPSC	3	LightGBM	0.931790733642777	0.930459136538316	0.00133159710446129
720	GSM2100261	iPSC	3	LightGBM	0.959363892378784	0.945091547425305	0.0142723449534792
721	GSM2100262	iPSC	4	LightGBM	0.891877590716839	0.907702985530559	-0.0158253948137204
722	GSM2100263	iPSC	1	LightGBM	0.903115164421864	0.884204446615645	0.0189107178062191
723	GSM2100264	iPSC	3	LightGBM	0.901481564617115	0.901074712748133	0.000406851868981817
724	GSM2100265	iPSC	3	LightGBM	0.966331787751484	0.953441484316208	0.0128903034352755
725	GSM2100266	iPSC	3	LightGBM	0.961518850655858	0.936281631313892	0.0252372193419663
726	GSM2100267	iPSC	3	LightGBM	0.962985569336691	0.950696841933884	0.0122887274028066
727	GSM2100268	iPSC	2	LightGBM	0.916817482457192	0.929901556826657	-0.0130840743694648
728	GSM2100269	iPSC	2	LightGBM	0.920864762229639	0.929247679857533	-0.00838291762789434
729	GSM2100270	iPSC	2	LightGBM	0.916077450430034	0.928759720886099	-0.0126822704560651
730	GSM2100271	iPSC	2	LightGBM	0.887265610426413	0.884389381371583	0.00287622905482987
731	GSM2100272	iPSC	5	LightGBM	0.880584062742779	0.882026004142654	-0.00144194139987486
732	GSM2100273	iPSC	3	LightGBM	0.886608292015692	0.897690815981538	-0.0110825239658457
733	GSM2100274	iPSC	4	LightGBM	0.88337419089711	0.888099052604113	-0.00472486170700304
734	GSM2100275	iPSC	4	LightGBM	0.889504197909125	0.897970062387262	-0.00846586447813658
1	GTEX-13CF3-2326-SM-5IFGL	GTEx	2	Random Forest	0.00825343479100969	0.00201705109707264	0.00623638369393705
2	GTEX-OXRK-0326-SM-3NB3R	GTEx	2	Random Forest	0.00431737610036399	0.000444255419579507	0.00387312068078448
3	GTEX-ZVT2-2226-SM-5NQ6P	GTEx	2	Random Forest	-0.00179351470477322	-0.00227817056038625	0.000484655855613029
4	GTEX-U3ZN-2626-SM-3DB7T	GTEx	3	Random Forest	-0.00432603556520347	-0.000258130039494925	-0.00406790552570854
5	GTEX-U4B1-1726-SM-3DB9F	GTEx	4	Random Forest	-3.63200863725353e-05	0.00165125728595739	-0.00168757737232993
6	GTEX-PWCY-1926-SM-3NB25	GTEx	1	Random Forest	0.00953693490786078	0.00273674860398068	0.0068001863038801
7	GTEX-Y5V5-2426-SM-5IFJA	GTEx	4	Random Forest	0.00542692451140753	0.00425776957416336	0.00116915493724417
8	GTEX-Q2AI-1426-SM-2S1P5	GTEx	1	Random Forest	0.00424686587891745	0.00985394322191835	-0.0056070773430009
9	GTEX-12KS4-0426-SM-5EQMC	GTEx	1	Random Forest	-0.00406636640122441	0.000127399340140532	-0.00419376574136494
10	GTEX-T6MN-0226-SM-32PMD	GTEx	5	Random Forest	0.0230307588239149	0.00599182299003292	0.017038935833882
11	GTEX-147F3-0626-SM-5NQ9I	GTEx	3	Random Forest	-0.00773551807832297	0.00080591871629545	-0.00854143679461842
12	GTEX-OXRN-0226-SM-2I5EJ	GTEx	2	Random Forest	0.0111941875053139	0.00609321081982688	0.00510097668548702
13	GTEX-YFC4-0226-SM-57WD2	GTEx	3	Random Forest	0.00356118041744579	0.0232434768603249	-0.0196822964428791
14	GTEX-12ZZX-0226-SM-5DUXU	GTEx	5	Random Forest	0.0212767906563809	0.0196707313923068	0.00160605926407406
15	GTEX-ZP4G-2326-SM-57WEM	GTEx	3	Random Forest	-0.00274378209327212	0.00150123182650543	-0.00424501391977755
16	GTEX-ZZ64-1626-SM-5E43W	GTEx	4	Random Forest	-0.00310563073231512	-0.00229228797877627	-0.000813342753538851
17	GTEX-ZVTK-0526-SM-5GZWT	GTEx	1	Random Forest	-0.00154832920752821	0.0035956088436875	-0.00514393805121571
18	GTEX-QLQW-1226-SM-2S1Q9	GTEx	3	Random Forest	0.0135262816372066	0.0218601465834323	-0.00833386494622573
19	GTEX-13QJ3-0426-SM-5RQHP	GTEx	5	Random Forest	-1.35884170966143e-05	0.00445621163914225	-0.00446980005623887
20	GTEX-ZAJG-0226-SM-5HL81	GTEx	2	Random Forest	0.00146055931705746	0.00247742202350016	-0.0010168627064427
21	GTEX-ZE7O-0226-SM-5S2N1	GTEx	1	Random Forest	-0.00400382088214373	0.00193630342686394	-0.00594012430900767
22	GTEX-13111-1726-SM-5EGJZ	GTEx	1	Random Forest	-0.00494832534835513	0.000106885629606998	-0.00505521097796213
23	GTEX-13G51-2626-SM-5LZYW	GTEx	1	Random Forest	0.00271119728355859	0.00312795396664481	-0.000416756683086222
24	GTEX-VUSG-2426-SM-4KKZG	GTEx	4	Random Forest	0.00778717467676083	0.00373131965502695	0.00405585502173388
25	GTEX-ZUA1-0226-SM-5NQ9Q	GTEx	4	Random Forest	-0.000775516241320591	0.00301618614211698	-0.00379170238343757
26	GTEX-OXRP-0226-SM-3NB14	GTEx	3	Random Forest	0.00576055059966874	0.00544474247983221	0.000315808119836525
27	GTEX-OOBK-0226-SM-2YUMF	GTEx	4	Random Forest	0.00737505483054756	0.0156876069470036	-0.00831255211645603
28	GTEX-12C56-1626-SM-5FQUO	GTEx	3	Random Forest	-0.0050577474689647	0.00169309898696385	-0.00675084645592855
29	GTEX-13VXU-0226-SM-5SI9R	GTEx	5	Random Forest	0.00030603632242375	0.0106485046709207	-0.0103424683484969
30	GTEX-OOBJ-0226-SM-2YUMM	GTEx	3	Random Forest	-0.00443020833893789	0.00431395496876303	-0.00874416330770092
31	GTEX-TML8-2026-SM-32QOP	GTEx	5	Random Forest	0.00732686408498429	0.0013396294135699	0.00598723467141439
32	GTEX-11DXW-0326-SM-5H11W	GTEx	3	Random Forest	-0.00184018773812634	0.00331505395080829	-0.00515524168893463
33	GTEX-R55D-0326-SM-48FES	GTEx	1	Random Forest	0.00135499844115112	0.000293303261396452	0.00106169517975467
34	GTEX-1211K-2226-SM-5FQU6	GTEx	5	Random Forest	-0.00759577144672431	-0.000676205844488833	-0.00691956560223548
35	GTEX-13NZ9-0526-SM-5J1OX	GTEx	1	Random Forest	0.0110880008128056	0.0103278675419744	0.000760133270831182
36	GTEX-X4LF-1726-SM-3NMBZ	GTEx	1	Random Forest	0.00118484427674771	0.0138667714502012	-0.0126819271734535
37	GTEX-S32W-2226-SM-2XCAY	GTEx	4	Random Forest	-0.00294306285720961	0.00911701802741587	-0.0120600808846255
38	GTEX-13QBU-2526-SM-5LU4X	GTEx	5	Random Forest	0.00754179539126971	0.00260863312432532	0.00493316226694439
39	GTEX-14BMV-0226-SM-5S2N2	GTEx	4	Random Forest	0.0013022220501573	0.00123016512984132	7.20569203159773e-05
40	GTEX-13FTY-0626-SM-5L3F8	GTEx	4	Random Forest	-0.00415820249842951	0.00180739032378821	-0.00596559282221772
41	GTEX-XUZC-1826-SM-4BRVO	GTEx	1	Random Forest	0.000737815902480026	0.0012379586732511	-0.000500142770771076
42	GTEX-12WSM-0226-SM-5LZV6	GTEx	2	Random Forest	-0.00772220572112537	-0.00064575079732652	-0.00707645492379885
43	GTEX-11ZVC-2626-SM-5FQTA	GTEx	3	Random Forest	-0.00433129995032657	0.000560501606228701	-0.00489180155655527
44	GTEX-146FR-1826-SM-5QGPF	GTEx	3	Random Forest	-0.0123056014152403	0.000297945865708822	-0.0126035472809491
45	GTEX-X15G-2326-SM-4PQZS	GTEx	3	Random Forest	-0.0057086808910031	0.00255794373514822	-0.00826662462615132
46	GTEX-ZAB4-1126-SM-5HL86	GTEx	1	Random Forest	0.00953996756196872	0.00880018536227844	0.000739782199690283
47	GTEX-P78B-1026-SM-3NMC4	GTEx	3	Random Forest	0.0136202434910225	0.0132778100745138	0.00034243341650873
48	GTEX-XQ8I-1526-SM-4BOOH	GTEx	4	Random Forest	0.0274371552253171	0.0151466813557828	0.0122904738695343
49	GTEX-XBEW-1326-SM-4AT63	GTEx	1	Random Forest	0.00437072271885104	0.00872595931075547	-0.00435523659190443
50	GTEX-13FHP-1526-SM-5IJGE	GTEx	4	Random Forest	-0.00557085518024639	0.0103230640654099	-0.0158939192456563
51	GTEX-RTLS-1126-SM-46MUQ	GTEx	5	Random Forest	0.00319994755275749	0.00879347109107753	-0.00559352353832004
52	GTEX-Y5V6-1026-SM-4VBS2	GTEx	2	Random Forest	0.000980415287762229	0.0102543940258761	-0.00927397873811385
53	GTEX-11NSD-1126-SM-5N9BQ	GTEx	3	Random Forest	0.0123635424602756	0.0109909966109508	0.00137254584932483
54	GTEX-14BIN-2726-SM-5RQIE	GTEx	5	Random Forest	0.00200526113330524	0.0139120052902221	-0.0119067441569169
55	GTEX-UJMC-0926-SM-4IHLK	GTEx	3	Random Forest	0.0214021586569216	0.0485202466915182	-0.0271180880345965
56	GTEX-OOBK-0625-SM-3LK5P	GTEx	1	Random Forest	0.00994787371830481	0.0156743041857305	-0.00572643046742569
57	GTEX-Y111-1626-SM-57WCY	GTEx	5	Random Forest	0.0215878003507225	0.0188188567996864	0.00276894355103612
58	GTEX-VUSG-1226-SM-4KKZF	GTEx	1	Random Forest	0.0127479599580161	0.0106052362042681	0.00214272375374796
59	GTEX-QEG5-1426-SM-447AS	GTEx	5	Random Forest	0.0235630368274915	0.0158579709065474	0.00770506592094411
60	GTEX-OIZG-1026-SM-3LK5X	GTEx	2	Random Forest	0.0218321068555454	0.0156096901104591	0.0062224167450863
61	GTEX-13OVI-2626-SM-5KM4T	GTEx	4	Random Forest	0.00725862800442708	0.00981994982906932	-0.00256132182464224
62	GTEX-ZA64-0626-SM-5HL9O	GTEx	1	Random Forest	-0.0015927905605337	0.00558013484160856	-0.00717292540214226
63	GTEX-S32W-0926-SM-4AD5X	GTEx	2	Random Forest	0.0140125709683196	0.0102226346657829	0.00378993630253673
64	GTEX-144FL-2726-SM-5O98Z	GTEx	4	Random Forest	0.0141834792793971	0.00884492687409539	0.00533855240530171
65	GTEX-13SLX-1726-SM-5Q5E5	GTEx	2	Random Forest	0.00511467652276546	0.0104383001171526	-0.00532362359438711
66	GTEX-11EMC-2226-SM-5A5JW	GTEx	2	Random Forest	0.0128404941688925	0.0130828350509097	-0.000242340882017179
67	GTEX-XXEK-0326-SM-4BRVV	GTEx	1	Random Forest	0.0255694393566125	0.0131596037591489	0.0124098355974636
68	GTEX-XGQ4-1526-SM-4AT6H	GTEx	5	Random Forest	0.00861318401334753	0.0120443281072719	-0.00343114409392434
69	GTEX-11ONC-1526-SM-5GU6S	GTEx	3	Random Forest	0.00156089059683636	0.00596090578098659	-0.00440001518415023
70	GTEX-12BJ1-1626-SM-5HL8Y	GTEx	4	Random Forest	0.00948098704165157	0.017115018356736	-0.00763403131508444
71	GTEX-T5JW-1326-SM-4DM5G	GTEx	1	Random Forest	0.00941261578914872	0.00954943809838548	-0.000136822309236763
72	GTEX-111CU-0726-SM-5GZYD	GTEx	2	Random Forest	0.0152502017515138	0.0137342112363601	0.00151599051515365
73	GTEX-13X6H-1326-SM-5LU42	GTEx	3	Random Forest	-0.00132691563745159	0.00895977543177364	-0.0102866910692252
74	GTEX-13JVG-2026-SM-5KM1N	GTEx	2	Random Forest	0.00536326637264309	0.0142295635998075	-0.0088662972271644
75	GTEX-X4EP-1626-SM-4QAS6	GTEx	2	Random Forest	0.0139403259690735	0.0120579679014327	0.00188235806764078
76	GTEX-ZF3C-1626-SM-4WWB4	GTEx	5	Random Forest	0.00612999698113614	0.0139724780206443	-0.00784248103950813
77	GTEX-13NZB-1226-SM-5J2MW	GTEx	3	Random Forest	0.0119166775451761	0.0105431529790998	0.00137352456607632
78	GTEX-ZYW4-1326-SM-5E45N	GTEx	4	Random Forest	-0.000403354430171345	0.0101719171577052	-0.0105752715878766
79	GTEX-REY6-1326-SM-48FDO	GTEx	4	Random Forest	0.0207052123588784	0.0141108410972925	0.00659437126158589
80	GTEX-11DXX-1126-SM-5GZZK	GTEx	3	Random Forest	0.00963894244799134	0.00997668532288171	-0.00033774287489037
81	GTEX-ZYVF-2226-SM-5GIDD	GTEx	3	Random Forest	0.0354536147625609	0.0136255751570728	0.0218280396054881
82	GTEX-YJ89-1526-SM-5P9IR	GTEx	1	Random Forest	0.00827278472244966	0.00833259449976339	-5.98097773137352e-05
83	GTEX-R53T-1126-SM-48FD4	GTEx	1	Random Forest	0.0237595439232677	0.0166883738616343	0.00707117006163344
84	GTEX-O5YV-1026-SM-3LK72	GTEx	5	Random Forest	0.0161194671637424	0.0124490509765329	0.00367041618720946
85	GTEX-Z9EW-0526-SM-5HL8S	GTEx	4	Random Forest	0.00531390764179752	0.0107737207988044	-0.00545981315700688
86	GTEX-XUZC-0426-SM-4BOPE	GTEx	2	Random Forest	0.00872231676702891	0.00913471511331402	-0.000412398346285113
87	GTEX-R55G-1026-SM-48FDI	GTEx	1	Random Forest	0.00866650684844777	0.0137929698725416	-0.00512646302409385
88	GTEX-R45C-1226-SM-48FEE	GTEx	3	Random Forest	0.0152947413204438	0.0124111327508791	0.00288360856956467
89	GTEX-12KS4-0926-SM-5BC5S	GTEx	4	Random Forest	0.00308257180779714	0.00964399830171563	-0.00656142649391849
90	GTEX-13N1W-0726-SM-5MR57	GTEx	2	Random Forest	0.0243743668340453	0.0188319547349248	0.00554241209912053
91	GTEX-XBED-0826-SM-47JYC	GTEx	1	Random Forest	0.0070570010709112	0.0181840044424115	-0.0111270033715003
92	GTEX-X4EP-0526-SM-3P5YW	GTEx	4	Random Forest	0.0114258535412768	0.0158279177442668	-0.00440206420299005
93	GTEX-145MN-0926-SM-5NQBT	GTEx	1	Random Forest	0.0139961128664414	0.0425841372751129	-0.0285880244086715
94	GTEX-PLZ5-0726-SM-2I5F9	GTEx	3	Random Forest	0.00739966588126592	0.0154077920371972	-0.00800812615593132
95	GTEX-Y8E4-0526-SM-4V6GC	GTEx	5	Random Forest	0.0112870153232388	0.0164146219635102	-0.0051276066402714
96	GTEX-148VI-0226-SM-5RQKA	GTEx	5	Random Forest	0.0120418480409652	0.0127231811885359	-0.000681333147570696
97	GTEX-OIZG-0526-SM-2HMLF	GTEx	3	Random Forest	0.0124904011867766	0.0117236193222421	0.000766781864534459
98	GTEX-UPK5-1126-SM-3GAEJ	GTEx	2	Random Forest	0.0176304228269635	0.0167326668629144	0.000897755964049098
99	GTEX-13OVH-1026-SM-5J2NP	GTEx	3	Random Forest	0.00676975471300948	0.0105674179426531	-0.00379766322964363
100	GTEX-13PL7-1726-SM-5J2NX	GTEx	2	Random Forest	0.0105719265640952	0.011850785173626	-0.00127885860953078
101	GTEX-13G51-0426-SM-5K7Z5	GTEx	4	Random Forest	0.0142429226108618	0.0133240848572421	0.00091883775361974
102	GTEX-13NYS-1626-SM-5J2MU	GTEx	5	Random Forest	0.0121641650756686	0.0119619485303147	0.000202216545353885
103	GTEX-145LS-1226-SM-5Q5D9	GTEx	3	Random Forest	0.0355412924509868	0.0180281116503758	0.017513180800611
104	GTEX-WK11-0526-SM-3NB3O	GTEx	2	Random Forest	0.00616728796589394	0.0123249187113065	-0.0061576307454126
105	GTEX-ZZPT-1326-SM-5E43H	GTEx	1	Random Forest	0.00411061603766355	0.0125339329215698	-0.00842331688390621
106	GTEX-13OVJ-0726-SM-5KM1W	GTEx	2	Random Forest	0.0180807888663879	0.0125014180352451	0.00557937083114281
107	GTEX-ZDXO-1326-SM-57WBS	GTEx	5	Random Forest	0.00748893773355633	0.0137636587763057	-0.00627472104274933
108	GTEX-131XE-0726-SM-5HL9K	GTEx	4	Random Forest	0.0162222099638025	0.0132381077864536	0.00298410217734888
109	GTEX-O5YV-0526-SM-2I5GE	GTEx	3	Random Forest	0.0240197868542289	0.0154291912642764	0.00859059558995247
110	GTEX-117YX-1326-SM-5H125	GTEx	5	Random Forest	0.0087580145189799	0.0133288363830264	-0.0045708218640465
111	GTEX-12WSI-0826-SM-5EGKD	GTEx	3	Random Forest	0.0188741193337936	0.0137550219516308	0.00511909738216275
112	GTEX-13O3P-1026-SM-5N9E7	GTEx	5	Random Forest	0.0136269501011647	0.0101870675060854	0.00343988259507933
113	GTEX-13U4I-1426-SM-5J2M3	GTEx	2	Random Forest	0.0328552729649927	0.0205422332189338	0.0123130397460589
114	GTEX-X261-1026-SM-3NMDL	GTEx	1	Random Forest	-0.00537283838384209	0.0111990076034362	-0.0165718459872783
115	GTEX-ZXG5-0826-SM-5GID6	GTEx	4	Random Forest	0.0163634096077135	0.0159321457334941	0.000431263874219434
116	GTEX-QDVN-0726-SM-4B64L	GTEx	1	Random Forest	0.0119717744162539	0.0133024021111318	-0.00133062769487785
117	GTEX-ZF2S-0626-SM-4WKH2	GTEx	4	Random Forest	0.020555287611009	0.0154830005792028	0.00507228703180624
118	GTEX-QMR6-1926-SM-32PL9	GTEx	5	Random Forest	0.0189407356639007	0.0231010302027889	-0.00416029453888819
119	GTEX-133LE-0526-SM-5N9EJ	GTEx	5	Random Forest	0.00474603021740749	0.0124357655361476	-0.00768973531874011
120	GTEX-OXRO-0326-SM-33HBM	GTEx	4	Random Forest	0.00941241096710539	0.0310043768015675	-0.0215919658344622
121	GTEX-13O3Q-0526-SM-5KM18	GTEx	1	Random Forest	0.0106828793355851	0.0280698386511558	-0.0173869593155707
122	GTEX-QCQG-0326-SM-2I3ES	GTEx	4	Random Forest	0.00216912247881868	0.0122258797618075	-0.0100567572829888
123	GTEX-12WSD-0826-SM-5GCNE	GTEx	5	Random Forest	0.0173977264473905	0.0189201323920243	-0.00152240594463383
124	GTEX-13111-0426-SM-5DUXR	GTEx	3	Random Forest	0.0143335160000022	0.0123665651653383	0.00196695083466394
125	GTEX-13FHP-0726-SM-5K7YI	GTEx	5	Random Forest	0.0116836523377759	0.0185504927928369	-0.00686684045506102
126	GTEX-P78B-0926-SM-2I5FA	GTEx	1	Random Forest	0.0269395609235317	0.0164062102473265	0.0105333506762052
127	GTEX-13QBU-0726-SM-5J2OA	GTEx	2	Random Forest	0.0220862343814091	0.0209640585065252	0.00112217587488389
128	GTEX-131YS-0926-SM-5IJB9	GTEx	3	Random Forest	0.00879290859684665	0.0117183443750062	-0.00292543577815957
129	GTEX-XMD2-1026-SM-4WWE8	GTEx	3	Random Forest	0.00758836212618729	0.0111791758186856	-0.00359081369249831
130	GTEX-11DXZ-0726-SM-5N9C4	GTEx	4	Random Forest	0.0312992283312473	0.0707802761660853	-0.039481047834838
131	GTEX-11NSD-0326-SM-5A5LS	GTEx	3	Random Forest	0.0124353803506219	0.0138974498026506	-0.00146206945202871
132	GTEX-WZTO-0426-SM-3NM99	GTEx	1	Random Forest	0.0140505379556158	0.0159148434539499	-0.0018643054983341
133	GTEX-11O72-0326-SM-5986D	GTEx	4	Random Forest	0.00644165744977014	0.00548930638738668	0.000952351062383464
134	GTEX-11DZ1-0926-SM-5EQ5R	GTEx	2	Random Forest	0.00836668270637294	0.00842190076715333	-5.52180607803886e-05
135	GTEX-WXYG-2526-SM-3NB3F	GTEx	1	Random Forest	0.00278108900230233	0.00486739191343835	-0.00208630291113602
136	GTEX-VUSG-2626-SM-4KKZI	GTEx	1	Random Forest	0.0127886806903232	0.00725148831594934	0.00553719237437386
137	GTEX-13PVR-2526-SM-5RQIT	GTEx	4	Random Forest	0.00113330157734699	0.020798583495916	-0.019665281918569
138	GTEX-Z9EW-1726-SM-5CVMO	GTEx	2	Random Forest	-0.00224881103176748	0.012310336084849	-0.0145591471166164
139	GTEX-11EMC-2626-SM-59864	GTEx	3	Random Forest	0.000712413843802223	0.00333399392696246	-0.00262158008316024
140	GTEX-13NZA-0526-SM-5L3D7	GTEx	2	Random Forest	0.00475239576346312	0.00513474643508516	-0.000382350671622043
141	GTEX-ZTPG-0126-SM-5O9AL	GTEx	4	Random Forest	0.00376029314888066	0.00937689497843829	-0.00561660182955763
142	GTEX-QEG5-0426-SM-2I5GJ	GTEx	3	Random Forest	0.0043865444287953	0.0101595004417557	-0.0057729560129604
143	GTEX-Q2AG-0426-SM-2S1PU	GTEx	4	Random Forest	0.00390171474158151	0.0156923511631766	-0.011790636421595
144	GTEX-13PVQ-0326-SM-5K7YF	GTEx	4	Random Forest	0.00630772321014409	0.00444517126274819	0.0018625519473959
145	GTEX-1445S-0626-SM-5LU3C	GTEx	1	Random Forest	0.00667392660636042	0.00438514085472264	0.00228878575163778
146	GTEX-12ZZY-0626-SM-5EQ5T	GTEx	2	Random Forest	0.0103989367954171	0.00833616079084077	0.00206277600457633
147	GTEX-OIZI-0626-SM-2XCEH	GTEx	1	Random Forest	0.00400520985288335	0.00840142667886052	-0.00439621682597717
148	GTEX-QDVN-2426-SM-2S1Q4	GTEx	5	Random Forest	0.000221624231814039	0.0156442398586279	-0.0154226156268138
149	GTEX-147F3-0226-SM-5NQBV	GTEx	5	Random Forest	-0.00578997088209092	0.00363652980774938	-0.0094265006898403
150	GTEX-QLQW-1326-SM-2S1QS	GTEx	1	Random Forest	0.0147059973056668	0.011164764855312	0.00354123245035477
151	GTEX-Y8E5-0326-SM-57WBM	GTEx	2	Random Forest	0.00739255098833405	0.00821109885905488	-0.000818547870720834
152	GTEX-ZWKS-0326-SM-5NQ7G	GTEx	4	Random Forest	0.00721340448926171	0.0115554573267802	-0.00434205283751847
153	GTEX-Y5V6-2626-SM-5IFIX	GTEx	3	Random Forest	0.00355381624958675	0.0112844729645226	-0.00773065671493584
154	GTEX-X4XX-0626-SM-3NMC1	GTEx	5	Random Forest	0.00635849338397942	0.00766864127218597	-0.00131014788820654
155	GTEX-PWCY-2026-SM-5SI8R	GTEx	2	Random Forest	0.00161776113651014	0.00266752864464778	-0.00104976750813764
156	GTEX-QVUS-0226-SM-3GIJY	GTEx	2	Random Forest	-0.00064734989312122	0.0114084263074521	-0.0120557762005733
157	GTEX-SNMC-1426-SM-2XCFM	GTEx	1	Random Forest	0.00771465421718256	0.0074003650853691	0.000314289131813462
158	GTEX-11NSD-2026-SM-5HL5U	GTEx	3	Random Forest	-0.00296457322864699	0.00810026998907412	-0.0110648432177211
159	GTEX-139T8-0526-SM-5KLZL	GTEx	5	Random Forest	0.0172637784955398	0.00907099207100641	0.00819278642453339
160	GTEX-146FR-1726-SM-5Q5DT	GTEx	3	Random Forest	0.000635239129793528	0.00419751739746329	-0.00356227826766976
161	GTEX-13112-2626-SM-5BC66	GTEx	1	Random Forest	0.0134851784944037	0.00631901682677771	0.00716616166762599
162	GTEX-ZY6K-2026-SM-5GZXQ	GTEx	4	Random Forest	0.00799568395716744	0.0050430165419863	0.00295266741518114
163	GTEX-13FTZ-2226-SM-5LZXI	GTEx	3	Random Forest	0.0109945760873496	0.0141672597282372	-0.0031726836408876
164	GTEX-11EQ9-2126-SM-5PNVW	GTEx	4	Random Forest	0.00156033249135368	0.00262572309352157	-0.00106539060216789
165	GTEX-11H98-0326-SM-5HL4S	GTEx	5	Random Forest	-0.000735149530985215	0.00187795893134223	-0.00261310846232744
166	GTEX-13W3W-2626-SM-5SIA2	GTEx	4	Random Forest	0.000250750000099564	0.0254836888116634	-0.0252329388115638
167	GTEX-X261-0326-SM-3NMD4	GTEx	5	Random Forest	0.000523568001283297	0.00578356223704836	-0.00525999423576507
168	GTEX-12WSM-0326-SM-5LZVI	GTEx	3	Random Forest	-0.00209751945355274	0.0072372414410847	-0.00933476089463744
169	GTEX-117YX-2526-SM-5EQ4Q	GTEx	5	Random Forest	0.00515176630890014	0.0166651157217474	-0.0115133494128473
170	GTEX-13OW7-0326-SM-5J1MP	GTEx	3	Random Forest	0.0079465008310266	0.0121161405627659	-0.00416963973173927
171	GTEX-132Q8-0626-SM-5L3F3	GTEx	3	Random Forest	0.00625229705927962	0.0107018731536364	-0.00444957609435681
172	GTEX-145MH-0326-SM-5LU8H	GTEx	5	Random Forest	0.0107377648436049	0.0106270717900667	0.000110693053538247
173	GTEX-13O1R-0526-SM-5K7XU	GTEx	5	Random Forest	0.0106617715789717	0.00679360170532888	0.00386816987364282
174	GTEX-XGQ4-2326-SM-4AT53	GTEx	1	Random Forest	0.0241905458674435	0.00852958363082571	0.0156609622366178
175	GTEX-1313W-0526-SM-5P9FZ	GTEx	2	Random Forest	0.00460698833034574	0.00586075640404819	-0.00125376807370245
176	GTEX-Z93S-1626-SM-5CVMB	GTEx	4	Random Forest	0.0180712948236548	0.0131705698932944	0.00490072493036044
177	GTEX-11NSD-0626-SM-5A5LU	GTEx	1	Random Forest	0.0105294952247708	0.00959591024670362	0.000933584978067184
178	GTEX-12KS4-2126-SM-5FQUT	GTEx	1	Random Forest	0.0254881660968798	0.0148896483450349	0.0105985177518449
179	GTEX-ZZPU-0826-SM-5GZX5	GTEx	3	Random Forest	-0.000730118858853501	0.0044824060707056	-0.00521252492955911
180	GTEX-XYKS-1426-SM-4BRUO	GTEx	1	Random Forest	0.0230075731703538	0.0126855192558571	0.0103220539144967
181	GTEX-ZVTK-0226-SM-51MRG	GTEx	2	Random Forest	0.0515759032956955	0.0763380797378854	-0.0247621764421899
182	GTEX-Y3IK-1626-SM-4YCF5	GTEx	4	Random Forest	-0.00663751712357423	0.00625978526584024	-0.0128973023894145
183	GTEX-13OVJ-0826-SM-5J1OK	GTEx	4	Random Forest	0.00432952205599183	0.00736207909669135	-0.00303255704069952
184	GTEX-ZT9W-1126-SM-57WDR	GTEx	1	Random Forest	0.00751014550609055	0.00734075336937563	0.000169392136714924
185	GTEX-11ZUS-2626-SM-5FQUR	GTEx	2	Random Forest	0.00719702819610478	0.0135736307076156	-0.00637660251151082
186	GTEX-14B4R-1326-SM-5Q5EZ	GTEx	2	Random Forest	0.00773613254375144	0.00635732359287591	0.00137880895087553
187	GTEX-13FTW-0326-SM-5K7UW	GTEx	3	Random Forest	0.0112075067557845	0.0100929302950654	0.00111457646071908
188	GTEX-ZF2S-1626-SM-57WES	GTEx	4	Random Forest	0.0151589466963379	0.00687438804652272	0.00828455864981518
189	GTEX-11O72-0626-SM-5PNYE	GTEx	3	Random Forest	0.0205002009815907	0.0375998971471931	-0.0170996961656024
190	GTEX-11TUW-0626-SM-5LU9M	GTEx	1	Random Forest	0.00672418556781181	0.00904879449829678	-0.00232460893048497
191	GTEX-ZVP2-0326-SM-57WBP	GTEx	4	Random Forest	0.00277688637596244	0.00511493320874257	-0.00233804683278013
192	GTEX-146FQ-2126-SM-5RQHU	GTEx	5	Random Forest	0.00753198264054548	0.0139182877496191	-0.00638630510907361
193	GTEX-132AR-0326-SM-5KM2C	GTEx	4	Random Forest	0.011595428344127	0.0119028545269062	-0.000307426182779244
194	GTEX-1314G-1326-SM-5BC6E	GTEx	2	Random Forest	0.0256147830351766	0.0167010737400275	0.00891370929514905
195	GTEX-11VI4-1126-SM-5EQMD	GTEx	3	Random Forest	-0.000362481309181288	0.00840734451093306	-0.00876982582011435
196	GTEX-12ZZZ-0726-SM-5GCNZ	GTEx	1	Random Forest	-0.000161512385575791	0.00611795023928883	-0.00627946262486462
197	GTEX-ZAB4-2126-SM-5HL8U	GTEx	5	Random Forest	0.00114510480541175	0.00793545391754392	-0.00679034911213217
198	GTEX-13VXT-1926-SM-5K7UO	GTEx	2	Random Forest	0.00339089876783479	0.0080087091860107	-0.00461781041817591
199	GTEX-13NZ9-2626-SM-5L3FK	GTEx	3	Random Forest	0.0188944166447034	0.0300368428215618	-0.0111424261768584
200	GTEX-148VJ-0626-SM-5LUAW	GTEx	2	Random Forest	-0.00640972691512602	0.0171995476082073	-0.0236092745233333
201	GTEX-145MI-0626-SM-5SI8S	GTEx	4	Random Forest	-0.00234031608359395	0.00712291304184725	-0.0094632291254412
202	GTEX-13PL6-1126-SM-5L3IE	GTEx	1	Random Forest	0.00571264048098283	0.00783208413220593	-0.0021194436512231
203	GTEX-13U4I-2226-SM-5LU5H	GTEx	2	Random Forest	0.00863897289704031	0.0124596767491051	-0.00382070385206476
204	GTEX-11DXX-2126-SM-5PNYR	GTEx	5	Random Forest	0.00639943658665876	0.00753431927084891	-0.00113488268419015
205	GTEX-WYVS-1626-SM-3NM9R	GTEx	4	Random Forest	0.0259133231194984	0.0154671307643898	0.0104461923551086
206	GTEX-11DZ1-2426-SM-5GZZX	GTEx	4	Random Forest	0.0196590712639255	0.0177162841685067	0.00194278709541881
207	GTEX-111FC-2526-SM-5GZXU	GTEx	3	Random Forest	0.0140173492859886	0.0144143064330053	-0.00039695714701672
208	GTEX-11ZTT-2126-SM-5CVLO	GTEx	2	Random Forest	0.00600141491895408	0.00505978974978369	0.000941625169170395
209	GTEX-WH7G-2026-SM-3NMBL	GTEx	4	Random Forest	0.0113588465563572	0.0126873746236643	-0.00132852806730712
210	GTEX-XOT4-0626-SM-4B66L	GTEx	3	Random Forest	0.0331141269877343	0.017178069647002	0.0159360573407323
211	GTEX-YB5K-2026-SM-4VDT3	GTEx	5	Random Forest	0.0077918662398026	0.00445219007118015	0.00333967616862245
212	GTEX-ZYW4-0626-SM-59HJR	GTEx	5	Random Forest	0.0105974052183548	0.0120501678267456	-0.00145276260839076
213	GTEX-1192X-2726-SM-5N9DN	GTEx	4	Random Forest	-1.97132346739636e-05	0.0110511094849659	-0.0110708227196399
214	GTEX-ZYFC-0426-SM-5GICQ	GTEx	1	Random Forest	0.00663933286505254	0.00947676377603322	-0.00283743091098068
215	GTEX-111YS-1526-SM-5GZYW	GTEx	5	Random Forest	-0.00619408259841043	0.00647696877988018	-0.0126710513782906
216	GTEX-11NUK-2726-SM-5A5MC	GTEx	4	Random Forest	0.0147185291464926	0.0110092901166578	0.00370923902983483
217	GTEX-11EQ8-0926-SM-5H12V	GTEx	5	Random Forest	0.015295551827111	0.00940355195129006	0.00589199987582094
218	GTEX-139TT-2126-SM-5LZWC	GTEx	5	Random Forest	0.0160383620557222	0.0189387118951041	-0.00290034983938195
219	GTEX-X8HC-0626-SM-4E3HQ	GTEx	5	Random Forest	0.00422864110151939	0.00997489777926315	-0.00574625667774376
220	GTEX-ZF29-0926-SM-4WKFZ	GTEx	3	Random Forest	0.000771134558748204	0.00352993689798511	-0.00275880233923691
221	GTEX-YFCO-1226-SM-5LUAT	GTEx	2	Random Forest	0.00789350560693909	0.00680134512447627	0.00109216048246282
222	GTEX-13O3O-2326-SM-5IJD6	GTEx	2	Random Forest	0.0131460714537525	0.0116724862552917	0.00147358519846075
223	GTEX-139UW-2826-SM-5L3E7	GTEx	3	Random Forest	0.00472620582317281	0.00909348457147393	-0.00436727874830112
224	GTEX-S95S-1226-SM-4GICG	GTEx	2	Random Forest	0.0171046763696458	0.0162013858569842	0.000903290512661623
225	GTEX-11GSP-2526-SM-5N9BP	GTEx	4	Random Forest	0.0154777774930284	0.0132934356181757	0.00218434187485274
226	GTEX-13O1R-0126-SM-5L3EH	GTEx	5	Random Forest	0.0118663204318245	0.00908716644825255	0.00277915398357195
227	GTEX-1212Z-2526-SM-5EGKP	GTEx	3	Random Forest	0.015991558636314	0.0101899781885528	0.00580158044776124
228	GTEX-14C5O-0126-SM-5SI6N	GTEx	5	Random Forest	0.0130101357442527	0.0103102908853182	0.00269984485893447
229	GTEX-OXRK-0226-SM-3NB2G	GTEx	2	Random Forest	0.0111307158134535	0.00806382305155877	0.00306689276189473
230	GTEX-1211K-2026-SM-5EQ4Z	GTEx	2	Random Forest	-0.00150449799199978	0.00552947253733924	-0.00703397052933902
231	GTEX-XPVG-2626-SM-4B669	GTEx	5	Random Forest	0.0219690272086923	0.00797337963037301	0.0139956475783193
232	GTEX-XQ3S-1526-SM-4BOOC	GTEx	3	Random Forest	0.00541269504198422	0.00768862987868449	-0.00227593483670027
233	GTEX-QESD-1426-SM-2S1R9	GTEx	2	Random Forest	0.0187517532809498	0.0100830927328683	0.0086686605480815
234	GTEX-U3ZM-1526-SM-3DB9D	GTEx	5	Random Forest	-0.00455654950764839	0.0068806545270414	-0.0114372040346898
235	GTEX-TMMY-0226-SM-33HBA	GTEx	5	Random Forest	0.0167874305268046	0.00976934526136622	0.00701808526543838
236	GTEX-139T4-0226-SM-5HL5S	GTEx	5	Random Forest	0.018808690437712	0.0146268901426882	0.00418180029502378
237	GTEX-ZGAY-0526-SM-4WWBB	GTEx	2	Random Forest	0.00272645523055595	0.00623165307643567	-0.00350519784587973
238	GTEX-OXRP-0126-SM-3NB32	GTEx	5	Random Forest	0.0132903027753187	0.0148610660763511	-0.00157076330103241
239	GTEX-145MO-0326-SM-5Q5B3	GTEx	5	Random Forest	0.00396016678823464	0.00738373612325743	-0.00342356933502279
240	GTEX-13RTJ-2426-SM-5S2Q2	GTEx	2	Random Forest	0.00521339905118615	0.00877209723564616	-0.00355869818446001
241	GTEX-RUSQ-1526-SM-2TF62	GTEx	2	Random Forest	0.0131456937192532	0.0114348598653972	0.00171083385385604
242	GTEX-QLQW-1126-SM-2S1Q8	GTEx	1	Random Forest	0.0166089524716009	0.0146125019363959	0.00199645053520497
243	GTEX-145MN-2226-SM-5SIAU	GTEx	3	Random Forest	-0.00419594881407258	0.00293833105846498	-0.00713427987253756
244	GTEX-ZYY3-0126-SM-5GZY5	GTEx	3	Random Forest	0.0110501717890092	0.0082557253970853	0.0027944463919239
245	GTEX-146FQ-0126-SM-5NQA9	GTEx	4	Random Forest	-0.000100241848700167	0.00851500245963886	-0.00861524430833903
246	GTEX-Y8DK-0126-SM-4TT3L	GTEx	1	Random Forest	0.0220327151816148	0.0137962402312752	0.00823647495033964
247	GTEX-XBED-2226-SM-47JYQ	GTEx	4	Random Forest	0.00196301693766633	0.00987981811402022	-0.00791680117635389
248	GTEX-P4PP-0126-SM-3LK69	GTEx	1	Random Forest	0.00998147092729173	0.00758034994487319	0.00240112098241854
249	GTEX-12WSL-2526-SM-5GCNJ	GTEx	2	Random Forest	-0.00301645832386241	0.017453529854928	-0.0204699881787904
250	GTEX-ZF2S-2326-SM-4WWCE	GTEx	4	Random Forest	0.0164626284484373	0.00854128814640067	0.00792134030203663
251	GTEX-13FTY-0526-SM-5L3EV	GTEx	1	Random Forest	0.0139117075240547	0.0120211825718249	0.00189052495222982
252	GTEX-ZYW4-0126-SM-5E44A	GTEx	2	Random Forest	-0.000266886912839277	0.0102442961459572	-0.0105111830587965
253	GTEX-P4PQ-0126-SM-2S1NM	GTEx	2	Random Forest	0.00268225543104698	0.00666914198368926	-0.00398688655264228
254	GTEX-QCQG-1726-SM-3GIJ9	GTEx	4	Random Forest	0.0157783397119906	0.0109884290225652	0.00478991068942539
255	GTEX-145MI-0526-SM-5O9A8	GTEx	5	Random Forest	0.0091727766037487	0.0104374716821183	-0.00126469507836961
256	GTEX-11P82-1626-SM-59879	GTEx	1	Random Forest	-0.00463594566646886	0.00235984666907215	-0.00699579233554101
257	GTEX-UJHI-1526-SM-3DB99	GTEx	5	Random Forest	-0.00178653646135979	0.00465269171151242	-0.00643922817287221
258	GTEX-RU72-0926-SM-2TF6B	GTEx	3	Random Forest	0.0191817308101476	0.0109510013925335	0.00823072941761412
259	GTEX-11GS4-2726-SM-5A5LE	GTEx	1	Random Forest	0.00700449180873121	0.0124627266697541	-0.00545823486102293
260	GTEX-1399T-2826-SM-5KLYZ	GTEx	1	Random Forest	0.0209634163336252	0.0147163334589373	0.00624708287468788
261	GTEX-OHPL-0126-SM-2HMJ7	GTEx	3	Random Forest	0.010996021928284	0.00969620126732921	0.00129982066095479
262	GTEX-OIZH-0126-SM-2HMIS	GTEx	2	Random Forest	0.00518450519663609	0.00753994873825955	-0.00235544354162346
263	GTEX-13OVG-1926-SM-5L3DK	GTEx	1	Random Forest	0.00673395457608462	0.00884622935237707	-0.00211227477629245
264	GTEX-RWS6-2026-SM-2XCB5	GTEx	4	Random Forest	0.00411818240846419	0.00703153976377431	-0.00291335735531012
265	GTEX-145LT-1726-SM-5QGP3	GTEx	2	Random Forest	0.0120749245371001	0.00869557708018521	0.00337934745691489
266	GTEX-ZC5H-0226-SM-4WAY9	GTEx	1	Random Forest	0.0202965540069317	0.0142922061818147	0.00600434782511698
267	GTEX-14A6H-0126-SM-5QGPK	GTEx	5	Random Forest	-0.00100631344889809	0.0133289586387513	-0.0143352720876493
268	GSM1973958	ADMSC	2	Random Forest	0.270504884247441	0.285393346721164	-0.0148884624737231
269	GSM1973959	ADMSC	2	Random Forest	0.287943448782629	0.266425759677395	0.0215176891052336
270	GSM1973960	ADMSC	4	Random Forest	0.281537328816867	0.29300616250853	-0.0114688336916627
271	GSM1973961	ADMSC	5	Random Forest	0.297520993589465	0.301537662523932	-0.0040166689344675
272	GSM1973962	ADMSC	2	Random Forest	0.302467423727703	0.262428367756016	0.0400390559716866
273	GSM1973963	ADMSC	3	Random Forest	0.30303188043157	0.280786931465157	0.0222449489664133
274	GSM6169153	ADMSC	1	Random Forest	0.316668874179533	0.299219713200402	0.0174491609791315
275	GSM6169155	ADMSC	4	Random Forest	0.267053720759631	0.285137377483716	-0.0180836567240853
276	GSM6169156	ADMSC	3	Random Forest	0.271492843743465	0.286123277827915	-0.0146304340844497
277	GSM6169158	ADMSC	2	Random Forest	0.297034164668481	0.284959700837564	0.0120744638309169
278	GSM6169159	ADMSC	1	Random Forest	0.303896661827951	0.281138633719971	0.02275802810798
279	GSM6169161	ADMSC	1	Random Forest	0.325227307928437	0.277455378220384	0.0477719297080529
280	GSM6169162	ADMSC	2	Random Forest	0.407780931854239	0.337415136908268	0.0703657949459709
281	GSM6169164	ADMSC	4	Random Forest	0.300493260251	0.297163709207819	0.00332955104318122
282	GSM6169165	ADMSC	1	Random Forest	0.347455063162342	0.306126448839195	0.0413286143231465
283	GSM6169167	ADMSC	2	Random Forest	0.278754454075398	0.287634877347266	-0.0088804232718675
284	GSM6169168	ADMSC	2	Random Forest	0.312367517970769	0.268674998042791	0.0436925199279777
285	GSM4128688	BMSC	2	Random Forest	0.313262234012003	0.291706085410212	0.0215561486017914
286	GSM4128689	BMSC	4	Random Forest	0.288452269400646	0.280111352457079	0.00834091694356676
287	GSM4128690	BMSC	2	Random Forest	0.32786937733333	0.29033858770208	0.0375307896312496
288	GSM4128691	BMSC	3	Random Forest	0.25493823843683	0.271293304371953	-0.0163550659351231
289	GSM4128692	BMSC	4	Random Forest	0.355330988110296	0.304635122215671	0.0506958658946252
290	GSM4128693	BMSC	1	Random Forest	0.326262282487962	0.304013859438536	0.0222484230494256
291	GSM4128694	BMSC	5	Random Forest	0.297743000862305	0.278942004739862	0.0188009961224428
292	GSM4128695	BMSC	4	Random Forest	0.270259317470327	0.271259791705204	-0.00100047423487698
293	GSM4128696	BMSC	1	Random Forest	0.378451545886922	0.34531110145059	0.0331404444363315
294	GSM4128697	BMSC	1	Random Forest	0.347966609228187	0.2983562327989	0.0496103764292872
295	GSM4128698	BMSC	3	Random Forest	0.400789737425506	0.373330674612669	0.0274590628128368
296	GSM4128699	BMSC	4	Random Forest	0.416911456082187	0.380663730367441	0.036247725714746
297	GSM4128700	BMSC	2	Random Forest	0.344299445244229	0.339651169283793	0.00464827596043571
298	GSM4128701	BMSC	2	Random Forest	0.386137526512896	0.368493449965783	0.017644076547113
299	GSM4128702	BMSC	5	Random Forest	0.362865053263312	0.349712951470166	0.0131521017931459
300	GSM4128703	BMSC	5	Random Forest	0.355858065284059	0.356077758696851	-0.000219693412791711
301	GSM4128704	BMSC	1	Random Forest	0.39915850665082	0.332060565196993	0.0670979414538265
302	GSM4128705	BMSC	1	Random Forest	0.383379053311263	0.353737614139141	0.029641439172122
303	GSM4128706	BMSC	1	Random Forest	0.40416208947984	0.386896985215211	0.0172651042646295
304	GSM4128707	BMSC	3	Random Forest	0.400924385472255	0.371637164134495	0.0292872213377605
305	GSM4128708	BMSC	5	Random Forest	0.385272230769154	0.358380077996948	0.0268921527722056
306	GSM4128709	BMSC	1	Random Forest	0.368728357135386	0.346048518470767	0.0226798386646186
307	GSM4128710	BMSC	5	Random Forest	0.360168241988483	0.357333123762983	0.00283511822550014
308	GSM4128711	BMSC	2	Random Forest	0.416759968854698	0.385445420500834	0.0313145483538642
309	GSM4128712	BMSC	5	Random Forest	0.354329093644955	0.350653215070625	0.00367587857432983
310	GSM4128713	BMSC	5	Random Forest	0.406866106863147	0.364726266470343	0.042139840392804
311	GSM4128714	BMSC	1	Random Forest	0.335647697858022	0.347428589137489	-0.011780891279467
312	GSM4128715	BMSC	4	Random Forest	0.391217767394405	0.372273720184978	0.0189440472094266
313	GSM4128716	BMSC	3	Random Forest	0.362913427983746	0.344011171038682	0.0189022569450643
314	GSM4128717	BMSC	5	Random Forest	0.402003850564935	0.390256751432607	0.0117470991323279
315	GSM4128718	BMSC	5	Random Forest	0.366978472880817	0.376865977937661	-0.00988750505684449
316	GSM4128719	BMSC	1	Random Forest	0.321505014104603	0.304805256661419	0.016699757443184
317	GSM4128720	BMSC	4	Random Forest	0.290412766243126	0.317441449064794	-0.0270286828216681
318	GSM4128721	BMSC	3	Random Forest	0.405892665914299	0.368219211771674	0.0376734541426245
319	GSM4128722	BMSC	4	Random Forest	0.364604800071522	0.343803916818604	0.0208008832529181
320	GSM4128723	BMSC	5	Random Forest	0.409558532862735	0.34440611602398	0.0651524168387553
321	GSM4128724	BMSC	5	Random Forest	0.353309082708021	0.341756980561647	0.0115521021463739
322	GSM4128725	BMSC	3	Random Forest	0.373170496266809	0.318056549093043	0.0551139471737663
323	GSM4128726	BMSC	2	Random Forest	0.329130637736469	0.313556205413454	0.015574432323015
324	GSM4128727	BMSC	4	Random Forest	0.357865111534381	0.337026891065109	0.0208382204692715
325	GSM5393142	BMSC	5	Random Forest	0.277298505885209	0.338950179571709	-0.0616516736865005
326	GSM5393143	BMSC	2	Random Forest	0.392339974849033	0.332075820875961	0.0602641539730718
327	GSM5393144	BMSC	1	Random Forest	0.279878534014428	0.314474107422114	-0.0345955734076855
328	GSM5393145	BMSC	3	Random Forest	0.367686051259084	0.337458537482304	0.0302275137767797
329	GSM5393146	BMSC	4	Random Forest	0.334677757123189	0.327821934948865	0.0068558221743244
330	GSM5393147	BMSC	4	Random Forest	0.331469513671771	0.312138732026778	0.0193307816449933
331	GSM5393148	BMSC	2	Random Forest	0.343100266929092	0.313523372232467	0.0295768946966247
332	GSM5393149	BMSC	3	Random Forest	0.256905871131922	0.312211128692766	-0.0553052575608443
333	GSM5393150	BMSC	5	Random Forest	0.30800367205266	0.281362293481188	0.0266413785714718
334	GSM5393151	BMSC	1	Random Forest	0.0782799798071849	0.0961142396656932	-0.0178342598585083
335	GSM5393152	BMSC	1	Random Forest	0.063499437491477	0.0783624980774085	-0.0148630605859315
336	GSM5393153	BMSC	2	Random Forest	0.0675000056899039	0.0704952238548428	-0.0029952181649389
337	GSM5393154	BMSC	1	Random Forest	0.0637267921687037	0.0787930734298444	-0.0150662812611407
338	GSM5393155	BMSC	4	Random Forest	0.0637012569967374	0.0733932971413317	-0.00969204014459431
339	GSM5393156	BMSC	1	Random Forest	0.0700258975231479	0.086825167250382	-0.0167992697272341
340	GSM5393157	BMSC	3	Random Forest	0.131398033685134	0.149273182098986	-0.0178751484138517
341	GSM5393158	BMSC	1	Random Forest	0.0645435648605577	0.0789764715897604	-0.0144329067292027
342	GSM5393159	BMSC	5	Random Forest	0.0634189632319333	0.0667470036310679	-0.00332804039913465
343	GSM4072651	BMSC	3	Random Forest	0.205360735230944	0.251419885120693	-0.046059149889749
344	GSM4072652	BMSC	4	Random Forest	0.183583644020664	0.236118810344222	-0.0525351663235576
345	GSM4072653	BMSC	2	Random Forest	0.199118147643225	0.265013225493947	-0.0658950778507219
346	GSM4072654	BMSC	4	Random Forest	0.221701238310308	0.266356449788546	-0.0446552114782381
347	GSM4072655	BMSC	4	Random Forest	0.26687405791491	0.27831982969031	-0.0114457717754001
348	GSM4072656	BMSC	3	Random Forest	0.212458893527763	0.257535424335583	-0.0450765308078201
349	GSM4072657	BMSC	5	Random Forest	0.199625728857531	0.244318907673333	-0.0446931788158015
350	GSM4072658	BMSC	5	Random Forest	0.187134272899926	0.257681298445025	-0.0705470255450992
351	GSM4072659	BMSC	4	Random Forest	0.241783812519351	0.289242994313493	-0.0474591817941417
352	GSM4072660	BMSC	5	Random Forest	0.272545586909225	0.275024633192906	-0.00247904628368067
353	GSM4072661	BMSC	4	Random Forest	0.216780941928465	0.264025931261086	-0.0472449893326212
354	GSM4072662	BMSC	2	Random Forest	0.246571409600757	0.255667974834496	-0.00909656523373933
355	GSM4072663	BMSC	3	Random Forest	0.2176892750063	0.269026722085074	-0.0513374470787737
356	GSM4072664	BMSC	2	Random Forest	0.233035435552488	0.27120240539244	-0.038166969839952
357	GSM4072665	BMSC	5	Random Forest	0.231615121418252	0.234318153027043	-0.0027030316087906
358	GSM4072666	BMSC	3	Random Forest	0.223923226499767	0.232611709538342	-0.00868848303857458
359	GSM4072667	BMSC	3	Random Forest	0.248426299629143	0.255106778867176	-0.00668047923803269
360	GSM4072668	BMSC	2	Random Forest	0.199352743051659	0.254820942531448	-0.0554681994797889
361	GSM3167292	HSC	1	Random Forest	0.429889912453648	0.447043794415769	-0.0171538819621209
362	GSM3167321	HSC	5	Random Forest	0.49585524483153	0.424527122580704	0.0713281222508261
363	GSM3167324	HSC	2	Random Forest	0.458393313975598	0.440009958748641	0.0183833552269573
364	GSM3167327	HSC	4	Random Forest	0.379156072865639	0.403937498035064	-0.0247814251694249
365	GSM3167340	HSC	4	Random Forest	0.492601380780526	0.449292749828911	0.0433086309516151
366	GSM3167351	HSC	5	Random Forest	0.511046692982949	0.436712221607311	0.0743344713756377
367	GSM3167354	HSC	5	Random Forest	0.347093061549597	0.355962100677696	-0.00886903912809883
368	GSM3167361	HSC	3	Random Forest	0.466802687503331	0.424430510205277	0.0423721772980542
369	GSM3190036	HSC	3	Random Forest	0.199745176512254	0.203439383962568	-0.00369420745031365
370	GSM3190038	HSC	2	Random Forest	0.234489732238723	0.196309533811684	0.0381801984270386
371	GSM3190039	HSC	2	Random Forest	0.184355470317571	0.170451100188547	0.0139043701290237
372	GSM3190040	HSC	3	Random Forest	0.18816554900722	0.214735394591836	-0.0265698455846163
373	GSM3190041	HSC	5	Random Forest	0.137610334662559	0.165802064281286	-0.0281917296187267
374	GSM3190046	HSC	3	Random Forest	0.271204800059489	0.226447892562813	0.0447569074966756
375	GSM3190049	HSC	5	Random Forest	0.167886757992009	0.210516948485614	-0.0426301904936046
376	GSM3190055	HSC	5	Random Forest	0.100236878548708	0.171222874332467	-0.0709859957837587
377	GSM3190056	HSC	1	Random Forest	0.183186710610939	0.195601103837562	-0.0124143932266229
378	GSM3190058	HSC	3	Random Forest	0.11323297052193	0.205815717638702	-0.092582747116772
379	GSM3190059	HSC	1	Random Forest	0.178208850913506	0.156053804383806	0.0221550465297003
380	GSM3190066	HSC	4	Random Forest	0.129899208880307	0.168145720798161	-0.0382465119178537
381	GSM3190068	HSC	2	Random Forest	0.137859188250593	0.166821390931787	-0.0289622026811936
382	GSM3190073	HSC	3	Random Forest	0.115531051437697	0.166027200779971	-0.0504961493422739
383	GSM2797287_Sample_56677	HSC	2	Random Forest	0.386087493448461	0.413928250209953	-0.0278407567614916
384	GSM2797288_Sample_56678	HSC	5	Random Forest	0.47584022968276	0.456683252166843	0.0191569775159172
385	GSM2797289_Sample_56996	HSC	3	Random Forest	0.324975863845148	0.392951289123649	-0.067975425278501
386	GSM2797290_Sample_57009	HSC	5	Random Forest	0.505000424996107	0.468509056894488	0.0364913681016187
387	GSM2797291_Sample_56997	HSC	2	Random Forest	0.505378003715339	0.537183612468423	-0.0318056087530841
388	GSM2797292_Sample_57010	HSC	2	Random Forest	0.434517841564355	0.422295016574181	0.0122228249901739
389	GSM2797293_Sample_69598	HSC	5	Random Forest	0.605762013708003	0.551039772513254	0.0547222411947488
390	GSM2797294_Sample_57005	HSC	1	Random Forest	0.502608556654359	0.404452136344794	0.098156420309565
391	GSM2797295_Sample_69599	HSC	3	Random Forest	0.576649355864428	0.489733749399431	0.0869156064649966
392	GSM2797296_Sample_57008	HSC	5	Random Forest	0.339895297843669	0.361268811015464	-0.0213735131717948
393	GSM2797297_Sample_57000	HSC	4	Random Forest	0.489275456345292	0.449457296668909	0.0398181596763831
394	GSM2797298_Sample_57004	HSC	5	Random Forest	0.545342607361435	0.52066586080228	0.0246767465591551
395	GSM2797299_Sample_69596	HSC	4	Random Forest	0.514048177241784	0.504665295304123	0.00938288193766079
396	GSM2797300_Sample_57002	HSC	1	Random Forest	0.54537708207458	0.508477502958872	0.0368995791157077
397	GSM2797301_Sample_57003	HSC	4	Random Forest	0.617115152500872	0.515163313539455	0.101951838961417
398	GSM2797302_Sample_56682	HSC	1	Random Forest	0.638789625103946	0.547075178525807	0.0917144465781387
399	GSM2797303_Sample_69600	HSC	3	Random Forest	0.453390086001123	0.409591332015338	0.0437987539857849
400	GSM2797304_Sample_57001	HSC	1	Random Forest	0.522254473692039	0.47551584228081	0.0467386314112287
401	GSM2797305_Sample_56683	HSC	4	Random Forest	0.600914927610423	0.512647770528623	0.0882671570817997
402	GSM2797306_Sample_69597	HSC	3	Random Forest	0.44170349523344	0.486907737284227	-0.0452042420507874
403	GSM4432248	PGC	2	Random Forest	0.48456129175439	0.570514332867749	-0.0859530411133592
404	GSM4432249	PGC	2	Random Forest	0.473225838049702	0.563827314442564	-0.0906014763928619
405	GSM4432250	PGC	1	Random Forest	0.494281667898842	0.549112442986369	-0.0548307750875268
406	GSM4432281	PGC	1	Random Forest	0.521366849431456	0.597152249429388	-0.0757853999979318
407	GSM4432282	PGC	3	Random Forest	0.53733143140349	0.565752453419074	-0.0284210220155835
408	D3.5_1_Base_Media_NANOGPos	PGC	2	Random Forest	0.71510418546582	0.674934009068105	0.040170176397715
409	D3.5_2_Base_Media_NANOGPos	PGC	1	Random Forest	0.7251901904738	0.686594362873346	0.0385958276004535
410	D3.5_3_Base_Media_NANOGPos	PGC	4	Random Forest	0.680585259032092	0.656071043648334	0.024514215383758
411	D3.5_1_XAV_NANOGPos	PGC	4	Random Forest	0.699299659528012	0.664730810149473	0.034568849378539
412	D3.5_2_XAV_NANOGPos	PGC	3	Random Forest	0.707216820936255	0.675559696304991	0.0316571246312642
413	D3.5_3_XAV_NANOGPos	PGC	2	Random Forest	0.692324338549333	0.626457070127098	0.0658672684222352
414	GSM1466233	PGC	5	Random Forest	0.539130481367509	0.562270211633772	-0.0231397302662626
415	GSM1466234	PGC	1	Random Forest	0.592815372995823	0.554361716512441	0.0384536564833824
416	GSM1466241	PGC	5	Random Forest	0.555193342237168	0.50919647257182	0.0459968696653477
417	GSM1466242	PGC	5	Random Forest	0.628944772333105	0.552792041633175	0.0761527306999302
418	GSM2099959	iPSC	5	Random Forest	0.870091441418715	0.8939236769759	-0.0238322355571854
419	GSM2099960	iPSC	1	Random Forest	0.915371778470158	0.907832418095752	0.0075393603744065
420	GSM2099961	iPSC	4	Random Forest	0.893901424987723	0.898724524089144	-0.00482309910142142
421	GSM2099962	iPSC	4	Random Forest	0.951966410811127	0.947224570055963	0.00474184075516448
422	GSM2099963	iPSC	5	Random Forest	0.935709600653837	0.930230238079884	0.00547936257395265
423	GSM2099964	iPSC	5	Random Forest	0.945589181899234	0.9359123795974	0.00967680230183432
424	GSM2099965	iPSC	4	Random Forest	0.97030791804554	0.958209081256389	0.0120988367891505
425	GSM2099966	iPSC	1	Random Forest	0.97343549570509	0.956151776646686	0.017283719058404
426	GSM2099967	iPSC	3	Random Forest	0.942665655249719	0.947751422018932	-0.00508576676921335
427	GSM2099968	iPSC	4	Random Forest	0.914043969223779	0.920352962099377	-0.0063089928755985
428	GSM2099969	iPSC	1	Random Forest	0.911195280155619	0.920055054070993	-0.00885977391537407
429	GSM2099970	iPSC	1	Random Forest	0.921733091409548	0.922576860923184	-0.000843769513635739
430	GSM2099971	iPSC	4	Random Forest	0.922827780669495	0.917163190655255	0.00566459001424013
431	GSM2099972	iPSC	4	Random Forest	0.919506377436206	0.918665149968276	0.000841227467929917
432	GSM2099973	iPSC	1	Random Forest	0.912881776599697	0.910946602870966	0.00193517372873087
433	GSM2099974	iPSC	4	Random Forest	0.902140144603808	0.914337080416419	-0.0121969358126106
434	GSM2099975	iPSC	1	Random Forest	0.922948873252694	0.922937481734769	1.13915179252855e-05
435	GSM2099976	iPSC	1	Random Forest	0.955868499623622	0.952847928457608	0.0030205711660144
436	GSM2099977	iPSC	5	Random Forest	0.941294492447	0.94263610925162	-0.00134161680461964
437	GSM2099978	iPSC	2	Random Forest	0.965921345172109	0.955958527261309	0.00996281791079978
438	GSM2099979	iPSC	3	Random Forest	0.955927423099093	0.9536886790187	0.00223874408039315
439	GSM2099980	iPSC	1	Random Forest	0.958547906621076	0.952980402172454	0.00556750444862175
440	GSM2099981	iPSC	2	Random Forest	0.948968358180746	0.952167632310095	-0.00319927412934928
441	GSM2099982	iPSC	5	Random Forest	0.934303148233143	0.938972589787932	-0.00466944155478943
442	GSM2099983	iPSC	3	Random Forest	0.941931112394717	0.946412177275552	-0.00448106488083511
443	GSM2099984	iPSC	4	Random Forest	0.94826492819648	0.943527337096193	0.00473759110028715
444	GSM2099985	iPSC	1	Random Forest	0.939349105441007	0.934224098187389	0.00512500725361831
445	GSM2099986	iPSC	5	Random Forest	0.956490579920676	0.95037310285232	0.00611747706835608
446	GSM2099987	iPSC	3	Random Forest	0.921089175322913	0.918426738092172	0.00266243723074111
447	GSM2099988	iPSC	2	Random Forest	0.86435035798455	0.874591976979102	-0.0102416189945518
448	GSM2099989	iPSC	5	Random Forest	0.923574300110752	0.924892943842942	-0.00131864373218971
449	GSM2099990	iPSC	4	Random Forest	0.921749299834384	0.923542539831335	-0.00179323999695102
450	GSM2099991	iPSC	3	Random Forest	0.925342594105854	0.923636509381252	0.00170608472460232
451	GSM2099992	iPSC	5	Random Forest	0.921811740828614	0.923295117437921	-0.00148337660930697
452	GSM2099993	iPSC	3	Random Forest	0.980589083312345	0.962763252642441	0.0178258306699042
453	GSM2099994	iPSC	5	Random Forest	0.974643821880592	0.953495439635602	0.0211483822449895
454	GSM2099995	iPSC	5	Random Forest	0.979746489999902	0.956046051344833	0.0237004386550687
455	GSM2099996	iPSC	5	Random Forest	0.956658488816729	0.937052617182752	0.0196058716339773
456	GSM2099997	iPSC	2	Random Forest	0.964444602766625	0.937391685122248	0.0270529176443773
457	GSM2099998	iPSC	4	Random Forest	0.916241810305001	0.924254856065578	-0.00801304576057693
458	GSM2099999	iPSC	2	Random Forest	0.903531512401692	0.915141647835545	-0.0116101354338533
459	GSM2100000	iPSC	2	Random Forest	0.911266325133147	0.917693008889047	-0.00642668375589983
460	GSM2100001	iPSC	2	Random Forest	0.910668680979396	0.907871821508921	0.00279685947047537
461	GSM2100002	iPSC	4	Random Forest	0.920905191248109	0.922548007288161	-0.00164281604005223
462	GSM2100003	iPSC	1	Random Forest	0.918526974454911	0.91709182331906	0.00143515113585113
463	GSM2100004	iPSC	3	Random Forest	0.899858266818871	0.90793530713424	-0.00807704031536904
464	GSM2100005	iPSC	4	Random Forest	0.921039517856066	0.929611975831232	-0.00857245797516615
465	GSM2100006	iPSC	5	Random Forest	0.920793241754196	0.938168191008341	-0.0173749492541452
466	GSM2100007	iPSC	2	Random Forest	0.92658772164586	0.941514371808055	-0.0149266501621949
467	GSM2100008	iPSC	2	Random Forest	0.931088080904531	0.930429262118084	0.000658818786446802
468	GSM2100009	iPSC	2	Random Forest	0.920941023066076	0.920414952152693	0.000526070913382748
469	GSM2100010	iPSC	5	Random Forest	0.919358070209835	0.926421735454794	-0.00706366524495883
470	GSM2100011	iPSC	4	Random Forest	0.9259645266251	0.921791745737973	0.00417278088712725
471	GSM2100012	iPSC	4	Random Forest	0.890478285368595	0.892622916074226	-0.00214463070563109
472	GSM2100013	iPSC	2	Random Forest	0.831461281687422	0.863394589689395	-0.0319333080019729
473	GSM2100014	iPSC	2	Random Forest	0.937050644101409	0.936162168583193	0.000888475518215692
474	GSM2100015	iPSC	2	Random Forest	0.953175420684802	0.939715267616884	0.013460153067918
475	GSM2100016	iPSC	4	Random Forest	0.935778360750043	0.933667754492296	0.00211060625774673
476	GSM2100017	iPSC	3	Random Forest	0.920174492303507	0.924139187115901	-0.0039646948123937
477	GSM2100018	iPSC	1	Random Forest	0.901461799935543	0.910459931258777	-0.00899813132323357
478	GSM2100019	iPSC	1	Random Forest	0.923232987988248	0.924417738900084	-0.00118475091183556
479	GSM2100020	iPSC	3	Random Forest	0.869781733100547	0.880855946241244	-0.0110742131406975
480	GSM2100021	iPSC	2	Random Forest	0.920195951587423	0.911508815563459	0.00868713602396398
481	GSM2100022	iPSC	1	Random Forest	0.863215543869385	0.880490834431228	-0.0172752905618431
482	GSM2100023	iPSC	4	Random Forest	0.934480108001094	0.934022827162241	0.00045728083885288
483	GSM2100024	iPSC	4	Random Forest	0.941283587427308	0.939895679100396	0.0013879083269116
484	GSM2100025	iPSC	2	Random Forest	0.936733319849535	0.934921612892168	0.00181170695736743
485	GSM2100026	iPSC	5	Random Forest	0.887190829985758	0.882330060852646	0.0048607691331124
486	GSM2100027	iPSC	3	Random Forest	0.905805928862604	0.89410114169658	0.0117047871660242
487	GSM2100028	iPSC	4	Random Forest	0.896753051607889	0.891533357950461	0.00521969365742792
488	GSM2100029	iPSC	5	Random Forest	0.960813301426099	0.942612592186659	0.0182007092394403
489	GSM2100030	iPSC	3	Random Forest	0.954805525683805	0.946097740948954	0.00870778473485068
490	GSM2100031	iPSC	1	Random Forest	0.961981067346182	0.952119722907448	0.00986134443873421
491	GSM2100032	iPSC	5	Random Forest	0.911221410630358	0.921980451922789	-0.0107590412924312
492	GSM2100033	iPSC	4	Random Forest	0.913805432056584	0.918751586965043	-0.00494615490845929
493	GSM2100034	iPSC	1	Random Forest	0.90854732607271	0.92406777145001	-0.0155204453772997
494	GSM2100035	iPSC	5	Random Forest	0.891167254990158	0.904550712173511	-0.013383457183353
495	GSM2100036	iPSC	5	Random Forest	0.878611126128936	0.904568871762952	-0.0259577456340164
496	GSM2100037	iPSC	5	Random Forest	0.903451412398967	0.912235296645381	-0.00878388424641452
497	GSM2100038	iPSC	2	Random Forest	0.867482979084378	0.881976748645453	-0.014493769561075
498	GSM2100039	iPSC	1	Random Forest	0.843499387452436	0.857714080950269	-0.014214693497833
499	GSM2100040	iPSC	5	Random Forest	0.843870246126183	0.852272259364282	-0.00840201323809853
500	GSM2100041	iPSC	3	Random Forest	0.848656056216791	0.853854413857896	-0.00519835764110521
501	GSM2100042	iPSC	2	Random Forest	0.890508270183309	0.890347278797095	0.000160991386213838
502	GSM2100043	iPSC	4	Random Forest	0.893826207919768	0.885311585166453	0.00851462275331494
503	GSM2100044	iPSC	1	Random Forest	0.885451968367053	0.900196346798985	-0.0147443784319319
504	GSM2100045	iPSC	4	Random Forest	0.91888631702419	0.908100503170787	0.0107858138534033
505	GSM2100046	iPSC	2	Random Forest	0.925676185867276	0.916862326915225	0.00881385895205145
506	GSM2100047	iPSC	4	Random Forest	0.933444581533962	0.927836829536449	0.00560775199751329
507	GSM2100048	iPSC	3	Random Forest	0.934602812420961	0.932247267261509	0.0023555451594518
508	GSM2100049	iPSC	5	Random Forest	0.964727910477507	0.929014043848695	0.0357138666288115
509	GSM2100050	iPSC	5	Random Forest	0.942832969941838	0.945038025124927	-0.00220505518308933
510	GSM2100051	iPSC	2	Random Forest	0.940138412773558	0.936689690258136	0.00344872251542205
511	GSM2100052	iPSC	1	Random Forest	0.949441070005845	0.945122364707903	0.00431870529794209
512	GSM2100053	iPSC	3	Random Forest	0.963328113571589	0.952035685058308	0.0112924285132807
513	GSM2100054	iPSC	4	Random Forest	0.973574413054537	0.953059714200884	0.0205146988536533
514	GSM2100055	iPSC	3	Random Forest	0.93110048691241	0.931239952111055	-0.000139465198645383
515	GSM2100056	iPSC	3	Random Forest	0.941958926210045	0.933324017585387	0.00863490862465843
516	GSM2100057	iPSC	4	Random Forest	0.935046335757486	0.925281632270437	0.00976470348704894
517	GSM2100058	iPSC	3	Random Forest	0.936478702539007	0.942071014600331	-0.00559231206132449
518	GSM2100059	iPSC	2	Random Forest	0.939510575225052	0.943006996725631	-0.00349642150057883
519	GSM2100060	iPSC	5	Random Forest	0.936563747073208	0.942557123498297	-0.00599337642508879
520	GSM2100061	iPSC	1	Random Forest	0.940079032346349	0.925535747300291	0.014543285046058
521	GSM2100062	iPSC	2	Random Forest	0.920709831466937	0.923498715042078	-0.00278888357514084
522	GSM2100063	iPSC	1	Random Forest	0.935102922041129	0.928518801866228	0.0065841201749014
523	GSM2100064	iPSC	4	Random Forest	0.862340849284682	0.872062969781045	-0.00972212049636345
524	GSM2100065	iPSC	1	Random Forest	0.892810925024686	0.910486929418147	-0.0176760043934608
525	GSM2100066	iPSC	3	Random Forest	0.893539142259486	0.898811656914752	-0.00527251465526601
526	GSM2100067	iPSC	4	Random Forest	0.867782372996232	0.880295858368883	-0.0125134853726511
527	GSM2100068	iPSC	2	Random Forest	0.861386375553373	0.882812878693022	-0.0214265031396487
528	GSM2100069	iPSC	1	Random Forest	0.922559791002659	0.929250794236396	-0.00669100323373739
529	GSM2100070	iPSC	3	Random Forest	0.933471170029179	0.930968547885704	0.00250262214347474
530	GSM2100071	iPSC	2	Random Forest	0.936964290685661	0.935171885875796	0.00179240480986465
531	GSM2100072	iPSC	4	Random Forest	0.906878725554284	0.912383894661783	-0.00550516910749943
532	GSM2100073	iPSC	1	Random Forest	0.898741839874777	0.913902149767998	-0.0151603098932206
533	GSM2100074	iPSC	3	Random Forest	0.908382345368861	0.919682577960969	-0.0113002325921076
534	GSM2100075	iPSC	3	Random Forest	0.989437898138674	0.968438483875177	0.0209994142634969
535	GSM2100076	iPSC	4	Random Forest	0.971428260629606	0.960102801913137	0.0113254587164693
536	GSM2100077	iPSC	3	Random Forest	0.961656216531881	0.957237952888351	0.0044182636435296
537	GSM2100078	iPSC	2	Random Forest	0.981841439565034	0.973885347826254	0.00795609173878031
538	GSM2100079	iPSC	1	Random Forest	0.968236082641624	0.963347307546707	0.00488877509491725
539	GSM2100080	iPSC	1	Random Forest	0.986916044992103	0.970418681026602	0.0164973639655011
540	GSM2100081	iPSC	3	Random Forest	0.918346942831058	0.955432129932135	-0.0370851871010771
541	GSM2100082	iPSC	1	Random Forest	0.921457214728433	0.929759965082005	-0.0083027503535722
542	GSM2100083	iPSC	2	Random Forest	0.895580065179689	0.906383700756785	-0.0108036355770961
543	GSM2100084	iPSC	3	Random Forest	0.883318239455097	0.895809540475016	-0.012491301019919
544	GSM2100085	iPSC	2	Random Forest	0.901771816944818	0.91283698086045	-0.0110651639156317
545	GSM2100086	iPSC	1	Random Forest	0.881499389001972	0.867215202624141	0.0142841863778312
546	GSM2100087	iPSC	3	Random Forest	0.860315333718454	0.879649508011109	-0.0193341742926547
547	GSM2100088	iPSC	5	Random Forest	0.884778865887108	0.901678289286851	-0.016899423399743
548	GSM2100089	iPSC	5	Random Forest	0.958221399908163	0.945825261348358	0.0123961385598047
549	GSM2100090	iPSC	4	Random Forest	0.974086040588912	0.952394502801414	0.0216915377874979
550	GSM2100091	iPSC	1	Random Forest	0.951480537285483	0.934957952684277	0.0165225846012061
551	GSM2100092	iPSC	3	Random Forest	0.968529534300125	0.959657646889184	0.00887188741094114
552	GSM2100093	iPSC	2	Random Forest	0.955908025664369	0.943957077217169	0.0119509484472001
553	GSM2100094	iPSC	4	Random Forest	0.974342243715006	0.962328530141175	0.0120137135738305
554	GSM2100095	iPSC	4	Random Forest	0.963735897956297	0.960217278584525	0.00351861937177189
555	GSM2100096	iPSC	2	Random Forest	0.955747172583108	0.952271521845837	0.00347565073727107
556	GSM2100097	iPSC	3	Random Forest	0.953135850220024	0.957209892423536	-0.00407404220351226
557	GSM2100098	iPSC	5	Random Forest	0.968080823254145	0.960608646616834	0.00747217663731115
558	GSM2100099	iPSC	5	Random Forest	0.90771250210404	0.917161249060393	-0.00944874695635267
559	GSM2100100	iPSC	4	Random Forest	0.954002232335072	0.94392879653792	0.0100734357971521
560	GSM2100101	iPSC	2	Random Forest	0.90074108864466	0.910840791309689	-0.0100997026650288
561	GSM2100102	iPSC	2	Random Forest	0.933190812178439	0.94290760443861	-0.00971679226017075
562	GSM2100103	iPSC	3	Random Forest	0.947131392858674	0.939886889696288	0.00724450316238634
563	GSM2100104	iPSC	5	Random Forest	0.952624326832698	0.944549451329268	0.00807487550342978
564	GSM2100105	iPSC	2	Random Forest	0.862990427455445	0.881182272457059	-0.0181918450016137
565	GSM2100106	iPSC	3	Random Forest	0.879473903455552	0.881224758408892	-0.00175085495334037
566	GSM2100107	iPSC	5	Random Forest	0.916606252538326	0.92418433906612	-0.00757808652779368
567	GSM2100108	iPSC	2	Random Forest	0.934486619273589	0.927751107458058	0.00673551181553123
568	GSM2100109	iPSC	2	Random Forest	0.935046211527332	0.93104767849876	0.00399853302857245
569	GSM2100110	iPSC	4	Random Forest	0.950645104342959	0.937202915186037	0.013442189156922
570	GSM2100111	iPSC	3	Random Forest	0.926049559021163	0.930957555411636	-0.00490799639047312
571	GSM2100112	iPSC	5	Random Forest	0.927467579921442	0.932587819225562	-0.00512023930411953
572	GSM2100113	iPSC	4	Random Forest	0.93698999387514	0.930009201317743	0.00698079255739692
573	GSM2100114	iPSC	4	Random Forest	0.952120329289262	0.935690840578113	0.0164294887111486
574	GSM2100115	iPSC	2	Random Forest	0.929137962448482	0.929380487230237	-0.000242524781754794
575	GSM2100116	iPSC	1	Random Forest	0.959798120278349	0.940936179529831	0.0188619407485177
576	GSM2100117	iPSC	2	Random Forest	0.93899860149399	0.929753930905028	0.00924467058896172
577	GSM2100118	iPSC	1	Random Forest	0.951978012980079	0.941109490507746	0.0108685224723331
578	GSM2100119	iPSC	3	Random Forest	0.973641899917509	0.955521833070555	0.0181200668469544
579	GSM2100120	iPSC	4	Random Forest	0.973512930922248	0.948713789281101	0.0247991416411468
580	GSM2100121	iPSC	4	Random Forest	0.961495497699583	0.940324126866866	0.0211713708327175
581	GSM2100122	iPSC	1	Random Forest	0.892664365549144	0.919830730058178	-0.0271663645090336
582	GSM2100123	iPSC	4	Random Forest	0.915710577673096	0.924310078342938	-0.00859950066984161
583	GSM2100124	iPSC	4	Random Forest	0.936242563486133	0.93401244062295	0.0022301228631828
584	GSM2100125	iPSC	1	Random Forest	0.945554008179193	0.943767474942652	0.00178653323654088
585	GSM2100126	iPSC	3	Random Forest	0.931536179665397	0.939587894936987	-0.00805171527158965
586	GSM2100127	iPSC	3	Random Forest	0.929765556818099	0.92575717916597	0.00400837765212947
587	GSM2100128	iPSC	1	Random Forest	0.922812698123299	0.922073950129037	0.000738747994261879
588	GSM2100129	iPSC	4	Random Forest	0.911890036900666	0.926090667620769	-0.0142006307201027
589	GSM2100130	iPSC	5	Random Forest	0.903043031251838	0.925359253131065	-0.0223162218792267
590	GSM2100131	iPSC	1	Random Forest	0.926733038903872	0.9251343581215	0.00159868078237169
591	GSM2100132	iPSC	2	Random Forest	0.938456606093041	0.921569828731432	0.0168867773616092
592	GSM2100133	iPSC	2	Random Forest	0.931845045980489	0.927184819341468	0.0046602266390211
593	GSM2100134	iPSC	3	Random Forest	0.951069891743987	0.94042295085519	0.010646940888797
594	GSM2100135	iPSC	3	Random Forest	0.953971635634949	0.943556400963059	0.01041523467189
595	GSM2100136	iPSC	2	Random Forest	0.937096774749894	0.93020163736051	0.00689513738938363
596	GSM2100137	iPSC	1	Random Forest	0.928132717580425	0.925741618888712	0.00239109869171328
597	GSM2100138	iPSC	2	Random Forest	0.920879000507317	0.918618434746552	0.00226056576076461
598	GSM2100139	iPSC	5	Random Forest	0.913760142920515	0.91537215248145	-0.00161200956093466
599	GSM2100140	iPSC	5	Random Forest	0.887280220163032	0.90098400575936	-0.0137037855963279
600	GSM2100141	iPSC	1	Random Forest	0.91198927604229	0.908390307803986	0.00359896823830419
601	GSM2100142	iPSC	5	Random Forest	0.915196224049422	0.908106334733708	0.00708988931571364
602	GSM2100143	iPSC	4	Random Forest	0.951765975547228	0.9479530827111	0.00381289283612818
603	GSM2100144	iPSC	4	Random Forest	0.945133655246633	0.948280080766523	-0.00314642551989019
604	GSM2100145	iPSC	1	Random Forest	0.937181636695736	0.941397266524243	-0.00421562982850732
605	GSM2100146	iPSC	4	Random Forest	0.887475299629088	0.915136324977102	-0.0276610253480143
606	GSM2100147	iPSC	4	Random Forest	0.919242906116938	0.915278292097064	0.00396461401987402
607	GSM2100148	iPSC	3	Random Forest	0.910135830425234	0.909005611054729	0.00113021937050528
608	GSM2100149	iPSC	1	Random Forest	0.946169214251661	0.925987629837766	0.0201815844138951
609	GSM2100150	iPSC	1	Random Forest	0.936299787692063	0.928521165713299	0.00777862197876411
610	GSM2100151	iPSC	4	Random Forest	0.945930892152696	0.932669020534595	0.0132618716181012
611	GSM2100152	iPSC	2	Random Forest	0.924940716056906	0.928303566837206	-0.00336285078029974
612	GSM2100153	iPSC	4	Random Forest	0.946112868077825	0.944718062117689	0.00139480596013586
613	GSM2100154	iPSC	3	Random Forest	0.825413643375843	0.854388037984904	-0.0289743946090614
614	GSM2100155	iPSC	5	Random Forest	0.898701694125822	0.909874118799104	-0.0111724246732819
615	GSM2100156	iPSC	3	Random Forest	0.894582164616934	0.916334570534413	-0.021752405917479
616	GSM2100157	iPSC	3	Random Forest	0.903575158302441	0.919316494419498	-0.0157413361170566
617	GSM2100158	iPSC	2	Random Forest	0.933122394500619	0.92581668684953	0.00730570765108851
618	GSM2100159	iPSC	2	Random Forest	0.950363863151878	0.949975953071408	0.000387910080469678
619	GSM2100160	iPSC	4	Random Forest	0.953826429951756	0.945311095915777	0.00851533403597926
620	GSM2100161	iPSC	5	Random Forest	0.936466292290211	0.94665883440274	-0.0101925421125291
621	GSM2100162	iPSC	3	Random Forest	0.944877301902364	0.94329066275351	0.00158663914885415
622	GSM2100163	iPSC	1	Random Forest	0.943838105783335	0.925706078106438	0.0181320276768973
623	GSM2100164	iPSC	1	Random Forest	0.928671939333102	0.936577621893708	-0.00790568256060631
624	GSM2100165	iPSC	4	Random Forest	0.894673642426882	0.931034069666322	-0.0363604272394396
625	GSM2100166	iPSC	3	Random Forest	0.939975383587139	0.942600248955345	-0.00262486536820639
626	GSM2100167	iPSC	2	Random Forest	0.945767753220257	0.936133510831297	0.00963424238895971
627	GSM2100168	iPSC	5	Random Forest	0.947543548544541	0.938891445765761	0.00865210277878004
628	GSM2100169	iPSC	4	Random Forest	0.935706524035754	0.929474664702115	0.00623185933363879
629	GSM2100170	iPSC	1	Random Forest	0.909068520749875	0.912218360707689	-0.00314983995781404
630	GSM2100171	iPSC	3	Random Forest	0.903569605777522	0.906421614930789	-0.00285200915326744
631	GSM2100172	iPSC	1	Random Forest	0.899800010771922	0.903868422628898	-0.00406841185697615
632	GSM2100173	iPSC	3	Random Forest	0.898242653447336	0.90206010539727	-0.00381745194993399
633	GSM2100174	iPSC	3	Random Forest	0.794071530127187	0.852933651172336	-0.0588621210451494
634	GSM2100175	iPSC	4	Random Forest	0.905186024212281	0.917394393703772	-0.0122083694914913
635	GSM2100176	iPSC	4	Random Forest	0.898342607058045	0.90092189823522	-0.00257929117717492
636	GSM2100177	iPSC	4	Random Forest	0.907210091726702	0.91662078758814	-0.00941069586143761
637	GSM2100178	iPSC	3	Random Forest	0.954497206610873	0.89587178175601	0.0586254248548633
638	GSM2100179	iPSC	2	Random Forest	0.911222116769681	0.919062948759871	-0.00784083199018981
639	GSM2100180	iPSC	5	Random Forest	0.915862207945277	0.917725056078316	-0.00186284813303905
640	GSM2100181	iPSC	1	Random Forest	0.905163208122165	0.911273957474484	-0.00611074935231948
641	GSM2100182	iPSC	4	Random Forest	0.956491176092446	0.953063627767703	0.00342754832474268
642	GSM2100183	iPSC	2	Random Forest	0.941927338310494	0.947448968840415	-0.00552163052992138
643	GSM2100184	iPSC	5	Random Forest	0.971425935994434	0.959515042795561	0.0119108931988734
644	GSM2100185	iPSC	5	Random Forest	0.943596139513375	0.94350182264427	9.43168691052154e-05
645	GSM2100186	iPSC	3	Random Forest	0.943369008290388	0.943079015995102	0.000289992295286035
646	GSM2100187	iPSC	2	Random Forest	0.94565909716282	0.945282859434154	0.000376237728665796
647	GSM2100188	iPSC	5	Random Forest	0.937093039483277	0.933072268021582	0.00402077146169511
648	GSM2100189	iPSC	5	Random Forest	0.926566415206432	0.929731332903204	-0.00316491769677185
649	GSM2100190	iPSC	1	Random Forest	0.899782061145559	0.915602954312254	-0.0158208931666951
650	GSM2100191	iPSC	5	Random Forest	0.925381469723785	0.923620717609014	0.00176075211477111
651	GSM2100192	iPSC	2	Random Forest	0.918360505537384	0.93640963894744	-0.0180491334100559
652	GSM2100193	iPSC	5	Random Forest	0.932236211599973	0.935073333989574	-0.00283712238960065
653	GSM2100194	iPSC	1	Random Forest	0.874968572953599	0.907344867375663	-0.0323762944220641
654	GSM2100195	iPSC	4	Random Forest	0.951767214696775	0.938170287665922	0.0135969270308526
655	GSM2100196	iPSC	5	Random Forest	0.901716527616503	0.916838143724436	-0.0151216161079331
656	GSM2100197	iPSC	1	Random Forest	0.94069104849828	0.936624383209163	0.00406666528911725
657	GSM2100198	iPSC	4	Random Forest	0.942793389775654	0.941153171280383	0.00164021849527096
658	GSM2100199	iPSC	2	Random Forest	0.925077949733188	0.930389749368079	-0.00531179963489115
659	GSM2100200	iPSC	1	Random Forest	0.925733320132597	0.929868887773423	-0.0041355676408259
660	GSM2100201	iPSC	5	Random Forest	0.903855916479804	0.933487226219498	-0.0296313097396943
661	GSM2100202	iPSC	3	Random Forest	0.896063139259755	0.909212090680661	-0.0131489514209059
662	GSM2100203	iPSC	5	Random Forest	0.898618558755267	0.906373121828921	-0.0077545630736543
663	GSM2100204	iPSC	3	Random Forest	0.904392673450938	0.911915771335221	-0.00752309788428274
664	GSM2100205	iPSC	2	Random Forest	0.954537025194252	0.935637361898136	0.0188996632961156
665	GSM2100206	iPSC	2	Random Forest	0.942530184353873	0.936528645452588	0.00600153890128508
666	GSM2100207	iPSC	2	Random Forest	0.945314156517746	0.947330407992166	-0.00201625147441975
667	GSM2100208	iPSC	3	Random Forest	0.890868955067259	0.91452468568009	-0.0236557306128311
668	GSM2100209	iPSC	2	Random Forest	0.911350233644016	0.914160747616072	-0.00281051397205556
669	GSM2100210	iPSC	2	Random Forest	0.908085406302727	0.913100364168385	-0.00501495786565809
670	GSM2100211	iPSC	2	Random Forest	0.92856922348518	0.936708082725167	-0.0081388592399867
671	GSM2100212	iPSC	3	Random Forest	0.941139237612323	0.944800242570226	-0.00366100495790334
672	GSM2100213	iPSC	5	Random Forest	0.957036896757473	0.941869930629096	0.0151669661283773
673	GSM2100214	iPSC	5	Random Forest	0.903383698412997	0.909320864207312	-0.00593716579431491
674	GSM2100215	iPSC	2	Random Forest	0.88755393098652	0.899067008876179	-0.0115130778896586
675	GSM2100216	iPSC	4	Random Forest	0.916612727404368	0.910859300380805	0.00575342702356341
676	GSM2100217	iPSC	5	Random Forest	0.897035227948896	0.900610239794712	-0.00357501184581643
677	GSM2100218	iPSC	5	Random Forest	0.911971995948708	0.91645507888015	-0.00448308293144239
678	GSM2100219	iPSC	1	Random Forest	0.914501948768592	0.911163181616069	0.00333876715252324
679	GSM2100220	iPSC	5	Random Forest	0.944806848331324	0.944605374893958	0.000201473437366095
680	GSM2100221	iPSC	1	Random Forest	0.958415631279055	0.942957551507005	0.0154580797720499
681	GSM2100222	iPSC	1	Random Forest	0.927579531092642	0.924800144064684	0.00277938702795788
682	GSM2100223	iPSC	5	Random Forest	0.946583824549796	0.936344006936377	0.0102398176134187
683	GSM2100224	iPSC	3	Random Forest	0.937386331216591	0.934696559742039	0.00268977147455207
684	GSM2100225	iPSC	1	Random Forest	0.931797310961766	0.937201567172029	-0.00540425621026253
685	GSM2100226	iPSC	4	Random Forest	0.977448946024325	0.947645824902639	0.0298031211216863
686	GSM2100227	iPSC	2	Random Forest	0.96983681875143	0.942387904977945	0.0274489137734855
687	GSM2100228	iPSC	4	Random Forest	0.99592399889808	0.951058424599351	0.0448655742987289
688	GSM2100229	iPSC	4	Random Forest	0.934445059518132	0.928191913803241	0.00625314571489055
689	GSM2100230	iPSC	5	Random Forest	0.933935298896363	0.93221822525388	0.00171707364248308
690	GSM2100231	iPSC	1	Random Forest	0.932429254771273	0.935087574401107	-0.00265831962983409
691	GSM2100232	iPSC	4	Random Forest	0.964027268465231	0.949435920975199	0.0145913474900324
692	GSM2100233	iPSC	1	Random Forest	0.953258888583335	0.942906613983809	0.0103522745995264
693	GSM2100234	iPSC	4	Random Forest	0.962626682115588	0.950432644319245	0.0121940377963432
694	GSM2100235	iPSC	4	Random Forest	0.916310985954596	0.926846190976308	-0.0105352050217118
695	GSM2100236	iPSC	1	Random Forest	0.918524331339684	0.924454338754693	-0.00593000741500849
696	GSM2100237	iPSC	5	Random Forest	0.924331301504358	0.923969546230208	0.000361755274149611
697	GSM2100238	iPSC	4	Random Forest	0.909906078563848	0.913113238194502	-0.00320715963065399
698	GSM2100239	iPSC	2	Random Forest	0.919693567846405	0.912859123086438	0.00683444475996664
699	GSM2100240	iPSC	3	Random Forest	0.869948444295714	0.869654965127842	0.000293479167872035
700	GSM2100241	iPSC	3	Random Forest	0.883845077897816	0.882295447637575	0.00154963026024113
701	GSM2100242	iPSC	3	Random Forest	0.91005271329988	0.912159028228249	-0.00210631492836932
702	GSM2100243	iPSC	5	Random Forest	0.92146741390417	0.918966416675018	0.0025009972291522
703	GSM2100244	iPSC	5	Random Forest	0.943596920853605	0.944098968977252	-0.000502048123647292
704	GSM2100245	iPSC	5	Random Forest	0.950909255934613	0.944074386669277	0.0068348692653355
705	GSM2100246	iPSC	3	Random Forest	0.942216563287542	0.939823244263283	0.00239331902425921
706	GSM2100247	iPSC	2	Random Forest	0.936156653666325	0.938460118365203	-0.00230346469887854
707	GSM2100248	iPSC	5	Random Forest	0.92226295112774	0.930024608638394	-0.00776165751065416
708	GSM2100249	iPSC	3	Random Forest	0.932197660804387	0.928838037763536	0.00335962304085147
709	GSM2100250	iPSC	1	Random Forest	0.948724397112691	0.945083094463545	0.00364130264914564
710	GSM2100251	iPSC	2	Random Forest	0.943634231861278	0.938128129972671	0.00550610188860678
711	GSM2100252	iPSC	1	Random Forest	0.938928364309329	0.93679713827771	0.00213122603161853
712	GSM2100253	iPSC	1	Random Forest	0.897858969308033	0.904974515426916	-0.00711554611888265
713	GSM2100254	iPSC	5	Random Forest	0.923846996310446	0.913312597330734	0.0105343989797118
714	GSM2100255	iPSC	3	Random Forest	0.895542808282499	0.909827729334752	-0.0142849210522528
715	GSM2100256	iPSC	2	Random Forest	0.89991274722411	0.892043566949736	0.00786918027437356
716	GSM2100257	iPSC	1	Random Forest	0.895306748918688	0.91813516369033	-0.0228284147716422
717	GSM2100258	iPSC	1	Random Forest	0.882648319930147	0.894236685420327	-0.0115883654901798
718	GSM2100259	iPSC	1	Random Forest	0.941863727580369	0.941046670600006	0.000817056980362718
719	GSM2100260	iPSC	3	Random Forest	0.931790733642777	0.928748444454031	0.00304228918874638
720	GSM2100261	iPSC	3	Random Forest	0.959363892378784	0.939055496220966	0.0203083961578181
721	GSM2100262	iPSC	4	Random Forest	0.891877590716839	0.905883041334978	-0.0140054506181394
722	GSM2100263	iPSC	1	Random Forest	0.903115164421864	0.890773010804534	0.0123421536173304
723	GSM2100264	iPSC	3	Random Forest	0.901481564617115	0.901421327723641	6.02368934741193e-05
724	GSM2100265	iPSC	3	Random Forest	0.966331787751484	0.953841412380723	0.0124903753707615
725	GSM2100266	iPSC	3	Random Forest	0.961518850655858	0.936783221607807	0.024735629048051
726	GSM2100267	iPSC	3	Random Forest	0.962985569336691	0.946175123178182	0.0168104461585089
727	GSM2100268	iPSC	2	Random Forest	0.916817482457192	0.928723538599795	-0.0119060561426034
728	GSM2100269	iPSC	2	Random Forest	0.920864762229639	0.927003575242906	-0.00613881301326724
729	GSM2100270	iPSC	2	Random Forest	0.916077450430034	0.930611824772411	-0.0145343743423768
730	GSM2100271	iPSC	2	Random Forest	0.887265610426413	0.88817909495585	-0.00091348452943707
731	GSM2100272	iPSC	5	Random Forest	0.880584062742779	0.889088380874301	-0.00850431813152241
732	GSM2100273	iPSC	3	Random Forest	0.886608292015692	0.891456193696244	-0.00484790168055182
733	GSM2100274	iPSC	4	Random Forest	0.88337419089711	0.890290713846426	-0.00691652294931644
734	GSM2100275	iPSC	4	Random Forest	0.889504197909125	0.898819097157015	-0.00931489924789008
1	GTEX-13CF3-2326-SM-5IFGL	GTEx	2	SVM	0.00825343479100969	0.118111779414955	-0.109858344623946
2	GTEX-OXRK-0326-SM-3NB3R	GTEx	2	SVM	0.00431737610036399	0.0838140189949271	-0.0794966428945631
3	GTEX-ZVT2-2226-SM-5NQ6P	GTEx	2	SVM	-0.00179351470477322	0.0942765190070551	-0.0960700337118283
4	GTEX-U3ZN-2626-SM-3DB7T	GTEx	3	SVM	-0.00432603556520347	0.0649514526604401	-0.0692774882256435
5	GTEX-U4B1-1726-SM-3DB9F	GTEx	4	SVM	-3.63200863725353e-05	0.0987129486351315	-0.0987492687215041
6	GTEX-PWCY-1926-SM-3NB25	GTEx	1	SVM	0.00953693490786078	0.0959404395528173	-0.0864035046449566
7	GTEX-Y5V5-2426-SM-5IFJA	GTEx	4	SVM	0.00542692451140753	0.130767798533626	-0.125340874022218
8	GTEX-Q2AI-1426-SM-2S1P5	GTEx	1	SVM	0.00424686587891745	0.071790894328013	-0.0675440284490955
9	GTEX-12KS4-0426-SM-5EQMC	GTEx	1	SVM	-0.00406636640122441	0.0681216136116397	-0.0721879800128641
10	GTEX-T6MN-0226-SM-32PMD	GTEx	5	SVM	0.0230307588239149	0.103064443273149	-0.0800336844492336
11	GTEX-147F3-0626-SM-5NQ9I	GTEx	3	SVM	-0.00773551807832297	0.089261859951658	-0.096997378029981
12	GTEX-OXRN-0226-SM-2I5EJ	GTEx	2	SVM	0.0111941875053139	0.0901900810454003	-0.0789958935400864
13	GTEX-YFC4-0226-SM-57WD2	GTEx	3	SVM	0.00356118041744579	0.071104068504281	-0.0675428880868352
14	GTEX-12ZZX-0226-SM-5DUXU	GTEx	5	SVM	0.0212767906563809	0.119150170131265	-0.0978733794748844
15	GTEX-ZP4G-2326-SM-57WEM	GTEx	3	SVM	-0.00274378209327212	0.072309371755125	-0.0750531538483971
16	GTEX-ZZ64-1626-SM-5E43W	GTEx	4	SVM	-0.00310563073231512	0.0814731504123793	-0.0845787811446945
17	GTEX-ZVTK-0526-SM-5GZWT	GTEx	1	SVM	-0.00154832920752821	0.0497607512281877	-0.0513090804357159
18	GTEX-QLQW-1226-SM-2S1Q9	GTEx	3	SVM	0.0135262816372066	0.0930380742610777	-0.0795117926238711
19	GTEX-13QJ3-0426-SM-5RQHP	GTEx	5	SVM	-1.35884170966143e-05	0.0812751425644531	-0.0812887309815497
20	GTEX-ZAJG-0226-SM-5HL81	GTEx	2	SVM	0.00146055931705746	0.101659306856249	-0.100198747539191
21	GTEX-ZE7O-0226-SM-5S2N1	GTEx	1	SVM	-0.00400382088214373	0.0687069613063916	-0.0727107821885353
22	GTEX-13111-1726-SM-5EGJZ	GTEx	1	SVM	-0.00494832534835513	0.0886153906255426	-0.0935637159738977
23	GTEX-13G51-2626-SM-5LZYW	GTEx	1	SVM	0.00271119728355859	0.083334196220315	-0.0806229989367564
24	GTEX-VUSG-2426-SM-4KKZG	GTEx	4	SVM	0.00778717467676083	0.104626320011609	-0.0968391453348485
25	GTEX-ZUA1-0226-SM-5NQ9Q	GTEx	4	SVM	-0.000775516241320591	0.0832997364192037	-0.0840752526605243
26	GTEX-OXRP-0226-SM-3NB14	GTEx	3	SVM	0.00576055059966874	0.0696595542484836	-0.0638990036488148
27	GTEX-OOBK-0226-SM-2YUMF	GTEx	4	SVM	0.00737505483054756	0.161987692065381	-0.154612637234834
28	GTEX-12C56-1626-SM-5FQUO	GTEx	3	SVM	-0.0050577474689647	0.0530803404245578	-0.0581380878935225
29	GTEX-13VXU-0226-SM-5SI9R	GTEx	5	SVM	0.00030603632242375	0.0660330616524054	-0.0657270253299817
30	GTEX-OOBJ-0226-SM-2YUMM	GTEx	3	SVM	-0.00443020833893789	0.0487488057733059	-0.0531790141122438
31	GTEX-TML8-2026-SM-32QOP	GTEx	5	SVM	0.00732686408498429	0.103885107691355	-0.0965582436063711
32	GTEX-11DXW-0326-SM-5H11W	GTEx	3	SVM	-0.00184018773812634	0.0488109494734409	-0.0506511372115673
33	GTEX-R55D-0326-SM-48FES	GTEx	1	SVM	0.00135499844115112	0.0809247823325825	-0.0795697838914314
34	GTEX-1211K-2226-SM-5FQU6	GTEx	5	SVM	-0.00759577144672431	0.0956050660480644	-0.103200837494789
35	GTEX-13NZ9-0526-SM-5J1OX	GTEx	1	SVM	0.0110880008128056	0.112484998224714	-0.101396997411908
36	GTEX-X4LF-1726-SM-3NMBZ	GTEx	1	SVM	0.00118484427674771	0.0924674672752733	-0.0912826229985256
37	GTEX-S32W-2226-SM-2XCAY	GTEx	4	SVM	-0.00294306285720961	0.075183451602675	-0.0781265144598846
38	GTEX-13QBU-2526-SM-5LU4X	GTEx	5	SVM	0.00754179539126971	0.0902219323674128	-0.0826801369761431
39	GTEX-14BMV-0226-SM-5S2N2	GTEx	4	SVM	0.0013022220501573	0.0865717128305951	-0.0852694907804378
40	GTEX-13FTY-0626-SM-5L3F8	GTEx	4	SVM	-0.00415820249842951	0.109276629089011	-0.113434831587441
41	GTEX-XUZC-1826-SM-4BRVO	GTEx	1	SVM	0.000737815902480026	0.086226129840433	-0.085488313937953
42	GTEX-12WSM-0226-SM-5LZV6	GTEx	2	SVM	-0.00772220572112537	0.0567048688039343	-0.0644270745250596
43	GTEX-11ZVC-2626-SM-5FQTA	GTEx	3	SVM	-0.00433129995032657	0.0498516511656564	-0.054182951115983
44	GTEX-146FR-1826-SM-5QGPF	GTEx	3	SVM	-0.0123056014152403	0.061944126929156	-0.0742497283443963
45	GTEX-X15G-2326-SM-4PQZS	GTEx	3	SVM	-0.0057086808910031	0.0550141184912213	-0.0607227993822244
46	GTEX-ZAB4-1126-SM-5HL86	GTEx	1	SVM	0.00953996756196872	0.0478036758979618	-0.038263708335993
47	GTEX-P78B-1026-SM-3NMC4	GTEx	3	SVM	0.0136202434910225	0.0999463734793524	-0.0863261299883299
48	GTEX-XQ8I-1526-SM-4BOOH	GTEx	4	SVM	0.0274371552253171	0.0886202076418229	-0.0611830524165058
49	GTEX-XBEW-1326-SM-4AT63	GTEx	1	SVM	0.00437072271885104	0.0873365138758819	-0.0829657911570308
50	GTEX-13FHP-1526-SM-5IJGE	GTEx	4	SVM	-0.00557085518024639	0.0458102163523112	-0.0513810715325576
51	GTEX-RTLS-1126-SM-46MUQ	GTEx	5	SVM	0.00319994755275749	0.0582284954480022	-0.0550285478952447
52	GTEX-Y5V6-1026-SM-4VBS2	GTEx	2	SVM	0.000980415287762229	0.0643300864924294	-0.0633496712046672
53	GTEX-11NSD-1126-SM-5N9BQ	GTEx	3	SVM	0.0123635424602756	0.113552522597776	-0.1011889801375
54	GTEX-14BIN-2726-SM-5RQIE	GTEx	5	SVM	0.00200526113330524	0.0852587727345712	-0.083253511601266
55	GTEX-UJMC-0926-SM-4IHLK	GTEx	3	SVM	0.0214021586569216	0.0930665441096057	-0.0716643854526841
56	GTEX-OOBK-0625-SM-3LK5P	GTEx	1	SVM	0.00994787371830481	0.115893860539069	-0.105945986820764
57	GTEX-Y111-1626-SM-57WCY	GTEx	5	SVM	0.0215878003507225	0.116029836571652	-0.0944420362209292
58	GTEX-VUSG-1226-SM-4KKZF	GTEx	1	SVM	0.0127479599580161	0.0993190769945115	-0.0865711170364954
59	GTEX-QEG5-1426-SM-447AS	GTEx	5	SVM	0.0235630368274915	0.102627581701066	-0.0790645448735747
60	GTEX-OIZG-1026-SM-3LK5X	GTEx	2	SVM	0.0218321068555454	0.0780776853332232	-0.0562455784776778
61	GTEX-13OVI-2626-SM-5KM4T	GTEx	4	SVM	0.00725862800442708	0.111667574559799	-0.104408946555372
62	GTEX-ZA64-0626-SM-5HL9O	GTEx	1	SVM	-0.0015927905605337	0.0649801802826997	-0.0665729708432334
63	GTEX-S32W-0926-SM-4AD5X	GTEx	2	SVM	0.0140125709683196	0.113762336120836	-0.0997497651525164
64	GTEX-144FL-2726-SM-5O98Z	GTEx	4	SVM	0.0141834792793971	0.0982601885604867	-0.0840767092810896
65	GTEX-13SLX-1726-SM-5Q5E5	GTEx	2	SVM	0.00511467652276546	0.0804629022194475	-0.075348225696682
66	GTEX-11EMC-2226-SM-5A5JW	GTEx	2	SVM	0.0128404941688925	0.132635899181891	-0.119795405012999
67	GTEX-XXEK-0326-SM-4BRVV	GTEx	1	SVM	0.0255694393566125	0.136526921678507	-0.110957482321895
68	GTEX-XGQ4-1526-SM-4AT6H	GTEx	5	SVM	0.00861318401334753	0.0658320903845282	-0.0572189063711807
69	GTEX-11ONC-1526-SM-5GU6S	GTEx	3	SVM	0.00156089059683636	0.0851588261833928	-0.0835979355865565
70	GTEX-12BJ1-1626-SM-5HL8Y	GTEx	4	SVM	0.00948098704165157	0.0892423342477163	-0.0797613472060648
71	GTEX-T5JW-1326-SM-4DM5G	GTEx	1	SVM	0.00941261578914872	0.0906731995530382	-0.0812605837638894
72	GTEX-111CU-0726-SM-5GZYD	GTEx	2	SVM	0.0152502017515138	0.102139558806383	-0.0868893570548695
73	GTEX-13X6H-1326-SM-5LU42	GTEx	3	SVM	-0.00132691563745159	0.0931866167748134	-0.094513532412265
74	GTEX-13JVG-2026-SM-5KM1N	GTEx	2	SVM	0.00536326637264309	0.092095634061622	-0.0867323676889789
75	GTEX-X4EP-1626-SM-4QAS6	GTEx	2	SVM	0.0139403259690735	0.123824478444191	-0.109884152475118
76	GTEX-ZF3C-1626-SM-4WWB4	GTEx	5	SVM	0.00612999698113614	0.105404373495001	-0.0992743765138647
77	GTEX-13NZB-1226-SM-5J2MW	GTEx	3	SVM	0.0119166775451761	0.0857587089952837	-0.0738420314501076
78	GTEX-ZYW4-1326-SM-5E45N	GTEx	4	SVM	-0.000403354430171345	0.066110360061024	-0.0665137144911953
79	GTEX-REY6-1326-SM-48FDO	GTEx	4	SVM	0.0207052123588784	0.109121827965336	-0.0884166156064577
80	GTEX-11DXX-1126-SM-5GZZK	GTEx	3	SVM	0.00963894244799134	0.104783565782103	-0.0951446233341118
81	GTEX-ZYVF-2226-SM-5GIDD	GTEx	3	SVM	0.0354536147625609	0.105307845453646	-0.0698542306910853
82	GTEX-YJ89-1526-SM-5P9IR	GTEx	1	SVM	0.00827278472244966	0.0588855629999759	-0.0506127782775263
83	GTEX-R53T-1126-SM-48FD4	GTEx	1	SVM	0.0237595439232677	0.139587826042008	-0.11582828211874
84	GTEX-O5YV-1026-SM-3LK72	GTEx	5	SVM	0.0161194671637424	0.128837873819491	-0.112718406655749
85	GTEX-Z9EW-0526-SM-5HL8S	GTEx	4	SVM	0.00531390764179752	0.0668108694183204	-0.0614969617765229
86	GTEX-XUZC-0426-SM-4BOPE	GTEx	2	SVM	0.00872231676702891	0.0761087090201167	-0.0673863922530878
87	GTEX-R55G-1026-SM-48FDI	GTEx	1	SVM	0.00866650684844777	0.116271192857076	-0.107604686008628
88	GTEX-R45C-1226-SM-48FEE	GTEx	3	SVM	0.0152947413204438	0.0846798592482266	-0.0693851179277828
89	GTEX-12KS4-0926-SM-5BC5S	GTEx	4	SVM	0.00308257180779714	0.0886007527011334	-0.0855181808933363
90	GTEX-13N1W-0726-SM-5MR57	GTEx	2	SVM	0.0243743668340453	0.0870193894337641	-0.0626450225997188
91	GTEX-XBED-0826-SM-47JYC	GTEx	1	SVM	0.0070570010709112	0.0282807428672066	-0.0212237417962954
92	GTEX-X4EP-0526-SM-3P5YW	GTEx	4	SVM	0.0114258535412768	0.128754991552903	-0.117329138011626
93	GTEX-145MN-0926-SM-5NQBT	GTEx	1	SVM	0.0139961128664414	0.0433075425804437	-0.0293114297140023
94	GTEX-PLZ5-0726-SM-2I5F9	GTEx	3	SVM	0.00739966588126592	0.0525625717698628	-0.0451629058885969
95	GTEX-Y8E4-0526-SM-4V6GC	GTEx	5	SVM	0.0112870153232388	0.0536898734748	-0.0424028581515612
96	GTEX-148VI-0226-SM-5RQKA	GTEx	5	SVM	0.0120418480409652	0.0720326653774851	-0.0599908173365199
97	GTEX-OIZG-0526-SM-2HMLF	GTEx	3	SVM	0.0124904011867766	0.0683335945005131	-0.0558431933137365
98	GTEX-UPK5-1126-SM-3GAEJ	GTEx	2	SVM	0.0176304228269635	0.101563762465624	-0.08393333963866
99	GTEX-13OVH-1026-SM-5J2NP	GTEx	3	SVM	0.00676975471300948	0.0515598551080831	-0.0447901003950736
100	GTEX-13PL7-1726-SM-5J2NX	GTEx	2	SVM	0.0105719265640952	0.0820179789668654	-0.0714460524027702
101	GTEX-13G51-0426-SM-5K7Z5	GTEx	4	SVM	0.0142429226108618	0.128975705599715	-0.114732782988853
102	GTEX-13NYS-1626-SM-5J2MU	GTEx	5	SVM	0.0121641650756686	0.0421260449555839	-0.0299618798799153
103	GTEX-145LS-1226-SM-5Q5D9	GTEx	3	SVM	0.0355412924509868	0.0245821390086927	0.0109591534422941
104	GTEX-WK11-0526-SM-3NB3O	GTEx	2	SVM	0.00616728796589394	0.0778455353526694	-0.0716782473867755
105	GTEX-ZZPT-1326-SM-5E43H	GTEx	1	SVM	0.00411061603766355	0.108642650960001	-0.104532034922337
106	GTEX-13OVJ-0726-SM-5KM1W	GTEx	2	SVM	0.0180807888663879	0.109308168273493	-0.091227379407105
107	GTEX-ZDXO-1326-SM-57WBS	GTEx	5	SVM	0.00748893773355633	0.0553718449679356	-0.0478829072343792
108	GTEX-131XE-0726-SM-5HL9K	GTEx	4	SVM	0.0162222099638025	0.0967090436775002	-0.0804868337136977
109	GTEX-O5YV-0526-SM-2I5GE	GTEx	3	SVM	0.0240197868542289	0.102534021455827	-0.0785142346015983
110	GTEX-117YX-1326-SM-5H125	GTEx	5	SVM	0.0087580145189799	0.126097330285015	-0.117339315766035
111	GTEX-12WSI-0826-SM-5EGKD	GTEx	3	SVM	0.0188741193337936	0.0688665006018319	-0.0499923812680383
112	GTEX-13O3P-1026-SM-5N9E7	GTEx	5	SVM	0.0136269501011647	0.0826428938251494	-0.0690159437239847
113	GTEX-13U4I-1426-SM-5J2M3	GTEx	2	SVM	0.0328552729649927	0.0285360091436781	0.0043192638213146
114	GTEX-X261-1026-SM-3NMDL	GTEx	1	SVM	-0.00537283838384209	0.07767583069219	-0.0830486690760321
115	GTEX-ZXG5-0826-SM-5GID6	GTEx	4	SVM	0.0163634096077135	0.125739923998921	-0.109376514391208
116	GTEX-QDVN-0726-SM-4B64L	GTEx	1	SVM	0.0119717744162539	0.0595500645627704	-0.0475782901465165
117	GTEX-ZF2S-0626-SM-4WKH2	GTEx	4	SVM	0.020555287611009	0.0778053062937977	-0.0572500186827887
118	GTEX-QMR6-1926-SM-32PL9	GTEx	5	SVM	0.0189407356639007	0.0796178456059082	-0.0606771099420075
119	GTEX-133LE-0526-SM-5N9EJ	GTEx	5	SVM	0.00474603021740749	0.044060277161408	-0.0393142469440005
120	GTEX-OXRO-0326-SM-33HBM	GTEx	4	SVM	0.00941241096710539	0.1178447529467	-0.108432341979595
121	GTEX-13O3Q-0526-SM-5KM18	GTEx	1	SVM	0.0106828793355851	0.0555133854117273	-0.0448305060761422
122	GTEX-QCQG-0326-SM-2I3ES	GTEx	4	SVM	0.00216912247881868	0.103232138624701	-0.101063016145883
123	GTEX-12WSD-0826-SM-5GCNE	GTEx	5	SVM	0.0173977264473905	0.0784958581203106	-0.0610981316729201
124	GTEX-13111-0426-SM-5DUXR	GTEx	3	SVM	0.0143335160000022	0.0702998927915887	-0.0559663767915865
125	GTEX-13FHP-0726-SM-5K7YI	GTEx	5	SVM	0.0116836523377759	0.131153258778641	-0.119469606440865
126	GTEX-P78B-0926-SM-2I5FA	GTEx	1	SVM	0.0269395609235317	0.0881254054765553	-0.0611858445530236
127	GTEX-13QBU-0726-SM-5J2OA	GTEx	2	SVM	0.0220862343814091	0.100960271513134	-0.0788740371317244
128	GTEX-131YS-0926-SM-5IJB9	GTEx	3	SVM	0.00879290859684665	0.0633479870153031	-0.0545550784184565
129	GTEX-XMD2-1026-SM-4WWE8	GTEx	3	SVM	0.00758836212618729	0.0781175660164412	-0.0705292038902539
130	GTEX-11DXZ-0726-SM-5N9C4	GTEx	4	SVM	0.0312992283312473	0.0379978411599852	-0.00669861282873793
131	GTEX-11NSD-0326-SM-5A5LS	GTEx	3	SVM	0.0124353803506219	0.105610529176173	-0.0931751488255515
132	GTEX-WZTO-0426-SM-3NM99	GTEx	1	SVM	0.0140505379556158	0.106806760787055	-0.0927562228314391
133	GTEX-11O72-0326-SM-5986D	GTEx	4	SVM	0.00644165744977014	0.104220906874224	-0.0977792494244534
134	GTEX-11DZ1-0926-SM-5EQ5R	GTEx	2	SVM	0.00836668270637294	0.107788534681519	-0.0994218519751461
135	GTEX-WXYG-2526-SM-3NB3F	GTEx	1	SVM	0.00278108900230233	0.0812790116046837	-0.0784979226023814
136	GTEX-VUSG-2626-SM-4KKZI	GTEx	1	SVM	0.0127886806903232	0.117328142354221	-0.104539461663898
137	GTEX-13PVR-2526-SM-5RQIT	GTEx	4	SVM	0.00113330157734699	0.0933465266701524	-0.0922132250928054
138	GTEX-Z9EW-1726-SM-5CVMO	GTEx	2	SVM	-0.00224881103176748	0.0695514649079181	-0.0718002759396856
139	GTEX-11EMC-2626-SM-59864	GTEx	3	SVM	0.000712413843802223	0.0997333947150076	-0.0990209808712054
140	GTEX-13NZA-0526-SM-5L3D7	GTEx	2	SVM	0.00475239576346312	0.0722919810263318	-0.0675395852628687
141	GTEX-ZTPG-0126-SM-5O9AL	GTEx	4	SVM	0.00376029314888066	0.105190030029812	-0.101429736880931
142	GTEX-QEG5-0426-SM-2I5GJ	GTEx	3	SVM	0.0043865444287953	0.0859285008616493	-0.081541956432854
143	GTEX-Q2AG-0426-SM-2S1PU	GTEx	4	SVM	0.00390171474158151	0.0818071711019662	-0.0779054563603847
144	GTEX-13PVQ-0326-SM-5K7YF	GTEx	4	SVM	0.00630772321014409	0.0786179005896902	-0.0723101773795461
145	GTEX-1445S-0626-SM-5LU3C	GTEx	1	SVM	0.00667392660636042	0.0850042247012581	-0.0783302980948977
146	GTEX-12ZZY-0626-SM-5EQ5T	GTEx	2	SVM	0.0103989367954171	0.0789964369369814	-0.0685975001415643
147	GTEX-OIZI-0626-SM-2XCEH	GTEx	1	SVM	0.00400520985288335	0.0821893369049272	-0.0781841270520438
148	GTEX-QDVN-2426-SM-2S1Q4	GTEx	5	SVM	0.000221624231814039	0.0776873431954452	-0.0774657189636312
149	GTEX-147F3-0226-SM-5NQBV	GTEx	5	SVM	-0.00578997088209092	0.0631918503303879	-0.0689818212124789
150	GTEX-QLQW-1326-SM-2S1QS	GTEx	1	SVM	0.0147059973056668	0.107849080722306	-0.0931430834166395
151	GTEX-Y8E5-0326-SM-57WBM	GTEx	2	SVM	0.00739255098833405	0.116033192492317	-0.108640641503983
152	GTEX-ZWKS-0326-SM-5NQ7G	GTEx	4	SVM	0.00721340448926171	0.0912044441412405	-0.0839910396519788
153	GTEX-Y5V6-2626-SM-5IFIX	GTEx	3	SVM	0.00355381624958675	0.0892672073793896	-0.0857133911298029
154	GTEX-X4XX-0626-SM-3NMC1	GTEx	5	SVM	0.00635849338397942	0.0921855840582514	-0.085827090674272
155	GTEX-PWCY-2026-SM-5SI8R	GTEx	2	SVM	0.00161776113651014	0.0782898956943223	-0.0766721345578121
156	GTEX-QVUS-0226-SM-3GIJY	GTEx	2	SVM	-0.00064734989312122	0.125511421556531	-0.126158771449652
157	GTEX-SNMC-1426-SM-2XCFM	GTEx	1	SVM	0.00771465421718256	0.0866399963829034	-0.0789253421657209
158	GTEX-11NSD-2026-SM-5HL5U	GTEx	3	SVM	-0.00296457322864699	0.0601487527258755	-0.0631133259545225
159	GTEX-139T8-0526-SM-5KLZL	GTEx	5	SVM	0.0172637784955398	0.109278989986053	-0.092015211490513
160	GTEX-146FR-1726-SM-5Q5DT	GTEx	3	SVM	0.000635239129793528	0.0657415292284248	-0.0651062900986313
161	GTEX-13112-2626-SM-5BC66	GTEx	1	SVM	0.0134851784944037	0.0819681012814437	-0.06848292278704
162	GTEX-ZY6K-2026-SM-5GZXQ	GTEx	4	SVM	0.00799568395716744	0.073709828218892	-0.0657141442617245
163	GTEX-13FTZ-2226-SM-5LZXI	GTEx	3	SVM	0.0109945760873496	0.0659434048564199	-0.0549488287690703
164	GTEX-11EQ9-2126-SM-5PNVW	GTEx	4	SVM	0.00156033249135368	0.0618758015818021	-0.0603154690904484
165	GTEX-11H98-0326-SM-5HL4S	GTEx	5	SVM	-0.000735149530985215	0.0821340227453037	-0.082869172276289
166	GTEX-13W3W-2626-SM-5SIA2	GTEx	4	SVM	0.000250750000099564	0.0921244501115493	-0.0918737001114498
167	GTEX-X261-0326-SM-3NMD4	GTEx	5	SVM	0.000523568001283297	0.0655033724013849	-0.0649798044001016
168	GTEX-12WSM-0326-SM-5LZVI	GTEx	3	SVM	-0.00209751945355274	0.0622722228003931	-0.0643697422539458
169	GTEX-117YX-2526-SM-5EQ4Q	GTEx	5	SVM	0.00515176630890014	0.0906415694869655	-0.0854898031780654
170	GTEX-13OW7-0326-SM-5J1MP	GTEx	3	SVM	0.0079465008310266	0.0736677049187461	-0.0657212040877195
171	GTEX-132Q8-0626-SM-5L3F3	GTEx	3	SVM	0.00625229705927962	0.0963152886735429	-0.0900629916142633
172	GTEX-145MH-0326-SM-5LU8H	GTEx	5	SVM	0.0107377648436049	0.0805956360520283	-0.0698578712084234
173	GTEX-13O1R-0526-SM-5K7XU	GTEx	5	SVM	0.0106617715789717	0.0939491476339039	-0.0832873760549322
174	GTEX-XGQ4-2326-SM-4AT53	GTEx	1	SVM	0.0241905458674435	0.102582378143571	-0.0783918322761274
175	GTEX-1313W-0526-SM-5P9FZ	GTEx	2	SVM	0.00460698833034574	0.0963216475463061	-0.0917146592159603
176	GTEX-Z93S-1626-SM-5CVMB	GTEx	4	SVM	0.0180712948236548	0.0970974633720208	-0.079026168548366
177	GTEX-11NSD-0626-SM-5A5LU	GTEx	1	SVM	0.0105294952247708	0.066546633056055	-0.0560171378312842
178	GTEX-12KS4-2126-SM-5FQUT	GTEx	1	SVM	0.0254881660968798	0.108265487704597	-0.082777321607717
179	GTEX-ZZPU-0826-SM-5GZX5	GTEx	3	SVM	-0.000730118858853501	0.0684845260162876	-0.0692146448751411
180	GTEX-XYKS-1426-SM-4BRUO	GTEx	1	SVM	0.0230075731703538	0.114746028454804	-0.0917384552844505
181	GTEX-ZVTK-0226-SM-51MRG	GTEx	2	SVM	0.0515759032956955	0.160890111578571	-0.109314208282875
182	GTEX-Y3IK-1626-SM-4YCF5	GTEx	4	SVM	-0.00663751712357423	0.0677785740706728	-0.0744160911942471
183	GTEX-13OVJ-0826-SM-5J1OK	GTEx	4	SVM	0.00432952205599183	0.0807253911723657	-0.0763958691163739
184	GTEX-ZT9W-1126-SM-57WDR	GTEx	1	SVM	0.00751014550609055	0.0872734688661793	-0.0797633233600887
185	GTEX-11ZUS-2626-SM-5FQUR	GTEx	2	SVM	0.00719702819610478	0.0871628110921557	-0.079965782896051
186	GTEX-14B4R-1326-SM-5Q5EZ	GTEx	2	SVM	0.00773613254375144	0.0827267454580075	-0.0749906129142561
187	GTEX-13FTW-0326-SM-5K7UW	GTEx	3	SVM	0.0112075067557845	0.0511332930661167	-0.0399257863103323
188	GTEX-ZF2S-1626-SM-57WES	GTEx	4	SVM	0.0151589466963379	0.0919682134630919	-0.076809266766754
189	GTEX-11O72-0626-SM-5PNYE	GTEx	3	SVM	0.0205002009815907	0.120724063110064	-0.100223862128473
190	GTEX-11TUW-0626-SM-5LU9M	GTEx	1	SVM	0.00672418556781181	0.0765153818553195	-0.0697911962875077
191	GTEX-ZVP2-0326-SM-57WBP	GTEx	4	SVM	0.00277688637596244	0.070184257321724	-0.0674073709457616
192	GTEX-146FQ-2126-SM-5RQHU	GTEx	5	SVM	0.00753198264054548	0.0667667442361871	-0.0592347615956416
193	GTEX-132AR-0326-SM-5KM2C	GTEx	4	SVM	0.011595428344127	0.0950778968884273	-0.0834824685443003
194	GTEX-1314G-1326-SM-5BC6E	GTEx	2	SVM	0.0256147830351766	0.105816053106313	-0.0802012700711364
195	GTEX-11VI4-1126-SM-5EQMD	GTEx	3	SVM	-0.000362481309181288	0.045570393726602	-0.0459328750357833
196	GTEX-12ZZZ-0726-SM-5GCNZ	GTEx	1	SVM	-0.000161512385575791	0.073292384468192	-0.0734538968537678
197	GTEX-ZAB4-2126-SM-5HL8U	GTEx	5	SVM	0.00114510480541175	0.0296865447847243	-0.0285414399793126
198	GTEX-13VXT-1926-SM-5K7UO	GTEx	2	SVM	0.00339089876783479	0.0534799158271834	-0.0500890170593486
199	GTEX-13NZ9-2626-SM-5L3FK	GTEx	3	SVM	0.0188944166447034	0.126979779811362	-0.108085363166658
200	GTEX-148VJ-0626-SM-5LUAW	GTEx	2	SVM	-0.00640972691512602	0.0697266933755451	-0.0761364202906711
201	GTEX-145MI-0626-SM-5SI8S	GTEx	4	SVM	-0.00234031608359395	0.083243484684625	-0.0855838007682189
202	GTEX-13PL6-1126-SM-5L3IE	GTEx	1	SVM	0.00571264048098283	0.0936328110588291	-0.0879201705778463
203	GTEX-13U4I-2226-SM-5LU5H	GTEx	2	SVM	0.00863897289704031	0.117193628640618	-0.108554655743578
204	GTEX-11DXX-2126-SM-5PNYR	GTEx	5	SVM	0.00639943658665876	0.125987237044459	-0.1195878004578
205	GTEX-WYVS-1626-SM-3NM9R	GTEx	4	SVM	0.0259133231194984	0.102254779105216	-0.0763414559857175
206	GTEX-11DZ1-2426-SM-5GZZX	GTEx	4	SVM	0.0196590712639255	0.115316920009749	-0.0956578487458232
207	GTEX-111FC-2526-SM-5GZXU	GTEx	3	SVM	0.0140173492859886	0.0913201057710142	-0.0773027564850256
208	GTEX-11ZTT-2126-SM-5CVLO	GTEx	2	SVM	0.00600141491895408	0.0760386512826421	-0.0700372363636881
209	GTEX-WH7G-2026-SM-3NMBL	GTEx	4	SVM	0.0113588465563572	0.132587759116408	-0.121228912560051
210	GTEX-XOT4-0626-SM-4B66L	GTEx	3	SVM	0.0331141269877343	0.0748626464093096	-0.0417485194215753
211	GTEX-YB5K-2026-SM-4VDT3	GTEx	5	SVM	0.0077918662398026	0.0756344920785312	-0.0678426258387286
212	GTEX-ZYW4-0626-SM-59HJR	GTEx	5	SVM	0.0105974052183548	0.0913184506522653	-0.0807210454339106
213	GTEX-1192X-2726-SM-5N9DN	GTEx	4	SVM	-1.97132346739636e-05	0.0885639872859002	-0.0885837005205742
214	GTEX-ZYFC-0426-SM-5GICQ	GTEx	1	SVM	0.00663933286505254	0.0728236847612154	-0.0661843518961628
215	GTEX-111YS-1526-SM-5GZYW	GTEx	5	SVM	-0.00619408259841043	0.0865045596737725	-0.0926986422721829
216	GTEX-11NUK-2726-SM-5A5MC	GTEx	4	SVM	0.0147185291464926	0.109458220900519	-0.0947396917540263
217	GTEX-11EQ8-0926-SM-5H12V	GTEx	5	SVM	0.015295551827111	0.118364600381934	-0.103069048554823
218	GTEX-139TT-2126-SM-5LZWC	GTEx	5	SVM	0.0160383620557222	0.0746626478279133	-0.0586242857721911
219	GTEX-X8HC-0626-SM-4E3HQ	GTEx	5	SVM	0.00422864110151939	0.093926753192491	-0.0896981120909716
220	GTEX-ZF29-0926-SM-4WKFZ	GTEx	3	SVM	0.000771134558748204	0.0573142739745761	-0.0565431394158279
221	GTEX-YFCO-1226-SM-5LUAT	GTEx	2	SVM	0.00789350560693909	0.0615471963695954	-0.0536536907626563
222	GTEX-13O3O-2326-SM-5IJD6	GTEx	2	SVM	0.0131460714537525	0.108371630336164	-0.0952255588824114
223	GTEX-139UW-2826-SM-5L3E7	GTEx	3	SVM	0.00472620582317281	0.0808998409003431	-0.0761736350771703
224	GTEX-S95S-1226-SM-4GICG	GTEx	2	SVM	0.0171046763696458	0.0849611759967402	-0.0678564996270944
225	GTEX-11GSP-2526-SM-5N9BP	GTEx	4	SVM	0.0154777774930284	0.0862733097752904	-0.070795532282262
226	GTEX-13O1R-0126-SM-5L3EH	GTEx	5	SVM	0.0118663204318245	0.102658266746217	-0.0907919463143925
227	GTEX-1212Z-2526-SM-5EGKP	GTEx	3	SVM	0.015991558636314	0.083844757838951	-0.067853199202637
228	GTEX-14C5O-0126-SM-5SI6N	GTEx	5	SVM	0.0130101357442527	0.0877381369849052	-0.0747280012406525
229	GTEX-OXRK-0226-SM-3NB2G	GTEx	2	SVM	0.0111307158134535	0.102329788786473	-0.0911990729730197
230	GTEX-1211K-2026-SM-5EQ4Z	GTEx	2	SVM	-0.00150449799199978	0.0638718095190027	-0.0653763075110025
231	GTEX-XPVG-2626-SM-4B669	GTEx	5	SVM	0.0219690272086923	0.0939230666739264	-0.0719540394652341
232	GTEX-XQ3S-1526-SM-4BOOC	GTEx	3	SVM	0.00541269504198422	0.100405189178429	-0.0949924941364443
233	GTEX-QESD-1426-SM-2S1R9	GTEx	2	SVM	0.0187517532809498	0.117325769274039	-0.0985740159930894
234	GTEX-U3ZM-1526-SM-3DB9D	GTEx	5	SVM	-0.00455654950764839	0.0780054872463576	-0.082562036754006
235	GTEX-TMMY-0226-SM-33HBA	GTEx	5	SVM	0.0167874305268046	0.128763617017147	-0.111976186490342
236	GTEX-139T4-0226-SM-5HL5S	GTEx	5	SVM	0.018808690437712	0.121574120216076	-0.102765429778364
237	GTEX-ZGAY-0526-SM-4WWBB	GTEx	2	SVM	0.00272645523055595	0.0867313162559136	-0.0840048610253576
238	GTEX-OXRP-0126-SM-3NB32	GTEx	5	SVM	0.0132903027753187	0.108806737057828	-0.0955164342825092
239	GTEX-145MO-0326-SM-5Q5B3	GTEx	5	SVM	0.00396016678823464	0.0915321033036516	-0.0875719365154169
240	GTEX-13RTJ-2426-SM-5S2Q2	GTEx	2	SVM	0.00521339905118615	0.0656647514028581	-0.060451352351672
241	GTEX-RUSQ-1526-SM-2TF62	GTEx	2	SVM	0.0131456937192532	0.112502302792241	-0.0993566090729879
242	GTEX-QLQW-1126-SM-2S1Q8	GTEx	1	SVM	0.0166089524716009	0.101939571926957	-0.085330619455356
243	GTEX-145MN-2226-SM-5SIAU	GTEx	3	SVM	-0.00419594881407258	0.0722047589213244	-0.076400707735397
244	GTEX-ZYY3-0126-SM-5GZY5	GTEx	3	SVM	0.0110501717890092	0.102886981514813	-0.0918368097258043
245	GTEX-146FQ-0126-SM-5NQA9	GTEx	4	SVM	-0.000100241848700167	0.0711071523684996	-0.0712073942171997
246	GTEX-Y8DK-0126-SM-4TT3L	GTEx	1	SVM	0.0220327151816148	0.0975312082034605	-0.0754984930218457
247	GTEX-XBED-2226-SM-47JYQ	GTEx	4	SVM	0.00196301693766633	0.0735217560686904	-0.071558739131024
248	GTEX-P4PP-0126-SM-3LK69	GTEx	1	SVM	0.00998147092729173	0.0874703539547262	-0.0774888830274345
249	GTEX-12WSL-2526-SM-5GCNJ	GTEx	2	SVM	-0.00301645832386241	0.0970760319685473	-0.10009249029241
250	GTEX-ZF2S-2326-SM-4WWCE	GTEx	4	SVM	0.0164626284484373	0.0638317420015602	-0.0473691135531229
251	GTEX-13FTY-0526-SM-5L3EV	GTEx	1	SVM	0.0139117075240547	0.0793711016890316	-0.0654593941649769
252	GTEX-ZYW4-0126-SM-5E44A	GTEx	2	SVM	-0.000266886912839277	0.0806559566701119	-0.0809228435829512
253	GTEX-P4PQ-0126-SM-2S1NM	GTEx	2	SVM	0.00268225543104698	0.0664183974612176	-0.0637361420301707
254	GTEX-QCQG-1726-SM-3GIJ9	GTEx	4	SVM	0.0157783397119906	0.0913946482820052	-0.0756163085700146
255	GTEX-145MI-0526-SM-5O9A8	GTEx	5	SVM	0.0091727766037487	0.102583368971338	-0.0934105923675889
256	GTEX-11P82-1626-SM-59879	GTEx	1	SVM	-0.00463594566646886	0.0723023862767141	-0.076938331943183
257	GTEX-UJHI-1526-SM-3DB99	GTEx	5	SVM	-0.00178653646135979	0.0850043771125471	-0.0867909135739069
258	GTEX-RU72-0926-SM-2TF6B	GTEx	3	SVM	0.0191817308101476	0.116941629727255	-0.0977598989171078
259	GTEX-11GS4-2726-SM-5A5LE	GTEx	1	SVM	0.00700449180873121	0.0571884305209663	-0.0501839387122351
260	GTEX-1399T-2826-SM-5KLYZ	GTEx	1	SVM	0.0209634163336252	0.0789680509241201	-0.0580046345904949
261	GTEX-OHPL-0126-SM-2HMJ7	GTEx	3	SVM	0.010996021928284	0.0841971787850618	-0.0732011568567778
262	GTEX-OIZH-0126-SM-2HMIS	GTEx	2	SVM	0.00518450519663609	0.109547680334103	-0.104363175137467
263	GTEX-13OVG-1926-SM-5L3DK	GTEx	1	SVM	0.00673395457608462	0.0735176515296407	-0.0667836969535561
264	GTEX-RWS6-2026-SM-2XCB5	GTEx	4	SVM	0.00411818240846419	0.0878093297942084	-0.0836911473857442
265	GTEX-145LT-1726-SM-5QGP3	GTEx	2	SVM	0.0120749245371001	0.0812433951969789	-0.0691684706598788
266	GTEX-ZC5H-0226-SM-4WAY9	GTEx	1	SVM	0.0202965540069317	0.0776960853935368	-0.0573995313866051
267	GTEX-14A6H-0126-SM-5QGPK	GTEx	5	SVM	-0.00100631344889809	0.0731148619601433	-0.0741211754090414
268	GSM1973958	ADMSC	2	SVM	0.270504884247441	0.306056881975831	-0.0355519977283899
269	GSM1973959	ADMSC	2	SVM	0.287943448782629	0.291355496896239	-0.00341204811360984
270	GSM1973960	ADMSC	4	SVM	0.281537328816867	0.289276374521292	-0.00773904570442485
271	GSM1973961	ADMSC	5	SVM	0.297520993589465	0.346377030070753	-0.0488560364812876
272	GSM1973962	ADMSC	2	SVM	0.302467423727703	0.315662533257598	-0.0131951095298954
273	GSM1973963	ADMSC	3	SVM	0.30303188043157	0.306475822976643	-0.00344394254507324
274	GSM6169153	ADMSC	1	SVM	0.316668874179533	0.347118819554623	-0.0304499453750895
275	GSM6169155	ADMSC	4	SVM	0.267053720759631	0.304934253998006	-0.0378805332383745
276	GSM6169156	ADMSC	3	SVM	0.271492843743465	0.320019649676575	-0.0485268059331103
277	GSM6169158	ADMSC	2	SVM	0.297034164668481	0.28918462372473	0.00784954094375057
278	GSM6169159	ADMSC	1	SVM	0.303896661827951	0.272617299457068	0.0312793623708829
279	GSM6169161	ADMSC	1	SVM	0.325227307928437	0.28910288103792	0.0361244268905169
280	GSM6169162	ADMSC	2	SVM	0.407780931854239	0.329934638186028	0.0778462936682112
281	GSM6169164	ADMSC	4	SVM	0.300493260251	0.293436092042061	0.00705716820893859
282	GSM6169165	ADMSC	1	SVM	0.347455063162342	0.243186717337138	0.104268345825204
283	GSM6169167	ADMSC	2	SVM	0.278754454075398	0.27536608226397	0.00338837181142837
284	GSM6169168	ADMSC	2	SVM	0.312367517970769	0.278559470461317	0.0338080475094515
285	GSM4128688	BMSC	2	SVM	0.313262234012003	0.247905937437446	0.0653562965745572
286	GSM4128689	BMSC	4	SVM	0.288452269400646	0.218039900562489	0.0704123688381571
287	GSM4128690	BMSC	2	SVM	0.32786937733333	0.229542192006721	0.098327185326609
288	GSM4128691	BMSC	3	SVM	0.25493823843683	0.202417240523348	0.0525209979134819
289	GSM4128692	BMSC	4	SVM	0.355330988110296	0.240637086928667	0.114693901181629
290	GSM4128693	BMSC	1	SVM	0.326262282487962	0.24116574372785	0.0850965387601121
291	GSM4128694	BMSC	5	SVM	0.297743000862305	0.164041659788588	0.133701341073717
292	GSM4128695	BMSC	4	SVM	0.270259317470327	0.244891221420984	0.0253680960493435
293	GSM4128696	BMSC	1	SVM	0.378451545886922	0.306498476525242	0.0719530693616796
294	GSM4128697	BMSC	1	SVM	0.347966609228187	0.262222844895764	0.0857437643324234
295	GSM4128698	BMSC	3	SVM	0.400789737425506	0.292686131107355	0.108103606318151
296	GSM4128699	BMSC	4	SVM	0.416911456082187	0.312262163403088	0.104649292679099
297	GSM4128700	BMSC	2	SVM	0.344299445244229	0.262900028039614	0.0813994172046154
298	GSM4128701	BMSC	2	SVM	0.386137526512896	0.290657296530974	0.0954802299819223
299	GSM4128702	BMSC	5	SVM	0.362865053263312	0.274413719004583	0.0884513342587293
300	GSM4128703	BMSC	5	SVM	0.355858065284059	0.253660363812992	0.102197701471067
301	GSM4128704	BMSC	1	SVM	0.39915850665082	0.267190846047903	0.131967660602917
302	GSM4128705	BMSC	1	SVM	0.383379053311263	0.295850105873828	0.0875289474374351
303	GSM4128706	BMSC	1	SVM	0.40416208947984	0.293279826370718	0.110882263109122
304	GSM4128707	BMSC	3	SVM	0.400924385472255	0.28575742989646	0.115166955575795
305	GSM4128708	BMSC	5	SVM	0.385272230769154	0.291059143275287	0.0942130874938672
306	GSM4128709	BMSC	1	SVM	0.368728357135386	0.285831485419406	0.0828968717159802
307	GSM4128710	BMSC	5	SVM	0.360168241988483	0.27538803558403	0.0847802064044529
308	GSM4128711	BMSC	2	SVM	0.416759968854698	0.320376371053203	0.0963835978014954
309	GSM4128712	BMSC	5	SVM	0.354329093644955	0.288703306987023	0.0656257866579321
310	GSM4128713	BMSC	5	SVM	0.406866106863147	0.292078936316663	0.114787170546484
311	GSM4128714	BMSC	1	SVM	0.335647697858022	0.263883537183732	0.0717641606742902
312	GSM4128715	BMSC	4	SVM	0.391217767394405	0.276855750370533	0.114362017023872
313	GSM4128716	BMSC	3	SVM	0.362913427983746	0.268635779641451	0.0942776483422946
314	GSM4128717	BMSC	5	SVM	0.402003850564935	0.325409409040592	0.0765944415243427
315	GSM4128718	BMSC	5	SVM	0.366978472880817	0.335156557541607	0.0318219153392104
316	GSM4128719	BMSC	1	SVM	0.321505014104603	0.222473613918623	0.0990314001859796
317	GSM4128720	BMSC	4	SVM	0.290412766243126	0.253211058345534	0.0372017078975922
318	GSM4128721	BMSC	3	SVM	0.405892665914299	0.322995975452988	0.0828966904613113
319	GSM4128722	BMSC	4	SVM	0.364604800071522	0.282891037535616	0.081713762535906
320	GSM4128723	BMSC	5	SVM	0.409558532862735	0.282808521422331	0.126750011440404
321	GSM4128724	BMSC	5	SVM	0.353309082708021	0.292660836520429	0.0606482461875916
322	GSM4128725	BMSC	3	SVM	0.373170496266809	0.239715090987519	0.13345540527929
323	GSM4128726	BMSC	2	SVM	0.329130637736469	0.242575736100844	0.0865549016356248
324	GSM4128727	BMSC	4	SVM	0.357865111534381	0.261403361309551	0.0964617502248302
325	GSM5393142	BMSC	5	SVM	0.277298505885209	0.296742992375888	-0.0194444864906785
326	GSM5393143	BMSC	2	SVM	0.392339974849033	0.374191879378941	0.0181480954700915
327	GSM5393144	BMSC	1	SVM	0.279878534014428	0.287926982098735	-0.00804844808430677
328	GSM5393145	BMSC	3	SVM	0.367686051259084	0.354194108725277	0.0134919425338071
329	GSM5393146	BMSC	4	SVM	0.334677757123189	0.331824957555968	0.00285279956722112
330	GSM5393147	BMSC	4	SVM	0.331469513671771	0.309187192642961	0.0222823210288097
331	GSM5393148	BMSC	2	SVM	0.343100266929092	0.35054295839107	-0.00744269146197751
332	GSM5393149	BMSC	3	SVM	0.256905871131922	0.325170114614745	-0.068264243482823
333	GSM5393150	BMSC	5	SVM	0.30800367205266	0.293999358131033	0.0140043139216274
334	GSM5393151	BMSC	1	SVM	0.0782799798071849	0.171251973656486	-0.092971993849301
335	GSM5393152	BMSC	1	SVM	0.063499437491477	0.163680723978722	-0.100181286487245
336	GSM5393153	BMSC	2	SVM	0.0675000056899039	0.165913121307463	-0.0984131156175589
337	GSM5393154	BMSC	1	SVM	0.0637267921687037	0.163645750121788	-0.0999189579530839
338	GSM5393155	BMSC	4	SVM	0.0637012569967374	0.163539573614627	-0.0998383166178901
339	GSM5393156	BMSC	1	SVM	0.0700258975231479	0.167895007974507	-0.0978691104513591
340	GSM5393157	BMSC	3	SVM	0.131398033685134	0.194708824120001	-0.0633107904348672
341	GSM5393158	BMSC	1	SVM	0.0645435648605577	0.16399472660475	-0.0994511617441921
342	GSM5393159	BMSC	5	SVM	0.0634189632319333	0.163437230772298	-0.100018267540365
343	GSM4072651	BMSC	3	SVM	0.205360735230944	0.243312038236327	-0.0379513030053831
344	GSM4072652	BMSC	4	SVM	0.183583644020664	0.224502228494285	-0.0409185844736214
345	GSM4072653	BMSC	2	SVM	0.199118147643225	0.217747844086711	-0.0186296964434861
346	GSM4072654	BMSC	4	SVM	0.221701238310308	0.198925206122433	0.0227760321878746
347	GSM4072655	BMSC	4	SVM	0.26687405791491	0.25914251525529	0.00773154265961978
348	GSM4072656	BMSC	3	SVM	0.212458893527763	0.201651522517328	0.0108073710104346
349	GSM4072657	BMSC	5	SVM	0.199625728857531	0.213186881638909	-0.0135611527813779
350	GSM4072658	BMSC	5	SVM	0.187134272899926	0.220541872256754	-0.0334075993568282
351	GSM4072659	BMSC	4	SVM	0.241783812519351	0.282526807172917	-0.0407429946535665
352	GSM4072660	BMSC	5	SVM	0.272545586909225	0.281526711633587	-0.00898112472436158
353	GSM4072661	BMSC	4	SVM	0.216780941928465	0.281497534519444	-0.0647165925909787
354	GSM4072662	BMSC	2	SVM	0.246571409600757	0.256846754929661	-0.010275345328904
355	GSM4072663	BMSC	3	SVM	0.2176892750063	0.273107409747217	-0.0554181347409171
356	GSM4072664	BMSC	2	SVM	0.233035435552488	0.284916264294862	-0.0518808287423744
357	GSM4072665	BMSC	5	SVM	0.231615121418252	0.244463860605066	-0.0128487391868143
358	GSM4072666	BMSC	3	SVM	0.223923226499767	0.2125012789459	0.0114219475538672
359	GSM4072667	BMSC	3	SVM	0.248426299629143	0.242548818504347	0.00587748112479564
360	GSM4072668	BMSC	2	SVM	0.199352743051659	0.219859172304049	-0.02050642925239
361	GSM3167292	HSC	1	SVM	0.429889912453648	0.397161258183327	0.0327286542703205
362	GSM3167321	HSC	5	SVM	0.49585524483153	0.40210804566183	0.0937471991697001
363	GSM3167324	HSC	2	SVM	0.458393313975598	0.415862437392362	0.0425308765832356
364	GSM3167327	HSC	4	SVM	0.379156072865639	0.359171398094101	0.0199846747715383
365	GSM3167340	HSC	4	SVM	0.492601380780526	0.403334948892209	0.0892664318883172
366	GSM3167351	HSC	5	SVM	0.511046692982949	0.404722274579569	0.10632441840338
367	GSM3167354	HSC	5	SVM	0.347093061549597	0.333938557786949	0.0131545037626484
368	GSM3167361	HSC	3	SVM	0.466802687503331	0.454750264891097	0.0120524226122339
369	GSM3190036	HSC	3	SVM	0.199745176512254	0.244293721208827	-0.0445485446965727
370	GSM3190038	HSC	2	SVM	0.234489732238723	0.254481369433775	-0.0199916371950517
371	GSM3190039	HSC	2	SVM	0.184355470317571	0.220505358545991	-0.03614988822842
372	GSM3190040	HSC	3	SVM	0.18816554900722	0.23655494157262	-0.0483893925653998
373	GSM3190041	HSC	5	SVM	0.137610334662559	0.184173969282179	-0.0465636346196203
374	GSM3190046	HSC	3	SVM	0.271204800059489	0.277435822931381	-0.00623102287189237
375	GSM3190049	HSC	5	SVM	0.167886757992009	0.230982357639136	-0.0630955996471274
376	GSM3190055	HSC	5	SVM	0.100236878548708	0.169160289703708	-0.068923411155
377	GSM3190056	HSC	1	SVM	0.183186710610939	0.218189194639223	-0.0350024840282838
378	GSM3190058	HSC	3	SVM	0.11323297052193	0.245562051204461	-0.132329080682531
379	GSM3190059	HSC	1	SVM	0.178208850913506	0.172041738643527	0.00616711226997887
380	GSM3190066	HSC	4	SVM	0.129899208880307	0.180619989412471	-0.0507207805321641
381	GSM3190068	HSC	2	SVM	0.137859188250593	0.19040586496201	-0.0525466767114166
382	GSM3190073	HSC	3	SVM	0.115531051437697	0.191826580235451	-0.0762955287977537
383	GSM2797287_Sample_56677	HSC	2	SVM	0.386087493448461	0.390938427747768	-0.00485093429930689
384	GSM2797288_Sample_56678	HSC	5	SVM	0.47584022968276	0.383773225304768	0.0920670043779917
385	GSM2797289_Sample_56996	HSC	3	SVM	0.324975863845148	0.30131000022346	0.0236658636216882
386	GSM2797290_Sample_57009	HSC	5	SVM	0.505000424996107	0.36516826289502	0.139832162101087
387	GSM2797291_Sample_56997	HSC	2	SVM	0.505378003715339	0.417462817342754	0.087915186372585
388	GSM2797292_Sample_57010	HSC	2	SVM	0.434517841564355	0.366267818817921	0.0682500227464339
389	GSM2797293_Sample_69598	HSC	5	SVM	0.605762013708003	0.437712035687979	0.168049978020024
390	GSM2797294_Sample_57005	HSC	1	SVM	0.502608556654359	0.351302884636725	0.151305672017634
391	GSM2797295_Sample_69599	HSC	3	SVM	0.576649355864428	0.41138997028356	0.165259385580868
392	GSM2797296_Sample_57008	HSC	5	SVM	0.339895297843669	0.311638552047556	0.0282567457961134
393	GSM2797297_Sample_57000	HSC	4	SVM	0.489275456345292	0.401962783912906	0.0873126724323859
394	GSM2797298_Sample_57004	HSC	5	SVM	0.545342607361435	0.474904728949946	0.0704378784114892
395	GSM2797299_Sample_69596	HSC	4	SVM	0.514048177241784	0.393229765388954	0.12081841185283
396	GSM2797300_Sample_57002	HSC	1	SVM	0.54537708207458	0.417103851143553	0.128273230931027
397	GSM2797301_Sample_57003	HSC	4	SVM	0.617115152500872	0.433698798695414	0.183416353805458
398	GSM2797302_Sample_56682	HSC	1	SVM	0.638789625103946	0.384778450711241	0.254011174392705
399	GSM2797303_Sample_69600	HSC	3	SVM	0.453390086001123	0.418058254594596	0.0353318314065275
400	GSM2797304_Sample_57001	HSC	1	SVM	0.522254473692039	0.467324407874992	0.0549300658170467
401	GSM2797305_Sample_56683	HSC	4	SVM	0.600914927610423	0.413022630403745	0.187892297206678
402	GSM2797306_Sample_69597	HSC	3	SVM	0.44170349523344	0.449224928050926	-0.00752143281748624
403	GSM4432248	PGC	2	SVM	0.48456129175439	0.599477257967197	-0.114915966212807
404	GSM4432249	PGC	2	SVM	0.473225838049702	0.582109106409355	-0.108883268359653
405	GSM4432250	PGC	1	SVM	0.494281667898842	0.586699049797956	-0.0924173818991144
406	GSM4432281	PGC	1	SVM	0.521366849431456	0.597993847758051	-0.0766269983265946
407	GSM4432282	PGC	3	SVM	0.53733143140349	0.601513487762441	-0.0641820563589508
408	D3.5_1_Base_Media_NANOGPos	PGC	2	SVM	0.71510418546582	0.744662258652631	-0.0295580731868114
409	D3.5_2_Base_Media_NANOGPos	PGC	1	SVM	0.7251901904738	0.726250149984984	-0.00105995951118387
410	D3.5_3_Base_Media_NANOGPos	PGC	4	SVM	0.680585259032092	0.758074557790453	-0.0774892987583609
411	D3.5_1_XAV_NANOGPos	PGC	4	SVM	0.699299659528012	0.780124206298146	-0.080824546770134
412	D3.5_2_XAV_NANOGPos	PGC	3	SVM	0.707216820936255	0.724486372737015	-0.0172695518007602
413	D3.5_3_XAV_NANOGPos	PGC	2	SVM	0.692324338549333	0.738977085450334	-0.0466527469010007
414	GSM1466233	PGC	5	SVM	0.539130481367509	0.548847664629951	-0.00971718326244209
415	GSM1466234	PGC	1	SVM	0.592815372995823	0.560635625563106	0.0321797474327166
416	GSM1466241	PGC	5	SVM	0.555193342237168	0.606767800611457	-0.0515744583742894
417	GSM1466242	PGC	5	SVM	0.628944772333105	0.671944873727182	-0.0430001013940773
418	GSM2099959	iPSC	5	SVM	0.870091441418715	0.798423278403945	0.0716681630147696
419	GSM2099960	iPSC	1	SVM	0.915371778470158	0.834449374146181	0.0809224043239767
420	GSM2099961	iPSC	4	SVM	0.893901424987723	0.803514197829155	0.0903872271585676
421	GSM2099962	iPSC	4	SVM	0.951966410811127	0.864753897503581	0.0872125133075459
422	GSM2099963	iPSC	5	SVM	0.935709600653837	0.862533317053374	0.0731762836004627
423	GSM2099964	iPSC	5	SVM	0.945589181899234	0.880276165765855	0.0653130161333789
424	GSM2099965	iPSC	4	SVM	0.97030791804554	0.92439851616241	0.0459094018831295
425	GSM2099966	iPSC	1	SVM	0.97343549570509	0.918834308680408	0.0546011870246823
426	GSM2099967	iPSC	3	SVM	0.942665655249719	0.878172375402457	0.0644932798472618
427	GSM2099968	iPSC	4	SVM	0.914043969223779	0.842949723471067	0.0710942457527119
428	GSM2099969	iPSC	1	SVM	0.911195280155619	0.85791055265802	0.0532847274975993
429	GSM2099970	iPSC	1	SVM	0.921733091409548	0.861282632409336	0.0604504590002118
430	GSM2099971	iPSC	4	SVM	0.922827780669495	0.821424553028992	0.101403227640503
431	GSM2099972	iPSC	4	SVM	0.919506377436206	0.805824206432967	0.113682171003239
432	GSM2099973	iPSC	1	SVM	0.912881776599697	0.819439407424943	0.0934423691747539
433	GSM2099974	iPSC	4	SVM	0.902140144603808	0.820013812300086	0.0821263323037221
434	GSM2099975	iPSC	1	SVM	0.922948873252694	0.836651997461294	0.0862968757913999
435	GSM2099976	iPSC	1	SVM	0.955868499623622	0.91132299587094	0.0445455037526818
436	GSM2099977	iPSC	5	SVM	0.941294492447	0.888807256510518	0.052487235936482
437	GSM2099978	iPSC	2	SVM	0.965921345172109	0.919639746593131	0.0462815985789778
438	GSM2099979	iPSC	3	SVM	0.955927423099093	0.914687590182135	0.0412398329169582
439	GSM2099980	iPSC	1	SVM	0.958547906621076	0.906527589496266	0.05202031712481
440	GSM2099981	iPSC	2	SVM	0.948968358180746	0.915475178857441	0.0334931793233053
441	GSM2099982	iPSC	5	SVM	0.934303148233143	0.90791038137091	0.0263927668622332
442	GSM2099983	iPSC	3	SVM	0.941931112394717	0.920328433319144	0.021602679075573
443	GSM2099984	iPSC	4	SVM	0.94826492819648	0.919616039591512	0.0286488886049684
444	GSM2099985	iPSC	1	SVM	0.939349105441007	0.86871786365765	0.070631241783357
445	GSM2099986	iPSC	5	SVM	0.956490579920676	0.916493988153915	0.0399965917667608
446	GSM2099987	iPSC	3	SVM	0.921089175322913	0.851498994594738	0.069590180728175
447	GSM2099988	iPSC	2	SVM	0.86435035798455	0.796275495961866	0.0680748620226836
448	GSM2099989	iPSC	5	SVM	0.923574300110752	0.850488517981324	0.0730857821294278
449	GSM2099990	iPSC	4	SVM	0.921749299834384	0.830640731428067	0.091108568406317
450	GSM2099991	iPSC	3	SVM	0.925342594105854	0.835691842309178	0.0896507517966759
451	GSM2099992	iPSC	5	SVM	0.921811740828614	0.815546533590434	0.10626520723818
452	GSM2099993	iPSC	3	SVM	0.980589083312345	0.968441614797017	0.012147468515328
453	GSM2099994	iPSC	5	SVM	0.974643821880592	0.947553667859724	0.0270901540208681
454	GSM2099995	iPSC	5	SVM	0.979746489999902	0.942099980080035	0.0376465099198673
455	GSM2099996	iPSC	5	SVM	0.956658488816729	0.899053162998273	0.0576053258184557
456	GSM2099997	iPSC	2	SVM	0.964444602766625	0.877337007685355	0.0871075950812699
457	GSM2099998	iPSC	4	SVM	0.916241810305001	0.812824419877857	0.103417390427144
458	GSM2099999	iPSC	2	SVM	0.903531512401692	0.838477894948382	0.0650536174533103
459	GSM2100000	iPSC	2	SVM	0.911266325133147	0.850920049670419	0.0603462754627284
460	GSM2100001	iPSC	2	SVM	0.910668680979396	0.840612119193757	0.0700565617856395
461	GSM2100002	iPSC	4	SVM	0.920905191248109	0.812092452635978	0.108812738612131
462	GSM2100003	iPSC	1	SVM	0.918526974454911	0.829479020238296	0.0890479542166153
463	GSM2100004	iPSC	3	SVM	0.899858266818871	0.834558681992674	0.0652995848261968
464	GSM2100005	iPSC	4	SVM	0.921039517856066	0.865947073751	0.0550924441050658
465	GSM2100006	iPSC	5	SVM	0.920793241754196	0.87872418710075	0.0420690546534457
466	GSM2100007	iPSC	2	SVM	0.92658772164586	0.873951711620545	0.0526360100253147
467	GSM2100008	iPSC	2	SVM	0.931088080904531	0.839470870142533	0.0916172107619981
468	GSM2100009	iPSC	2	SVM	0.920941023066076	0.815732454244048	0.105208568822028
469	GSM2100010	iPSC	5	SVM	0.919358070209835	0.851322888420868	0.0680351817889665
470	GSM2100011	iPSC	4	SVM	0.9259645266251	0.83255962384545	0.09340490277965
471	GSM2100012	iPSC	4	SVM	0.890478285368595	0.83016918198906	0.0603091033795353
472	GSM2100013	iPSC	2	SVM	0.831461281687422	0.694407613355913	0.137053668331509
473	GSM2100014	iPSC	2	SVM	0.937050644101409	0.904087930370426	0.0329627137309827
474	GSM2100015	iPSC	2	SVM	0.953175420684802	0.919501092028908	0.0336743286558944
475	GSM2100016	iPSC	4	SVM	0.935778360750043	0.899222242451538	0.0365561182985048
476	GSM2100017	iPSC	3	SVM	0.920174492303507	0.825984353145853	0.0941901391576544
477	GSM2100018	iPSC	1	SVM	0.901461799935543	0.856786337598968	0.0446754623365754
478	GSM2100019	iPSC	1	SVM	0.923232987988248	0.876000424517046	0.0472325634712024
479	GSM2100020	iPSC	3	SVM	0.869781733100547	0.804946680648006	0.0648350524525411
480	GSM2100021	iPSC	2	SVM	0.920195951587423	0.827109383553777	0.0930865680336457
481	GSM2100022	iPSC	1	SVM	0.863215543869385	0.787999787699251	0.0752157561701335
482	GSM2100023	iPSC	4	SVM	0.934480108001094	0.89597576640369	0.038504341597404
483	GSM2100024	iPSC	4	SVM	0.941283587427308	0.907563574967463	0.0337200124598449
484	GSM2100025	iPSC	2	SVM	0.936733319849535	0.896861138320166	0.0398721815293691
485	GSM2100026	iPSC	5	SVM	0.887190829985758	0.795196830798679	0.0919939991870786
486	GSM2100027	iPSC	3	SVM	0.905805928862604	0.796170071833909	0.109635857028695
487	GSM2100028	iPSC	4	SVM	0.896753051607889	0.819357235044196	0.0773958165636927
488	GSM2100029	iPSC	5	SVM	0.960813301426099	0.884872333211448	0.0759409682146508
489	GSM2100030	iPSC	3	SVM	0.954805525683805	0.893633385201224	0.0611721404825808
490	GSM2100031	iPSC	1	SVM	0.961981067346182	0.901941758131775	0.0600393092144073
491	GSM2100032	iPSC	5	SVM	0.911221410630358	0.81324515399404	0.0979762566363183
492	GSM2100033	iPSC	4	SVM	0.913805432056584	0.815231859476033	0.0985735725805508
493	GSM2100034	iPSC	1	SVM	0.90854732607271	0.804661370467924	0.103885955604786
494	GSM2100035	iPSC	5	SVM	0.891167254990158	0.839888658081823	0.0512785969083348
495	GSM2100036	iPSC	5	SVM	0.878611126128936	0.812740718794476	0.0658704073344604
496	GSM2100037	iPSC	5	SVM	0.903451412398967	0.851546578325622	0.0519048340733452
497	GSM2100038	iPSC	2	SVM	0.867482979084378	0.783865480238567	0.083617498845811
498	GSM2100039	iPSC	1	SVM	0.843499387452436	0.770498603621266	0.0730007838311698
499	GSM2100040	iPSC	5	SVM	0.843870246126183	0.770652057732543	0.0732181883936402
500	GSM2100041	iPSC	3	SVM	0.848656056216791	0.756232917317485	0.0924231388993055
501	GSM2100042	iPSC	2	SVM	0.890508270183309	0.799729479049447	0.0907787911338619
502	GSM2100043	iPSC	4	SVM	0.893826207919768	0.809341827239846	0.0844843806799218
503	GSM2100044	iPSC	1	SVM	0.885451968367053	0.814614563683965	0.0708374046830882
504	GSM2100045	iPSC	4	SVM	0.91888631702419	0.83736872622975	0.0815175907944395
505	GSM2100046	iPSC	2	SVM	0.925676185867276	0.826406106632408	0.0992700792348679
506	GSM2100047	iPSC	4	SVM	0.933444581533962	0.849345757888894	0.0840988236450676
507	GSM2100048	iPSC	3	SVM	0.934602812420961	0.855660421963952	0.0789423904570088
508	GSM2100049	iPSC	5	SVM	0.964727910477507	0.891157807508786	0.0735701029687205
509	GSM2100050	iPSC	5	SVM	0.942832969941838	0.851535300457557	0.0912976694842806
510	GSM2100051	iPSC	2	SVM	0.940138412773558	0.824135576897967	0.116002835875591
511	GSM2100052	iPSC	1	SVM	0.949441070005845	0.868532712431296	0.0809083575745486
512	GSM2100053	iPSC	3	SVM	0.963328113571589	0.887392838633757	0.0759352749378319
513	GSM2100054	iPSC	4	SVM	0.973574413054537	0.899422780924915	0.0741516321296223
514	GSM2100055	iPSC	3	SVM	0.93110048691241	0.813890200360416	0.117210286551994
515	GSM2100056	iPSC	3	SVM	0.941958926210045	0.838010309243195	0.10394861696685
516	GSM2100057	iPSC	4	SVM	0.935046335757486	0.836606767292728	0.0984395684647582
517	GSM2100058	iPSC	3	SVM	0.936478702539007	0.888450473080392	0.0480282294586151
518	GSM2100059	iPSC	2	SVM	0.939510575225052	0.895138931857517	0.0443716433675349
519	GSM2100060	iPSC	5	SVM	0.936563747073208	0.88954625410278	0.0470174929704281
520	GSM2100061	iPSC	1	SVM	0.940079032346349	0.872175783287895	0.0679032490584537
521	GSM2100062	iPSC	2	SVM	0.920709831466937	0.853634680339432	0.0670751511275051
522	GSM2100063	iPSC	1	SVM	0.935102922041129	0.894960505442727	0.0401424165984018
523	GSM2100064	iPSC	4	SVM	0.862340849284682	0.784081377352997	0.0782594719316849
524	GSM2100065	iPSC	1	SVM	0.892810925024686	0.809399307679544	0.0834116173451422
525	GSM2100066	iPSC	3	SVM	0.893539142259486	0.794830084611774	0.0987090576477118
526	GSM2100067	iPSC	4	SVM	0.867782372996232	0.805263688562858	0.0625186844333735
527	GSM2100068	iPSC	2	SVM	0.861386375553373	0.78014794675933	0.0812384287940435
528	GSM2100069	iPSC	1	SVM	0.922559791002659	0.868046967522078	0.054512823480581
529	GSM2100070	iPSC	3	SVM	0.933471170029179	0.871584294686689	0.0618868753424898
530	GSM2100071	iPSC	2	SVM	0.936964290685661	0.872288348633949	0.0646759420517116
531	GSM2100072	iPSC	4	SVM	0.906878725554284	0.82676155054236	0.0801171750119239
532	GSM2100073	iPSC	1	SVM	0.898741839874777	0.839984142895442	0.0587576969793346
533	GSM2100074	iPSC	3	SVM	0.908382345368861	0.814532943141652	0.0938494022272093
534	GSM2100075	iPSC	3	SVM	0.989437898138674	0.930435816631066	0.0590020815076082
535	GSM2100076	iPSC	4	SVM	0.971428260629606	0.920644959270112	0.0507833013594944
536	GSM2100077	iPSC	3	SVM	0.961656216531881	0.892026602933187	0.0696296135986936
537	GSM2100078	iPSC	2	SVM	0.981841439565034	0.90328030386847	0.0785611356965635
538	GSM2100079	iPSC	1	SVM	0.968236082641624	0.90459620484069	0.0636398778009341
539	GSM2100080	iPSC	1	SVM	0.986916044992103	0.926324711551486	0.0605913334406168
540	GSM2100081	iPSC	3	SVM	0.918346942831058	0.878336288285833	0.0400106545452252
541	GSM2100082	iPSC	1	SVM	0.921457214728433	0.853647357935617	0.0678098567928161
542	GSM2100083	iPSC	2	SVM	0.895580065179689	0.790869496944036	0.104710568235654
543	GSM2100084	iPSC	3	SVM	0.883318239455097	0.804435452004952	0.0788827874501451
544	GSM2100085	iPSC	2	SVM	0.901771816944818	0.847558743743846	0.0542130732009724
545	GSM2100086	iPSC	1	SVM	0.881499389001972	0.845040234000884	0.0364591550010884
546	GSM2100087	iPSC	3	SVM	0.860315333718454	0.763685629243076	0.0966297044753784
547	GSM2100088	iPSC	5	SVM	0.884778865887108	0.82087219978013	0.0639066661069776
548	GSM2100089	iPSC	5	SVM	0.958221399908163	0.887720798543799	0.070500601364364
549	GSM2100090	iPSC	4	SVM	0.974086040588912	0.910194807880846	0.0638912327080663
550	GSM2100091	iPSC	1	SVM	0.951480537285483	0.882986545358583	0.0684939919269002
551	GSM2100092	iPSC	3	SVM	0.968529534300125	0.913207768164509	0.0553217661356158
552	GSM2100093	iPSC	2	SVM	0.955908025664369	0.842434105060214	0.113473920604156
553	GSM2100094	iPSC	4	SVM	0.974342243715006	0.92452188409108	0.0498203596239264
554	GSM2100095	iPSC	4	SVM	0.963735897956297	0.892444652369825	0.0712912455864722
555	GSM2100096	iPSC	2	SVM	0.955747172583108	0.872032182163608	0.0837149904194999
556	GSM2100097	iPSC	3	SVM	0.953135850220024	0.860571323959867	0.0925645262601573
557	GSM2100098	iPSC	5	SVM	0.968080823254145	0.879389077382303	0.0886917458718423
558	GSM2100099	iPSC	5	SVM	0.90771250210404	0.833417205850762	0.0742952962532778
559	GSM2100100	iPSC	4	SVM	0.954002232335072	0.901068783456396	0.0529334488786758
560	GSM2100101	iPSC	2	SVM	0.90074108864466	0.831532252923585	0.0692088357210746
561	GSM2100102	iPSC	2	SVM	0.933190812178439	0.896492660684312	0.0366981514941268
562	GSM2100103	iPSC	3	SVM	0.947131392858674	0.900722471314724	0.0464089215439503
563	GSM2100104	iPSC	5	SVM	0.952624326832698	0.896146023760542	0.056478303072156
564	GSM2100105	iPSC	2	SVM	0.862990427455445	0.838066310726095	0.0249241167293498
565	GSM2100106	iPSC	3	SVM	0.879473903455552	0.827927887966891	0.0515460154886611
566	GSM2100107	iPSC	5	SVM	0.916606252538326	0.885536630406573	0.0310696221317531
567	GSM2100108	iPSC	2	SVM	0.934486619273589	0.86678875704907	0.0676978622245188
568	GSM2100109	iPSC	2	SVM	0.935046211527332	0.883221525972558	0.0518246855547736
569	GSM2100110	iPSC	4	SVM	0.950645104342959	0.887649684291429	0.06299542005153
570	GSM2100111	iPSC	3	SVM	0.926049559021163	0.859129606423516	0.0669199525976472
571	GSM2100112	iPSC	5	SVM	0.927467579921442	0.857658515940071	0.0698090639813708
572	GSM2100113	iPSC	4	SVM	0.93698999387514	0.854219414303332	0.0827705795718083
573	GSM2100114	iPSC	4	SVM	0.952120329289262	0.892778008392231	0.0593423208970308
574	GSM2100115	iPSC	2	SVM	0.929137962448482	0.900218875564528	0.0289190868839538
575	GSM2100116	iPSC	1	SVM	0.959798120278349	0.881446576972622	0.0783515433057272
576	GSM2100117	iPSC	2	SVM	0.93899860149399	0.85683705774068	0.0821615437533103
577	GSM2100118	iPSC	1	SVM	0.951978012980079	0.875335161992793	0.0766428509872858
578	GSM2100119	iPSC	3	SVM	0.973641899917509	0.88293974493582	0.0907021549816892
579	GSM2100120	iPSC	4	SVM	0.973512930922248	0.892494579178513	0.0810183517437354
580	GSM2100121	iPSC	4	SVM	0.961495497699583	0.86404929408153	0.0974462036180529
581	GSM2100122	iPSC	1	SVM	0.892664365549144	0.844885316133251	0.0477790494158929
582	GSM2100123	iPSC	4	SVM	0.915710577673096	0.86694913601556	0.0487614416575364
583	GSM2100124	iPSC	4	SVM	0.936242563486133	0.885607683166434	0.0506348803196991
584	GSM2100125	iPSC	1	SVM	0.945554008179193	0.897927230948227	0.0476267772309661
585	GSM2100126	iPSC	3	SVM	0.931536179665397	0.887792586577714	0.0437435930876833
586	GSM2100127	iPSC	3	SVM	0.929765556818099	0.861351102123717	0.068414454694382
587	GSM2100128	iPSC	1	SVM	0.922812698123299	0.829497085314472	0.0933156128088267
588	GSM2100129	iPSC	4	SVM	0.911890036900666	0.846446359793535	0.0654436771071312
589	GSM2100130	iPSC	5	SVM	0.903043031251838	0.842023822482979	0.061019208768859
590	GSM2100131	iPSC	1	SVM	0.926733038903872	0.856968717130161	0.0697643217737111
591	GSM2100132	iPSC	2	SVM	0.938456606093041	0.857167695842222	0.0812889102508187
592	GSM2100133	iPSC	2	SVM	0.931845045980489	0.827921265071724	0.103923780908765
593	GSM2100134	iPSC	3	SVM	0.951069891743987	0.892027063032082	0.0590428287119052
594	GSM2100135	iPSC	3	SVM	0.953971635634949	0.86828651345767	0.0856851221772787
595	GSM2100136	iPSC	2	SVM	0.937096774749894	0.871681029998909	0.0654157447509847
596	GSM2100137	iPSC	1	SVM	0.928132717580425	0.841833375471644	0.0862993421087814
597	GSM2100138	iPSC	2	SVM	0.920879000507317	0.827776008008384	0.0931029924989325
598	GSM2100139	iPSC	5	SVM	0.913760142920515	0.805653267043514	0.108106875877001
599	GSM2100140	iPSC	5	SVM	0.887280220163032	0.78036192029119	0.106918299871842
600	GSM2100141	iPSC	1	SVM	0.91198927604229	0.818243272403591	0.0937460036386991
601	GSM2100142	iPSC	5	SVM	0.915196224049422	0.822353952275173	0.0928422717742492
602	GSM2100143	iPSC	4	SVM	0.951765975547228	0.898566003568841	0.053199971978387
603	GSM2100144	iPSC	4	SVM	0.945133655246633	0.872346642550065	0.0727870126965678
604	GSM2100145	iPSC	1	SVM	0.937181636695736	0.846947807005198	0.0902338296905378
605	GSM2100146	iPSC	4	SVM	0.887475299629088	0.825454610804725	0.0620206888243631
606	GSM2100147	iPSC	4	SVM	0.919242906116938	0.852548906284647	0.0666939998322911
607	GSM2100148	iPSC	3	SVM	0.910135830425234	0.829049429352581	0.0810864010726526
608	GSM2100149	iPSC	1	SVM	0.946169214251661	0.882681114979661	0.0634880992719998
609	GSM2100150	iPSC	1	SVM	0.936299787692063	0.87614020721446	0.0601595804776028
610	GSM2100151	iPSC	4	SVM	0.945930892152696	0.913508962885667	0.0324219292670295
611	GSM2100152	iPSC	2	SVM	0.924940716056906	0.885049319452005	0.0398913966049012
612	GSM2100153	iPSC	4	SVM	0.946112868077825	0.905031643569242	0.041081224508583
613	GSM2100154	iPSC	3	SVM	0.825413643375843	0.764344969934118	0.0610686734417247
614	GSM2100155	iPSC	5	SVM	0.898701694125822	0.808998325759891	0.0897033683659311
615	GSM2100156	iPSC	3	SVM	0.894582164616934	0.810742670085658	0.0838394945312758
616	GSM2100157	iPSC	3	SVM	0.903575158302441	0.791762764522709	0.111812393779732
617	GSM2100158	iPSC	2	SVM	0.933122394500619	0.891572161488043	0.041550233012576
618	GSM2100159	iPSC	2	SVM	0.950363863151878	0.9210710438105	0.0292928193413782
619	GSM2100160	iPSC	4	SVM	0.953826429951756	0.93821270901057	0.0156137209411862
620	GSM2100161	iPSC	5	SVM	0.936466292290211	0.845616370427261	0.09084992186295
621	GSM2100162	iPSC	3	SVM	0.944877301902364	0.863558817402668	0.0813184844996955
622	GSM2100163	iPSC	1	SVM	0.943838105783335	0.874088865250282	0.069749240533053
623	GSM2100164	iPSC	1	SVM	0.928671939333102	0.863772180589908	0.0648997587431944
624	GSM2100165	iPSC	4	SVM	0.894673642426882	0.839257438853714	0.055416203573168
625	GSM2100166	iPSC	3	SVM	0.939975383587139	0.915057537147443	0.0249178464396962
626	GSM2100167	iPSC	2	SVM	0.945767753220257	0.870680655324689	0.0750870978955679
627	GSM2100168	iPSC	5	SVM	0.947543548544541	0.870279442370827	0.0772641061737144
628	GSM2100169	iPSC	4	SVM	0.935706524035754	0.843356042485466	0.0923504815502882
629	GSM2100170	iPSC	1	SVM	0.909068520749875	0.827758130151871	0.0813103905980044
630	GSM2100171	iPSC	3	SVM	0.903569605777522	0.837480359903812	0.0660892458737097
631	GSM2100172	iPSC	1	SVM	0.899800010771922	0.841876245999913	0.0579237647720089
632	GSM2100173	iPSC	3	SVM	0.898242653447336	0.855633176902293	0.0426094765450427
633	GSM2100174	iPSC	3	SVM	0.794071530127187	0.660834162204109	0.133237367923078
634	GSM2100175	iPSC	4	SVM	0.905186024212281	0.841970616259931	0.0632154079523496
635	GSM2100176	iPSC	4	SVM	0.898342607058045	0.811726573381286	0.0866160336767593
636	GSM2100177	iPSC	4	SVM	0.907210091726702	0.837131151032711	0.0700789406939907
637	GSM2100178	iPSC	3	SVM	0.954497206610873	0.857529120619776	0.0969680859910966
638	GSM2100179	iPSC	2	SVM	0.911222116769681	0.84948258318152	0.0617395335881606
639	GSM2100180	iPSC	5	SVM	0.915862207945277	0.834339109900992	0.0815230980442851
640	GSM2100181	iPSC	1	SVM	0.905163208122165	0.824812133283219	0.080351074838946
641	GSM2100182	iPSC	4	SVM	0.956491176092446	0.929579922340322	0.0269112537521244
642	GSM2100183	iPSC	2	SVM	0.941927338310494	0.895253603966574	0.0466737343439196
643	GSM2100184	iPSC	5	SVM	0.971425935994434	0.963771219315935	0.00765471667849893
644	GSM2100185	iPSC	5	SVM	0.943596139513375	0.889222819589256	0.0543733199241191
645	GSM2100186	iPSC	3	SVM	0.943369008290388	0.903660376195137	0.0397086320952514
646	GSM2100187	iPSC	2	SVM	0.94565909716282	0.897163133506077	0.0484959636567432
647	GSM2100188	iPSC	5	SVM	0.937093039483277	0.863151803947906	0.0739412355353706
648	GSM2100189	iPSC	5	SVM	0.926566415206432	0.840562496407688	0.0860039187987444
649	GSM2100190	iPSC	1	SVM	0.899782061145559	0.867737189949705	0.0320448711958545
650	GSM2100191	iPSC	5	SVM	0.925381469723785	0.831878039503761	0.0935034302200242
651	GSM2100192	iPSC	2	SVM	0.918360505537384	0.810770786179394	0.10758971935799
652	GSM2100193	iPSC	5	SVM	0.932236211599973	0.839197861824975	0.0930383497749983
653	GSM2100194	iPSC	1	SVM	0.874968572953599	0.809203430056573	0.0657651428970256
654	GSM2100195	iPSC	4	SVM	0.951767214696775	0.889951355799378	0.0618158588973972
655	GSM2100196	iPSC	5	SVM	0.901716527616503	0.828508203249465	0.0732083243670377
656	GSM2100197	iPSC	1	SVM	0.94069104849828	0.881341335637814	0.0593497128604664
657	GSM2100198	iPSC	4	SVM	0.942793389775654	0.907500064382473	0.0352933253931813
658	GSM2100199	iPSC	2	SVM	0.925077949733188	0.897204694853934	0.0278732548792537
659	GSM2100200	iPSC	1	SVM	0.925733320132597	0.879232599321151	0.0465007208114459
660	GSM2100201	iPSC	5	SVM	0.903855916479804	0.892175983087529	0.011679933392275
661	GSM2100202	iPSC	3	SVM	0.896063139259755	0.842777078406219	0.0532860608535356
662	GSM2100203	iPSC	5	SVM	0.898618558755267	0.847138019767424	0.0514805389878429
663	GSM2100204	iPSC	3	SVM	0.904392673450938	0.855244892688406	0.0491477807625318
664	GSM2100205	iPSC	2	SVM	0.954537025194252	0.88829773805785	0.0662392871364019
665	GSM2100206	iPSC	2	SVM	0.942530184353873	0.861364169421598	0.0811660149322754
666	GSM2100207	iPSC	2	SVM	0.945314156517746	0.874360460490315	0.0709536960274305
667	GSM2100208	iPSC	3	SVM	0.890868955067259	0.832033694485449	0.0588352605818101
668	GSM2100209	iPSC	2	SVM	0.911350233644016	0.826124695472536	0.0852255381714804
669	GSM2100210	iPSC	2	SVM	0.908085406302727	0.833072519135802	0.0750128871669254
670	GSM2100211	iPSC	2	SVM	0.92856922348518	0.895991598164564	0.0325776253206161
671	GSM2100212	iPSC	3	SVM	0.941139237612323	0.893572241701337	0.047566995910986
672	GSM2100213	iPSC	5	SVM	0.957036896757473	0.896050251498268	0.0609866452592051
673	GSM2100214	iPSC	5	SVM	0.903383698412997	0.845308282386449	0.058075416026548
674	GSM2100215	iPSC	2	SVM	0.88755393098652	0.83837659192388	0.0491773390626403
675	GSM2100216	iPSC	4	SVM	0.916612727404368	0.897377598027738	0.0192351293766297
676	GSM2100217	iPSC	5	SVM	0.897035227948896	0.844925415839242	0.0521098121096539
677	GSM2100218	iPSC	5	SVM	0.911971995948708	0.845115147623193	0.0668568483255154
678	GSM2100219	iPSC	1	SVM	0.914501948768592	0.844118010946445	0.0703839378221472
679	GSM2100220	iPSC	5	SVM	0.944806848331324	0.895032559170679	0.049774289160645
680	GSM2100221	iPSC	1	SVM	0.958415631279055	0.909385582946606	0.0490300483324495
681	GSM2100222	iPSC	1	SVM	0.927579531092642	0.884802878673368	0.0427766524192744
682	GSM2100223	iPSC	5	SVM	0.946583824549796	0.876377811277536	0.0702060132722595
683	GSM2100224	iPSC	3	SVM	0.937386331216591	0.88656999212436	0.050816339092231
684	GSM2100225	iPSC	1	SVM	0.931797310961766	0.879171088923334	0.0526262220384325
685	GSM2100226	iPSC	4	SVM	0.977448946024325	0.914823256199615	0.0626256898247102
686	GSM2100227	iPSC	2	SVM	0.96983681875143	0.910861233418183	0.0589755853332471
687	GSM2100228	iPSC	4	SVM	0.99592399889808	0.955896325271748	0.0400276736263318
688	GSM2100229	iPSC	4	SVM	0.934445059518132	0.890365138039213	0.0440799214789191
689	GSM2100230	iPSC	5	SVM	0.933935298896363	0.862684106875067	0.0712511920212955
690	GSM2100231	iPSC	1	SVM	0.932429254771273	0.871649288739035	0.0607799660322385
691	GSM2100232	iPSC	4	SVM	0.964027268465231	0.92144703905331	0.0425802294119205
692	GSM2100233	iPSC	1	SVM	0.953258888583335	0.918948407233148	0.0343104813501874
693	GSM2100234	iPSC	4	SVM	0.962626682115588	0.926296736213995	0.0363299459015934
694	GSM2100235	iPSC	4	SVM	0.916310985954596	0.864823022240153	0.0514879637144435
695	GSM2100236	iPSC	1	SVM	0.918524331339684	0.859452744103207	0.0590715872364769
696	GSM2100237	iPSC	5	SVM	0.924331301504358	0.912358655594082	0.0119726459102758
697	GSM2100238	iPSC	4	SVM	0.909906078563848	0.825429326853544	0.0844767517103042
698	GSM2100239	iPSC	2	SVM	0.919693567846405	0.839960446591475	0.0797331212549299
699	GSM2100240	iPSC	3	SVM	0.869948444295714	0.800491198825978	0.0694572454697364
700	GSM2100241	iPSC	3	SVM	0.883845077897816	0.798640125619606	0.0852049522782105
701	GSM2100242	iPSC	3	SVM	0.91005271329988	0.856600165232243	0.053452548067637
702	GSM2100243	iPSC	5	SVM	0.92146741390417	0.868184071160602	0.0532833427435679
703	GSM2100244	iPSC	5	SVM	0.943596920853605	0.890830871127728	0.0527660497258771
704	GSM2100245	iPSC	5	SVM	0.950909255934613	0.89587209151701	0.0550371644176028
705	GSM2100246	iPSC	3	SVM	0.942216563287542	0.856562256862242	0.0856543064253005
706	GSM2100247	iPSC	2	SVM	0.936156653666325	0.887966592596432	0.0481900610698925
707	GSM2100248	iPSC	5	SVM	0.92226295112774	0.851718993946687	0.070543957181053
708	GSM2100249	iPSC	3	SVM	0.932197660804387	0.826893165061415	0.105304495742972
709	GSM2100250	iPSC	1	SVM	0.948724397112691	0.902135761762796	0.0465886353498954
710	GSM2100251	iPSC	2	SVM	0.943634231861278	0.88586535961912	0.0577688722421577
711	GSM2100252	iPSC	1	SVM	0.938928364309329	0.850076567510292	0.0888517967990369
712	GSM2100253	iPSC	1	SVM	0.897858969308033	0.814424601999463	0.0834343673085705
713	GSM2100254	iPSC	5	SVM	0.923846996310446	0.837204250811715	0.0866427454987311
714	GSM2100255	iPSC	3	SVM	0.895542808282499	0.811795012065666	0.0837477962168333
715	GSM2100256	iPSC	2	SVM	0.89991274722411	0.807602758867005	0.0923099883571048
716	GSM2100257	iPSC	1	SVM	0.895306748918688	0.836069743837662	0.0592370050810259
717	GSM2100258	iPSC	1	SVM	0.882648319930147	0.837622054097606	0.0450262658325409
718	GSM2100259	iPSC	1	SVM	0.941863727580369	0.89838561176153	0.0434781158188386
719	GSM2100260	iPSC	3	SVM	0.931790733642777	0.861954549753553	0.0698361838892243
720	GSM2100261	iPSC	3	SVM	0.959363892378784	0.878328778402503	0.0810351139762807
721	GSM2100262	iPSC	4	SVM	0.891877590716839	0.800793905307901	0.0910836854089377
722	GSM2100263	iPSC	1	SVM	0.903115164421864	0.852083315316419	0.0510318491054452
723	GSM2100264	iPSC	3	SVM	0.901481564617115	0.815165877486561	0.0863156871305543
724	GSM2100265	iPSC	3	SVM	0.966331787751484	0.901111280118817	0.0652205076326674
725	GSM2100266	iPSC	3	SVM	0.961518850655858	0.882413560494983	0.0791052901608746
726	GSM2100267	iPSC	3	SVM	0.962985569336691	0.883353008000068	0.0796325613366228
727	GSM2100268	iPSC	2	SVM	0.916817482457192	0.817828754697885	0.0989887277593071
728	GSM2100269	iPSC	2	SVM	0.920864762229639	0.837666521213474	0.0831982410161646
729	GSM2100270	iPSC	2	SVM	0.916077450430034	0.856167582594153	0.0599098678358814
730	GSM2100271	iPSC	2	SVM	0.887265610426413	0.798314735339817	0.0889508750865964
731	GSM2100272	iPSC	5	SVM	0.880584062742779	0.790690724526277	0.0898933382165019
732	GSM2100273	iPSC	3	SVM	0.886608292015692	0.784967559824366	0.101640732191326
733	GSM2100274	iPSC	4	SVM	0.88337419089711	0.784948131062888	0.0984260598342221
734	GSM2100275	iPSC	4	SVM	0.889504197909125	0.796525754570278	0.0929784433388466
1	GTEX-13CF3-2326-SM-5IFGL	GTEx	2	XGBoost	0.00825343479100969	0.00395083427429199	0.0043026005167177
2	GTEX-OXRK-0326-SM-3NB3R	GTEx	2	XGBoost	0.00431737610036399	0.00219756434671581	0.00211981175364818
3	GTEX-ZVT2-2226-SM-5NQ6P	GTEx	2	XGBoost	-0.00179351470477322	-0.002780252834782	0.000986738130008784
4	GTEX-U3ZN-2626-SM-3DB7T	GTEx	3	XGBoost	-0.00432603556520347	-0.00224440917372704	-0.00208162639147643
5	GTEX-U4B1-1726-SM-3DB9F	GTEx	4	XGBoost	-3.63200863725353e-05	-0.000896842160727829	0.000860522074355293
6	GTEX-PWCY-1926-SM-3NB25	GTEx	1	XGBoost	0.00953693490786078	0.00533158052712679	0.00420535438073399
7	GTEX-Y5V5-2426-SM-5IFJA	GTEx	4	XGBoost	0.00542692451140753	-0.000109080283436924	0.00553600479484445
8	GTEX-Q2AI-1426-SM-2S1P5	GTEx	1	XGBoost	0.00424686587891745	0.0103500159457326	-0.00610315006681514
9	GTEX-12KS4-0426-SM-5EQMC	GTEx	1	XGBoost	-0.00406636640122441	-0.00483048567548394	0.000764119274259532
10	GTEX-T6MN-0226-SM-32PMD	GTEx	5	XGBoost	0.0230307588239149	0.017851322889328	0.0051794359345869
11	GTEX-147F3-0626-SM-5NQ9I	GTEx	3	XGBoost	-0.00773551807832297	-0.00172667915467173	-0.00600883892365124
12	GTEX-OXRN-0226-SM-2I5EJ	GTEx	2	XGBoost	0.0111941875053139	0.0073508583009243	0.0038433292043896
13	GTEX-YFC4-0226-SM-57WD2	GTEx	3	XGBoost	0.00356118041744579	0.016691667959094	-0.0131304875416483
14	GTEX-12ZZX-0226-SM-5DUXU	GTEx	5	XGBoost	0.0212767906563809	0.0168403759598732	0.0044364146965077
15	GTEX-ZP4G-2326-SM-57WEM	GTEx	3	XGBoost	-0.00274378209327212	8.3661223470699e-05	-0.00282744331674282
16	GTEX-ZZ64-1626-SM-5E43W	GTEx	4	XGBoost	-0.00310563073231512	-0.00277115078642964	-0.000334479945885476
17	GTEX-ZVTK-0526-SM-5GZWT	GTEx	1	XGBoost	-0.00154832920752821	-0.000134656860609539	-0.00141367234691867
18	GTEX-QLQW-1226-SM-2S1Q9	GTEx	3	XGBoost	0.0135262816372066	0.00325824227184057	0.010268039365366
19	GTEX-13QJ3-0426-SM-5RQHP	GTEx	5	XGBoost	-1.35884170966143e-05	0.0110725043341517	-0.0110860927512484
20	GTEX-ZAJG-0226-SM-5HL81	GTEx	2	XGBoost	0.00146055931705746	0.000619376660324633	0.000841182656732827
21	GTEX-ZE7O-0226-SM-5S2N1	GTEx	1	XGBoost	-0.00400382088214373	0.00239455467090011	-0.00639837555304384
22	GTEX-13111-1726-SM-5EGJZ	GTEx	1	XGBoost	-0.00494832534835513	-0.000760136812459677	-0.00418818853589545
23	GTEX-13G51-2626-SM-5LZYW	GTEx	1	XGBoost	0.00271119728355859	0.00314497994259	-0.000433782659031408
24	GTEX-VUSG-2426-SM-4KKZG	GTEx	4	XGBoost	0.00778717467676083	0.00820034556090832	-0.000413170884147488
25	GTEX-ZUA1-0226-SM-5NQ9Q	GTEx	4	XGBoost	-0.000775516241320591	0.00107554253190756	-0.00185105877322815
26	GTEX-OXRP-0226-SM-3NB14	GTEx	3	XGBoost	0.00576055059966874	0.0203300453722477	-0.014569494772579
27	GTEX-OOBK-0226-SM-2YUMF	GTEx	4	XGBoost	0.00737505483054756	0.00773020321503282	-0.000355148384485256
28	GTEX-12C56-1626-SM-5FQUO	GTEx	3	XGBoost	-0.0050577474689647	-0.00293363793753088	-0.00212410953143382
29	GTEX-13VXU-0226-SM-5SI9R	GTEx	5	XGBoost	0.00030603632242375	-0.00336771132424474	0.00367374764666849
30	GTEX-OOBJ-0226-SM-2YUMM	GTEx	3	XGBoost	-0.00443020833893789	0.00226134574040771	-0.00669155407934559
31	GTEX-TML8-2026-SM-32QOP	GTEx	5	XGBoost	0.00732686408498429	0.00356623809784651	0.00376062598713778
32	GTEX-11DXW-0326-SM-5H11W	GTEx	3	XGBoost	-0.00184018773812634	0.00378031888976693	-0.00562050662789327
33	GTEX-R55D-0326-SM-48FES	GTEx	1	XGBoost	0.00135499844115112	0.000565020309295505	0.000789978131855615
34	GTEX-1211K-2226-SM-5FQU6	GTEx	5	XGBoost	-0.00759577144672431	-0.00504883844405413	-0.00254693300267018
35	GTEX-13NZ9-0526-SM-5J1OX	GTEx	1	XGBoost	0.0110880008128056	0.010332484729588	0.000755516083217568
36	GTEX-X4LF-1726-SM-3NMBZ	GTEx	1	XGBoost	0.00118484427674771	-0.00252979411743581	0.00371463839418352
37	GTEX-S32W-2226-SM-2XCAY	GTEx	4	XGBoost	-0.00294306285720961	0.000563732523005456	-0.00350679538021507
38	GTEX-13QBU-2526-SM-5LU4X	GTEx	5	XGBoost	0.00754179539126971	0.00202417047694325	0.00551762491432646
39	GTEX-14BMV-0226-SM-5S2N2	GTEx	4	XGBoost	0.0013022220501573	0.00249339151196182	-0.00119116946180452
40	GTEX-13FTY-0626-SM-5L3F8	GTEx	4	XGBoost	-0.00415820249842951	0.00107358314562589	-0.0052317856440554
41	GTEX-XUZC-1826-SM-4BRVO	GTEx	1	XGBoost	0.000737815902480026	0.00488023879006505	-0.00414242288758502
42	GTEX-12WSM-0226-SM-5LZV6	GTEx	2	XGBoost	-0.00772220572112537	-0.00170928612351418	-0.00601291959761119
43	GTEX-11ZVC-2626-SM-5FQTA	GTEx	3	XGBoost	-0.00433129995032657	0.00100435910280794	-0.00533565905313451
44	GTEX-146FR-1826-SM-5QGPF	GTEx	3	XGBoost	-0.0123056014152403	-0.00128736952319741	-0.0110182318920429
45	GTEX-X15G-2326-SM-4PQZS	GTEx	3	XGBoost	-0.0057086808910031	0.00390366464853287	-0.00961234553953597
46	GTEX-ZAB4-1126-SM-5HL86	GTEx	1	XGBoost	0.00953996756196872	0.00933746621012688	0.000202501351841843
47	GTEX-P78B-1026-SM-3NMC4	GTEx	3	XGBoost	0.0136202434910225	0.0109400963410735	0.00268014714994899
48	GTEX-XQ8I-1526-SM-4BOOH	GTEx	4	XGBoost	0.0274371552253171	0.0189592596143484	0.00847789561096869
49	GTEX-XBEW-1326-SM-4AT63	GTEx	1	XGBoost	0.00437072271885104	0.00722695840522647	-0.00285623568637543
50	GTEX-13FHP-1526-SM-5IJGE	GTEx	4	XGBoost	-0.00557085518024639	0.00339056272059679	-0.00896141790084318
51	GTEX-RTLS-1126-SM-46MUQ	GTEx	5	XGBoost	0.00319994755275749	0.0120434388518333	-0.00884349129907585
52	GTEX-Y5V6-1026-SM-4VBS2	GTEx	2	XGBoost	0.000980415287762229	0.00825290009379387	-0.00727248480603164
53	GTEX-11NSD-1126-SM-5N9BQ	GTEx	3	XGBoost	0.0123635424602756	0.0107858097180724	0.00157773274220319
54	GTEX-14BIN-2726-SM-5RQIE	GTEx	5	XGBoost	0.00200526113330524	0.00758999679237604	-0.0055847356590708
55	GTEX-UJMC-0926-SM-4IHLK	GTEx	3	XGBoost	0.0214021586569216	0.0459811463952065	-0.0245789877382848
56	GTEX-OOBK-0625-SM-3LK5P	GTEx	1	XGBoost	0.00994787371830481	0.0102913891896605	-0.00034351547135574
57	GTEX-Y111-1626-SM-57WCY	GTEx	5	XGBoost	0.0215878003507225	0.0261988341808319	-0.00461103383010941
58	GTEX-VUSG-1226-SM-4KKZF	GTEx	1	XGBoost	0.0127479599580161	0.008723477832973	0.0040244821250431
59	GTEX-QEG5-1426-SM-447AS	GTEx	5	XGBoost	0.0235630368274915	0.0208520423620939	0.00271099446539758
60	GTEX-OIZG-1026-SM-3LK5X	GTEx	2	XGBoost	0.0218321068555454	0.0190017856657505	0.0028303211897949
61	GTEX-13OVI-2626-SM-5KM4T	GTEx	4	XGBoost	0.00725862800442708	0.0107611203566194	-0.00350249235219228
62	GTEX-ZA64-0626-SM-5HL9O	GTEx	1	XGBoost	-0.0015927905605337	0.00338714779354632	-0.00497993835408002
63	GTEX-S32W-0926-SM-4AD5X	GTEx	2	XGBoost	0.0140125709683196	0.011750821955502	0.00226174901281757
64	GTEX-144FL-2726-SM-5O98Z	GTEx	4	XGBoost	0.0141834792793971	0.00838233157992363	0.00580114769947347
65	GTEX-13SLX-1726-SM-5Q5E5	GTEx	2	XGBoost	0.00511467652276546	0.0103437565267086	-0.00522908000394314
66	GTEX-11EMC-2226-SM-5A5JW	GTEx	2	XGBoost	0.0128404941688925	0.00978423282504082	0.00305626134385168
67	GTEX-XXEK-0326-SM-4BRVV	GTEx	1	XGBoost	0.0255694393566125	0.0151240350678563	0.0104454042887562
68	GTEX-XGQ4-1526-SM-4AT6H	GTEx	5	XGBoost	0.00861318401334753	0.0120162516832352	-0.00340306766988764
69	GTEX-11ONC-1526-SM-5GU6S	GTEx	3	XGBoost	0.00156089059683636	0.00624623987823725	-0.00468534928140089
70	GTEX-12BJ1-1626-SM-5HL8Y	GTEx	4	XGBoost	0.00948098704165157	0.0108023816719651	-0.00132139463031355
71	GTEX-T5JW-1326-SM-4DM5G	GTEx	1	XGBoost	0.00941261578914872	0.0101996986195445	-0.000787082830395787
72	GTEX-111CU-0726-SM-5GZYD	GTEx	2	XGBoost	0.0152502017515138	0.0138313975185156	0.00141880423299821
73	GTEX-13X6H-1326-SM-5LU42	GTEx	3	XGBoost	-0.00132691563745159	0.00506563438102603	-0.00639255001847762
74	GTEX-13JVG-2026-SM-5KM1N	GTEx	2	XGBoost	0.00536326637264309	0.0175934005528688	-0.0122301341802258
75	GTEX-X4EP-1626-SM-4QAS6	GTEx	2	XGBoost	0.0139403259690735	0.0113608418032527	0.0025794841658208
76	GTEX-ZF3C-1626-SM-4WWB4	GTEx	5	XGBoost	0.00612999698113614	0.015855809673667	-0.00972581269253081
77	GTEX-13NZB-1226-SM-5J2MW	GTEx	3	XGBoost	0.0119166775451761	0.0106086637824774	0.00130801376269872
78	GTEX-ZYW4-1326-SM-5E45N	GTEx	4	XGBoost	-0.000403354430171345	0.00964230205863714	-0.0100456564888085
79	GTEX-REY6-1326-SM-48FDO	GTEx	4	XGBoost	0.0207052123588784	0.0158243104815483	0.00488090187733009
80	GTEX-11DXX-1126-SM-5GZZK	GTEx	3	XGBoost	0.00963894244799134	0.01075045671314	-0.00111151426514867
81	GTEX-ZYVF-2226-SM-5GIDD	GTEx	3	XGBoost	0.0354536147625609	0.0210203099995852	0.0144333047629757
82	GTEX-YJ89-1526-SM-5P9IR	GTEx	1	XGBoost	0.00827278472244966	0.00831591803580523	-4.31333133555662e-05
83	GTEX-R53T-1126-SM-48FD4	GTEx	1	XGBoost	0.0237595439232677	0.0145070450380445	0.00925249888522325
84	GTEX-O5YV-1026-SM-3LK72	GTEx	5	XGBoost	0.0161194671637424	0.0128521323204041	0.00326733484333835
85	GTEX-Z9EW-0526-SM-5HL8S	GTEx	4	XGBoost	0.00531390764179752	0.00945433229207993	-0.00414042465028241
86	GTEX-XUZC-0426-SM-4BOPE	GTEx	2	XGBoost	0.00872231676702891	0.0107145104557276	-0.00199219368869867
87	GTEX-R55G-1026-SM-48FDI	GTEx	1	XGBoost	0.00866650684844777	0.0123772909864783	-0.00371078413803056
88	GTEX-R45C-1226-SM-48FEE	GTEx	3	XGBoost	0.0152947413204438	0.0109387272968888	0.00435601402355497
89	GTEX-12KS4-0926-SM-5BC5S	GTEx	4	XGBoost	0.00308257180779714	0.00727851688861847	-0.00419594508082133
90	GTEX-13N1W-0726-SM-5MR57	GTEx	2	XGBoost	0.0243743668340453	0.00679298397153616	0.0175813828625091
91	GTEX-XBED-0826-SM-47JYC	GTEx	1	XGBoost	0.0070570010709112	0.0175430029630661	-0.0104860018921549
92	GTEX-X4EP-0526-SM-3P5YW	GTEx	4	XGBoost	0.0114258535412768	0.0109134092926979	0.000512444248578894
93	GTEX-145MN-0926-SM-5NQBT	GTEx	1	XGBoost	0.0139961128664414	0.0195923242717981	-0.00559621140535673
94	GTEX-PLZ5-0726-SM-2I5F9	GTEx	3	XGBoost	0.00739966588126592	0.0134056014940143	-0.00600593561274834
95	GTEX-Y8E4-0526-SM-4V6GC	GTEx	5	XGBoost	0.0112870153232388	0.0131701957434416	-0.00188318042020278
96	GTEX-148VI-0226-SM-5RQKA	GTEx	5	XGBoost	0.0120418480409652	0.0116390911862254	0.000402756854739787
97	GTEX-OIZG-0526-SM-2HMLF	GTEx	3	XGBoost	0.0124904011867766	0.00845457334071398	0.00403582784606262
98	GTEX-UPK5-1126-SM-3GAEJ	GTEx	2	XGBoost	0.0176304228269635	0.0173772908747196	0.000253131952243881
99	GTEX-13OVH-1026-SM-5J2NP	GTEx	3	XGBoost	0.00676975471300948	0.00877353642135859	-0.00200378170834911
100	GTEX-13PL7-1726-SM-5J2NX	GTEx	2	XGBoost	0.0105719265640952	0.0114057352766395	-0.000833808712544262
101	GTEX-13G51-0426-SM-5K7Z5	GTEx	4	XGBoost	0.0142429226108618	0.0133347418159246	0.000908180794937156
102	GTEX-13NYS-1626-SM-5J2MU	GTEx	5	XGBoost	0.0121641650756686	0.015442849136889	-0.00327868406122038
103	GTEX-145LS-1226-SM-5Q5D9	GTEx	3	XGBoost	0.0355412924509868	0.0194484051316977	0.0160928873192891
104	GTEX-WK11-0526-SM-3NB3O	GTEx	2	XGBoost	0.00616728796589394	0.0112637104466558	-0.00509642248076181
105	GTEX-ZZPT-1326-SM-5E43H	GTEx	1	XGBoost	0.00411061603766355	0.0125038931146264	-0.00839327707696286
106	GTEX-13OVJ-0726-SM-5KM1W	GTEx	2	XGBoost	0.0180807888663879	0.0127552216872573	0.00532556717913061
107	GTEX-ZDXO-1326-SM-57WBS	GTEx	5	XGBoost	0.00748893773355633	0.0129555715247989	-0.00546663379124254
108	GTEX-131XE-0726-SM-5HL9K	GTEx	4	XGBoost	0.0162222099638025	0.017656110227108	-0.0014339002633055
109	GTEX-O5YV-0526-SM-2I5GE	GTEx	3	XGBoost	0.0240197868542289	0.019241888076067	0.00477789877816193
110	GTEX-117YX-1326-SM-5H125	GTEx	5	XGBoost	0.0087580145189799	0.0132904034107924	-0.00453238889181245
111	GTEX-12WSI-0826-SM-5EGKD	GTEx	3	XGBoost	0.0188741193337936	0.0136176617816091	0.00525645755218454
112	GTEX-13O3P-1026-SM-5N9E7	GTEx	5	XGBoost	0.0136269501011647	0.00563883874565363	0.00798811135551107
113	GTEX-13U4I-1426-SM-5J2M3	GTEx	2	XGBoost	0.0328552729649927	0.0249479468911886	0.00790732607380408
114	GTEX-X261-1026-SM-3NMDL	GTEx	1	XGBoost	-0.00537283838384209	0.00956175290048122	-0.0149345912843233
115	GTEX-ZXG5-0826-SM-5GID6	GTEx	4	XGBoost	0.0163634096077135	0.0187647771090269	-0.00240136750131341
116	GTEX-QDVN-0726-SM-4B64L	GTEx	1	XGBoost	0.0119717744162539	0.0140472073107958	-0.00207543289454188
117	GTEX-ZF2S-0626-SM-4WKH2	GTEx	4	XGBoost	0.020555287611009	0.018878011032939	0.00167727657807004
118	GTEX-QMR6-1926-SM-32PL9	GTEx	5	XGBoost	0.0189407356639007	0.0108771333470941	0.00806360231680664
119	GTEX-133LE-0526-SM-5N9EJ	GTEx	5	XGBoost	0.00474603021740749	0.00914451573044062	-0.00439848551303313
120	GTEX-OXRO-0326-SM-33HBM	GTEx	4	XGBoost	0.00941241096710539	0.0118110319599509	-0.00239862099284553
121	GTEX-13O3Q-0526-SM-5KM18	GTEx	1	XGBoost	0.0106828793355851	0.0100203529000282	0.000662526435556872
122	GTEX-QCQG-0326-SM-2I3ES	GTEx	4	XGBoost	0.00216912247881868	0.0100529575720429	-0.00788383509322426
123	GTEX-12WSD-0826-SM-5GCNE	GTEx	5	XGBoost	0.0173977264473905	0.0237995535135269	-0.00640182706613642
124	GTEX-13111-0426-SM-5DUXR	GTEx	3	XGBoost	0.0143335160000022	0.014765583910048	-0.000432067910045807
125	GTEX-13FHP-0726-SM-5K7YI	GTEx	5	XGBoost	0.0116836523377759	0.0134808411821723	-0.0017971888443964
126	GTEX-P78B-0926-SM-2I5FA	GTEx	1	XGBoost	0.0269395609235317	0.0193399842828512	0.00759957664068048
127	GTEX-13QBU-0726-SM-5J2OA	GTEx	2	XGBoost	0.0220862343814091	0.0209842789918184	0.00110195538959067
128	GTEX-131YS-0926-SM-5IJB9	GTEx	3	XGBoost	0.00879290859684665	0.0109312301501632	-0.00213832155331652
129	GTEX-XMD2-1026-SM-4WWE8	GTEx	3	XGBoost	0.00758836212618729	0.0111859990283847	-0.0035976369021974
130	GTEX-11DXZ-0726-SM-5N9C4	GTEx	4	XGBoost	0.0312992283312473	0.0167655199766159	0.0145337083546314
131	GTEX-11NSD-0326-SM-5A5LS	GTEx	3	XGBoost	0.0124353803506219	0.015816992148757	-0.00338161179813508
132	GTEX-WZTO-0426-SM-3NM99	GTEx	1	XGBoost	0.0140505379556158	0.0123432772234082	0.00170726073220758
133	GTEX-11O72-0326-SM-5986D	GTEx	4	XGBoost	0.00644165744977014	0.00525557296350598	0.00118608448626416
134	GTEX-11DZ1-0926-SM-5EQ5R	GTEx	2	XGBoost	0.00836668270637294	0.21636800467968	-0.208001321973307
135	GTEX-WXYG-2526-SM-3NB3F	GTEx	1	XGBoost	0.00278108900230233	0.0020002971868962	0.000780791815406125
136	GTEX-VUSG-2626-SM-4KKZI	GTEx	1	XGBoost	0.0127886806903232	0.00675102369859815	0.00603765699172505
137	GTEX-13PVR-2526-SM-5RQIT	GTEx	4	XGBoost	0.00113330157734699	0.000432601111242548	0.000700700466104442
138	GTEX-Z9EW-1726-SM-5CVMO	GTEx	2	XGBoost	-0.00224881103176748	0.00146722816862166	-0.00371603920038914
139	GTEX-11EMC-2626-SM-59864	GTEx	3	XGBoost	0.000712413843802223	0.00424642814323306	-0.00353401429943084
140	GTEX-13NZA-0526-SM-5L3D7	GTEx	2	XGBoost	0.00475239576346312	0.00299848453141749	0.00175391123204563
141	GTEX-ZTPG-0126-SM-5O9AL	GTEx	4	XGBoost	0.00376029314888066	0.000946514133829623	0.00281377901505104
142	GTEX-QEG5-0426-SM-2I5GJ	GTEx	3	XGBoost	0.0043865444287953	0.00645241048187017	-0.00206586605307487
143	GTEX-Q2AG-0426-SM-2S1PU	GTEx	4	XGBoost	0.00390171474158151	0.00582647463306785	-0.00192475989148634
144	GTEX-13PVQ-0326-SM-5K7YF	GTEx	4	XGBoost	0.00630772321014409	0.00961683690547943	-0.00330911369533534
145	GTEX-1445S-0626-SM-5LU3C	GTEx	1	XGBoost	0.00667392660636042	0.00564774498343468	0.00102618162292574
146	GTEX-12ZZY-0626-SM-5EQ5T	GTEx	2	XGBoost	0.0103989367954171	0.00954307988286018	0.000855856912556916
147	GTEX-OIZI-0626-SM-2XCEH	GTEx	1	XGBoost	0.00400520985288335	0.00265507702715695	0.0013501328257264
148	GTEX-QDVN-2426-SM-2S1Q4	GTEx	5	XGBoost	0.000221624231814039	0.0030305590480566	-0.00280893481624256
149	GTEX-147F3-0226-SM-5NQBV	GTEx	5	XGBoost	-0.00578997088209092	0.00418307539075613	-0.00997304627284705
150	GTEX-QLQW-1326-SM-2S1QS	GTEx	1	XGBoost	0.0147059973056668	0.00866662058979273	0.00603937671587407
151	GTEX-Y8E5-0326-SM-57WBM	GTEx	2	XGBoost	0.00739255098833405	0.00729356054216623	9.89904461678173e-05
152	GTEX-ZWKS-0326-SM-5NQ7G	GTEx	4	XGBoost	0.00721340448926171	0.00634182663634419	0.000871577852917515
153	GTEX-Y5V6-2626-SM-5IFIX	GTEx	3	XGBoost	0.00355381624958675	0.00311620510183275	0.000437611147754003
154	GTEX-X4XX-0626-SM-3NMC1	GTEx	5	XGBoost	0.00635849338397942	0.00911318231374025	-0.00275468892976083
155	GTEX-PWCY-2026-SM-5SI8R	GTEx	2	XGBoost	0.00161776113651014	0.000157626811414957	0.00146013432509518
156	GTEX-QVUS-0226-SM-3GIJY	GTEx	2	XGBoost	-0.00064734989312122	0.00535753509029746	-0.00600488498341868
157	GTEX-SNMC-1426-SM-2XCFM	GTEx	1	XGBoost	0.00771465421718256	0.00531174428761005	0.00240290992957251
158	GTEX-11NSD-2026-SM-5HL5U	GTEx	3	XGBoost	-0.00296457322864699	0.00244646612554789	-0.00541103935419488
159	GTEX-139T8-0526-SM-5KLZL	GTEx	5	XGBoost	0.0172637784955398	0.00978715997189283	0.00747661852364697
160	GTEX-146FR-1726-SM-5Q5DT	GTEx	3	XGBoost	0.000635239129793528	0.00663064559921622	-0.0059954064694227
161	GTEX-13112-2626-SM-5BC66	GTEx	1	XGBoost	0.0134851784944037	0.00754411844536662	0.00594106004903708
162	GTEX-ZY6K-2026-SM-5GZXQ	GTEx	4	XGBoost	0.00799568395716744	0.00460826093330979	0.00338742302385765
163	GTEX-13FTZ-2226-SM-5LZXI	GTEx	3	XGBoost	0.0109945760873496	0.00777759868651628	0.00321697740083332
164	GTEX-11EQ9-2126-SM-5PNVW	GTEx	4	XGBoost	0.00156033249135368	0.00383680616505444	-0.00227647367370076
165	GTEX-11H98-0326-SM-5HL4S	GTEx	5	XGBoost	-0.000735149530985215	0.00103089027106762	-0.00176603980205283
166	GTEX-13W3W-2626-SM-5SIA2	GTEx	4	XGBoost	0.000250750000099564	-0.00123654212802649	0.00148729212812605
167	GTEX-X261-0326-SM-3NMD4	GTEx	5	XGBoost	0.000523568001283297	0.00307305040769279	-0.00254948240640949
168	GTEX-12WSM-0326-SM-5LZVI	GTEx	3	XGBoost	-0.00209751945355274	-0.00133742170874029	-0.000760097744812446
169	GTEX-117YX-2526-SM-5EQ4Q	GTEx	5	XGBoost	0.00515176630890014	0.00528468796983361	-0.000132921660933472
170	GTEX-13OW7-0326-SM-5J1MP	GTEx	3	XGBoost	0.0079465008310266	0.00604508211836219	0.00190141871266441
171	GTEX-132Q8-0626-SM-5L3F3	GTEx	3	XGBoost	0.00625229705927962	0.00713565107434988	-0.00088335401507026
172	GTEX-145MH-0326-SM-5LU8H	GTEx	5	XGBoost	0.0107377648436049	0.00711788795888424	0.00361987688472066
173	GTEX-13O1R-0526-SM-5K7XU	GTEx	5	XGBoost	0.0106617715789717	0.00690474640578032	0.00375702517319138
174	GTEX-XGQ4-2326-SM-4AT53	GTEx	1	XGBoost	0.0241905458674435	0.0132886208593845	0.010901925008059
175	GTEX-1313W-0526-SM-5P9FZ	GTEx	2	XGBoost	0.00460698833034574	0.00528153963387012	-0.000674551303524385
176	GTEX-Z93S-1626-SM-5CVMB	GTEx	4	XGBoost	0.0180712948236548	0.0136376870796084	0.00443360774404636
177	GTEX-11NSD-0626-SM-5A5LU	GTEx	1	XGBoost	0.0105294952247708	0.00882612634450197	0.00170336888026883
178	GTEX-12KS4-2126-SM-5FQUT	GTEx	1	XGBoost	0.0254881660968798	0.0164435561746359	0.00904460992224391
179	GTEX-ZZPU-0826-SM-5GZX5	GTEx	3	XGBoost	-0.000730118858853501	0.0020240698941052	-0.0027541887529587
180	GTEX-XYKS-1426-SM-4BRUO	GTEx	1	XGBoost	0.0230075731703538	0.0161192007362843	0.00688837243406954
181	GTEX-ZVTK-0226-SM-51MRG	GTEx	2	XGBoost	0.0515759032956955	0.0328315831720829	0.0187443201236126
182	GTEX-Y3IK-1626-SM-4YCF5	GTEx	4	XGBoost	-0.00663751712357423	0.00094739836640656	-0.00758491548998079
183	GTEX-13OVJ-0826-SM-5J1OK	GTEx	4	XGBoost	0.00432952205599183	0.00769449537619948	-0.00336497332020765
184	GTEX-ZT9W-1126-SM-57WDR	GTEx	1	XGBoost	0.00751014550609055	0.00174094643443823	0.00576919907165232
185	GTEX-11ZUS-2626-SM-5FQUR	GTEx	2	XGBoost	0.00719702819610478	0.0143512161448598	-0.00715418794875501
186	GTEX-14B4R-1326-SM-5Q5EZ	GTEx	2	XGBoost	0.00773613254375144	0.00662276754155755	0.00111336500219389
187	GTEX-13FTW-0326-SM-5K7UW	GTEx	3	XGBoost	0.0112075067557845	0.0109927477315068	0.000214759024277675
188	GTEX-ZF2S-1626-SM-57WES	GTEx	4	XGBoost	0.0151589466963379	0.00412113731727004	0.0110378093790679
189	GTEX-11O72-0626-SM-5PNYE	GTEx	3	XGBoost	0.0205002009815907	0.0125346556305885	0.00796554535100217
190	GTEX-11TUW-0626-SM-5LU9M	GTEx	1	XGBoost	0.00672418556781181	0.00934843439608812	-0.00262424882827631
191	GTEX-ZVP2-0326-SM-57WBP	GTEx	4	XGBoost	0.00277688637596244	0.00147348223254085	0.00130340414342159
192	GTEX-146FQ-2126-SM-5RQHU	GTEx	5	XGBoost	0.00753198264054548	0.0133714927360415	-0.00583951009549607
193	GTEX-132AR-0326-SM-5KM2C	GTEx	4	XGBoost	0.011595428344127	0.0144576169550419	-0.00286218861091488
194	GTEX-1314G-1326-SM-5BC6E	GTEx	2	XGBoost	0.0256147830351766	0.0241032000631094	0.0015115829720672
195	GTEX-11VI4-1126-SM-5EQMD	GTEx	3	XGBoost	-0.000362481309181288	0.0098273204639554	-0.0101898017731367
196	GTEX-12ZZZ-0726-SM-5GCNZ	GTEx	1	XGBoost	-0.000161512385575791	0.00541359698399901	-0.0055751093695748
197	GTEX-ZAB4-2126-SM-5HL8U	GTEx	5	XGBoost	0.00114510480541175	0.0103805838152766	-0.00923547900986487
198	GTEX-13VXT-1926-SM-5K7UO	GTEx	2	XGBoost	0.00339089876783479	0.010993036441505	-0.00760213767367016
199	GTEX-13NZ9-2626-SM-5L3FK	GTEx	3	XGBoost	0.0188944166447034	0.0102934557944536	0.00860096085024978
200	GTEX-148VJ-0626-SM-5LUAW	GTEx	2	XGBoost	-0.00640972691512602	0.00379643682390451	-0.0102061637390305
201	GTEX-145MI-0626-SM-5SI8S	GTEx	4	XGBoost	-0.00234031608359395	0.0079408623278141	-0.0102811784114081
202	GTEX-13PL6-1126-SM-5L3IE	GTEx	1	XGBoost	0.00571264048098283	0.0058887810446322	-0.000176140563649367
203	GTEX-13U4I-2226-SM-5LU5H	GTEx	2	XGBoost	0.00863897289704031	0.0122828288003802	-0.00364385590333992
204	GTEX-11DXX-2126-SM-5PNYR	GTEx	5	XGBoost	0.00639943658665876	0.0073417853564024	-0.000942348769743637
205	GTEX-WYVS-1626-SM-3NM9R	GTEx	4	XGBoost	0.0259133231194984	0.0175550505518913	0.00835827256760707
206	GTEX-11DZ1-2426-SM-5GZZX	GTEx	4	XGBoost	0.0196590712639255	0.0196402557194233	1.88155445022056e-05
207	GTEX-111FC-2526-SM-5GZXU	GTEx	3	XGBoost	0.0140173492859886	0.0115080047398806	0.00250934454610804
208	GTEX-11ZTT-2126-SM-5CVLO	GTEx	2	XGBoost	0.00600141491895408	0.00846857111901045	-0.00246715620005637
209	GTEX-WH7G-2026-SM-3NMBL	GTEx	4	XGBoost	0.0113588465563572	0.0181157030165195	-0.00675685646016235
210	GTEX-XOT4-0626-SM-4B66L	GTEx	3	XGBoost	0.0331141269877343	0.0207106862217188	0.0124034407660155
211	GTEX-YB5K-2026-SM-4VDT3	GTEx	5	XGBoost	0.0077918662398026	0.00647972477599978	0.00131214146380282
212	GTEX-ZYW4-0626-SM-59HJR	GTEx	5	XGBoost	0.0105974052183548	0.0112875020131469	-0.000690096794792077
213	GTEX-1192X-2726-SM-5N9DN	GTEx	4	XGBoost	-1.97132346739636e-05	0.00902605336159468	-0.00904576659626864
214	GTEX-ZYFC-0426-SM-5GICQ	GTEx	1	XGBoost	0.00663933286505254	0.00790987443178892	-0.00127054156673638
215	GTEX-111YS-1526-SM-5GZYW	GTEx	5	XGBoost	-0.00619408259841043	0.000171614563441835	-0.00636569716185227
216	GTEX-11NUK-2726-SM-5A5MC	GTEx	4	XGBoost	0.0147185291464926	0.0116494176909328	0.00306911145555985
217	GTEX-11EQ8-0926-SM-5H12V	GTEx	5	XGBoost	0.015295551827111	0.0118176518008113	0.00347790002629971
218	GTEX-139TT-2126-SM-5LZWC	GTEx	5	XGBoost	0.0160383620557222	0.0193473733961582	-0.00330901134043602
219	GTEX-X8HC-0626-SM-4E3HQ	GTEx	5	XGBoost	0.00422864110151939	0.0107952821999788	-0.00656664109845944
220	GTEX-ZF29-0926-SM-4WKFZ	GTEx	3	XGBoost	0.000771134558748204	0.00219307211227715	-0.00142193755352895
221	GTEX-YFCO-1226-SM-5LUAT	GTEx	2	XGBoost	0.00789350560693909	0.0147185828536749	-0.0068250772467358
222	GTEX-13O3O-2326-SM-5IJD6	GTEx	2	XGBoost	0.0131460714537525	0.0119456127285957	0.00120045872515677
223	GTEX-139UW-2826-SM-5L3E7	GTEx	3	XGBoost	0.00472620582317281	0.0100501189008355	-0.0053239130776627
224	GTEX-S95S-1226-SM-4GICG	GTEx	2	XGBoost	0.0171046763696458	0.0116432188078761	0.00546145756176969
225	GTEX-11GSP-2526-SM-5N9BP	GTEx	4	XGBoost	0.0154777774930284	0.0109362313523889	0.00454154614063954
226	GTEX-13O1R-0126-SM-5L3EH	GTEx	5	XGBoost	0.0118663204318245	0.0102429687976837	0.00162335163414078
227	GTEX-1212Z-2526-SM-5EGKP	GTEx	3	XGBoost	0.015991558636314	0.0103848725557327	0.00560668608058127
228	GTEX-14C5O-0126-SM-5SI6N	GTEx	5	XGBoost	0.0130101357442527	0.0101044485345483	0.00290568720970442
229	GTEX-OXRK-0226-SM-3NB2G	GTEx	2	XGBoost	0.0111307158134535	0.0108760884031653	0.00025462741028816
230	GTEX-1211K-2026-SM-5EQ4Z	GTEx	2	XGBoost	-0.00150449799199978	0.00137006130535156	-0.00287455929735134
231	GTEX-XPVG-2626-SM-4B669	GTEx	5	XGBoost	0.0219690272086923	0.00841497629880905	0.0135540509098833
232	GTEX-XQ3S-1526-SM-4BOOC	GTEx	3	XGBoost	0.00541269504198422	0.00276017538271844	0.00265251965926578
233	GTEX-QESD-1426-SM-2S1R9	GTEx	2	XGBoost	0.0187517532809498	0.0162204578518867	0.00253129542906305
234	GTEX-U3ZM-1526-SM-3DB9D	GTEx	5	XGBoost	-0.00455654950764839	0.00393629726022482	-0.00849284676787321
235	GTEX-TMMY-0226-SM-33HBA	GTEx	5	XGBoost	0.0167874305268046	0.00916454289108515	0.00762288763571945
236	GTEX-139T4-0226-SM-5HL5S	GTEx	5	XGBoost	0.018808690437712	0.0164207238703966	0.00238796656731539
237	GTEX-ZGAY-0526-SM-4WWBB	GTEx	2	XGBoost	0.00272645523055595	0.00756483990699053	-0.00483838467643458
238	GTEX-OXRP-0126-SM-3NB32	GTEx	5	XGBoost	0.0132903027753187	0.0131354490295053	0.000154853745813447
239	GTEX-145MO-0326-SM-5Q5B3	GTEx	5	XGBoost	0.00396016678823464	0.00706241326406598	-0.00310224647583134
240	GTEX-13RTJ-2426-SM-5S2Q2	GTEx	2	XGBoost	0.00521339905118615	0.00654144817963243	-0.00132804912844628
241	GTEX-RUSQ-1526-SM-2TF62	GTEx	2	XGBoost	0.0131456937192532	0.0129131739959121	0.000232519723341125
242	GTEX-QLQW-1126-SM-2S1Q8	GTEx	1	XGBoost	0.0166089524716009	0.011630279943347	0.00497867252825392
243	GTEX-145MN-2226-SM-5SIAU	GTEx	3	XGBoost	-0.00419594881407258	0.000668186345137656	-0.00486413515921024
244	GTEX-ZYY3-0126-SM-5GZY5	GTEx	3	XGBoost	0.0110501717890092	0.00578425312414765	0.00526591866486155
245	GTEX-146FQ-0126-SM-5NQA9	GTEx	4	XGBoost	-0.000100241848700167	0.00705936085432768	-0.00715960270302785
246	GTEX-Y8DK-0126-SM-4TT3L	GTEx	1	XGBoost	0.0220327151816148	0.0148617625236511	0.00717095265796368
247	GTEX-XBED-2226-SM-47JYQ	GTEx	4	XGBoost	0.00196301693766633	0.00644383300095797	-0.00448081606329164
248	GTEX-P4PP-0126-SM-3LK69	GTEx	1	XGBoost	0.00998147092729173	0.00465816259384155	0.00532330833345018
249	GTEX-12WSL-2526-SM-5GCNJ	GTEx	2	XGBoost	-0.00301645832386241	0.0037771207280457	-0.00679357905190811
250	GTEX-ZF2S-2326-SM-4WWCE	GTEx	4	XGBoost	0.0164626284484373	0.00886141136288643	0.00760121708555087
251	GTEX-13FTY-0526-SM-5L3EV	GTEx	1	XGBoost	0.0139117075240547	0.0126096941530704	0.00130201337098425
252	GTEX-ZYW4-0126-SM-5E44A	GTEx	2	XGBoost	-0.000266886912839277	0.00693087885156274	-0.00719776576440202
253	GTEX-P4PQ-0126-SM-2S1NM	GTEx	2	XGBoost	0.00268225543104698	0.00703872181475163	-0.00435646638370465
254	GTEX-QCQG-1726-SM-3GIJ9	GTEx	4	XGBoost	0.0157783397119906	0.0149949435144663	0.000783396197524315
255	GTEX-145MI-0526-SM-5O9A8	GTEx	5	XGBoost	0.0091727766037487	0.00998032558709383	-0.000807548983345131
256	GTEX-11P82-1626-SM-59879	GTEx	1	XGBoost	-0.00463594566646886	0.000137544280732982	-0.00477348994720184
257	GTEX-UJHI-1526-SM-3DB99	GTEx	5	XGBoost	-0.00178653646135979	0.00418224977329373	-0.00596878623465352
258	GTEX-RU72-0926-SM-2TF6B	GTEx	3	XGBoost	0.0191817308101476	0.014556516893208	0.00462521391693957
259	GTEX-11GS4-2726-SM-5A5LE	GTEx	1	XGBoost	0.00700449180873121	0.0135733364149928	-0.0065688446062616
260	GTEX-1399T-2826-SM-5KLYZ	GTEx	1	XGBoost	0.0209634163336252	0.0179441552609205	0.00301926107270467
261	GTEX-OHPL-0126-SM-2HMJ7	GTEx	3	XGBoost	0.010996021928284	0.013306338340044	-0.00231031641176002
262	GTEX-OIZH-0126-SM-2HMIS	GTEx	2	XGBoost	0.00518450519663609	0.00415625935420394	0.00102824584243215
263	GTEX-13OVG-1926-SM-5L3DK	GTEx	1	XGBoost	0.00673395457608462	0.00401598773896694	0.00271796683711768
264	GTEX-RWS6-2026-SM-2XCB5	GTEx	4	XGBoost	0.00411818240846419	0.00301907141692936	0.00109911099153483
265	GTEX-145LT-1726-SM-5QGP3	GTEx	2	XGBoost	0.0120749245371001	0.0116119673475623	0.000462957189537786
266	GTEX-ZC5H-0226-SM-4WAY9	GTEx	1	XGBoost	0.0202965540069317	0.0177419744431973	0.00255457956373445
267	GTEX-14A6H-0126-SM-5QGPK	GTEx	5	XGBoost	-0.00100631344889809	0.00510978838428855	-0.00611610183318664
268	GSM1973958	ADMSC	2	XGBoost	0.270504884247441	0.271232813596725	-0.000727929349284451
269	GSM1973959	ADMSC	2	XGBoost	0.287943448782629	0.292149037122726	-0.00420558834009743
270	GSM1973960	ADMSC	4	XGBoost	0.281537328816867	0.301058650016785	-0.0195213211999177
271	GSM1973961	ADMSC	5	XGBoost	0.297520993589465	0.305187493562698	-0.00766649997323338
272	GSM1973962	ADMSC	2	XGBoost	0.302467423727703	0.288043975830078	0.0144234478976249
273	GSM1973963	ADMSC	3	XGBoost	0.30303188043157	0.278347045183182	0.0246848352483882
274	GSM6169153	ADMSC	1	XGBoost	0.316668874179533	0.311582654714584	0.00508621946494864
275	GSM6169155	ADMSC	4	XGBoost	0.267053720759631	0.298561990261078	-0.0315082695014469
276	GSM6169156	ADMSC	3	XGBoost	0.271492843743465	0.306226819753647	-0.0347339760101819
277	GSM6169158	ADMSC	2	XGBoost	0.297034164668481	0.331411242485046	-0.0343770778165654
278	GSM6169159	ADMSC	1	XGBoost	0.303896661827951	0.299996048212051	0.00390061361589961
279	GSM6169161	ADMSC	1	XGBoost	0.325227307928437	0.292934417724609	0.0322928902038276
280	GSM6169162	ADMSC	2	XGBoost	0.407780931854239	0.39365690946579	0.0141240223884492
281	GSM6169164	ADMSC	4	XGBoost	0.300493260251	0.314996749162674	-0.014503488911674
282	GSM6169165	ADMSC	1	XGBoost	0.347455063162342	0.316514611244202	0.0309404519181403
283	GSM6169167	ADMSC	2	XGBoost	0.278754454075398	0.338599741458893	-0.0598452873834948
284	GSM6169168	ADMSC	2	XGBoost	0.312367517970769	0.273503512144089	0.0388640058266803
285	GSM4128688	BMSC	2	XGBoost	0.313262234012003	0.310307800769806	0.00295443324219707
286	GSM4128689	BMSC	4	XGBoost	0.288452269400646	0.27943953871727	0.0090127306833761
287	GSM4128690	BMSC	2	XGBoost	0.32786937733333	0.330259799957275	-0.0023904226239454
288	GSM4128691	BMSC	3	XGBoost	0.25493823843683	0.275465577840805	-0.0205273394039751
289	GSM4128692	BMSC	4	XGBoost	0.355330988110296	0.322299510240555	0.0330314778697412
290	GSM4128693	BMSC	1	XGBoost	0.326262282487962	0.311286866664886	0.0149754158230755
291	GSM4128694	BMSC	5	XGBoost	0.297743000862305	0.279645472764969	0.0180975280973361
292	GSM4128695	BMSC	4	XGBoost	0.270259317470327	0.277387768030167	-0.00712845055983963
293	GSM4128696	BMSC	1	XGBoost	0.378451545886922	0.371020138263702	0.00743140762321959
294	GSM4128697	BMSC	1	XGBoost	0.347966609228187	0.318301022052765	0.0296655871754221
295	GSM4128698	BMSC	3	XGBoost	0.400789737425506	0.392034858465195	0.0087548789603113
296	GSM4128699	BMSC	4	XGBoost	0.416911456082187	0.404270350933075	0.012641105149112
297	GSM4128700	BMSC	2	XGBoost	0.344299445244229	0.35956010222435	-0.015260656980121
298	GSM4128701	BMSC	2	XGBoost	0.386137526512896	0.368272840976715	0.0178646855361809
299	GSM4128702	BMSC	5	XGBoost	0.362865053263312	0.362551480531693	0.000313572731619471
300	GSM4128703	BMSC	5	XGBoost	0.355858065284059	0.368266046047211	-0.0124079807631517
301	GSM4128704	BMSC	1	XGBoost	0.39915850665082	0.33176189661026	0.06739661004056
302	GSM4128705	BMSC	1	XGBoost	0.383379053311263	0.374301731586456	0.00907732172480669
303	GSM4128706	BMSC	1	XGBoost	0.40416208947984	0.405180960893631	-0.00101887141379098
304	GSM4128707	BMSC	3	XGBoost	0.400924385472255	0.40278235077858	-0.0018579653063247
305	GSM4128708	BMSC	5	XGBoost	0.385272230769154	0.391431599855423	-0.00615936908626896
306	GSM4128709	BMSC	1	XGBoost	0.368728357135386	0.338403165340424	0.0303251917949624
307	GSM4128710	BMSC	5	XGBoost	0.360168241988483	0.366638749837875	-0.00647050784939235
308	GSM4128711	BMSC	2	XGBoost	0.416759968854698	0.397382587194443	0.0193773816602553
309	GSM4128712	BMSC	5	XGBoost	0.354329093644955	0.3618985414505	-0.00756944780554547
310	GSM4128713	BMSC	5	XGBoost	0.406866106863147	0.43016704916954	-0.0233009423063934
311	GSM4128714	BMSC	1	XGBoost	0.335647697858022	0.343109220266342	-0.00746152240832015
312	GSM4128715	BMSC	4	XGBoost	0.391217767394405	0.393022328615189	-0.0018045612207836
313	GSM4128716	BMSC	3	XGBoost	0.362913427983746	0.365968823432922	-0.00305539544917638
314	GSM4128717	BMSC	5	XGBoost	0.402003850564935	0.397405207157135	0.00459864340779997
315	GSM4128718	BMSC	5	XGBoost	0.366978472880817	0.390616178512573	-0.0236377056317563
316	GSM4128719	BMSC	1	XGBoost	0.321505014104603	0.317226439714432	0.00427857439017126
317	GSM4128720	BMSC	4	XGBoost	0.290412766243126	0.307761788368225	-0.0173490221250991
318	GSM4128721	BMSC	3	XGBoost	0.405892665914299	0.389941304922104	0.0159513609921951
319	GSM4128722	BMSC	4	XGBoost	0.364604800071522	0.325643956661224	0.0389608434102977
320	GSM4128723	BMSC	5	XGBoost	0.409558532862735	0.379970610141754	0.0295879227209809
321	GSM4128724	BMSC	5	XGBoost	0.353309082708021	0.36088764667511	-0.00757856396708884
322	GSM4128725	BMSC	3	XGBoost	0.373170496266809	0.355743855237961	0.0174266410288482
323	GSM4128726	BMSC	2	XGBoost	0.329130637736469	0.313062697649002	0.0160679400874669
324	GSM4128727	BMSC	4	XGBoost	0.357865111534381	0.312821179628372	0.0450439319060088
325	GSM5393142	BMSC	5	XGBoost	0.277298505885209	0.361014574766159	-0.0837160688809501
326	GSM5393143	BMSC	2	XGBoost	0.392339974849033	0.378214955329895	0.014125019519138
327	GSM5393144	BMSC	1	XGBoost	0.279878534014428	0.296019703149796	-0.0161411691353675
328	GSM5393145	BMSC	3	XGBoost	0.367686051259084	0.335189938545227	0.0324961127138569
329	GSM5393146	BMSC	4	XGBoost	0.334677757123189	0.3438620865345	-0.00918432941131114
330	GSM5393147	BMSC	4	XGBoost	0.331469513671771	0.320271641016006	0.0111978726557646
331	GSM5393148	BMSC	2	XGBoost	0.343100266929092	0.320842564105988	0.0222577028231045
332	GSM5393149	BMSC	3	XGBoost	0.256905871131922	0.307986736297607	-0.0510808651656854
333	GSM5393150	BMSC	5	XGBoost	0.30800367205266	0.260248959064484	0.0477547129881764
334	GSM5393151	BMSC	1	XGBoost	0.0782799798071849	0.0815042108297348	-0.0032242310225499
335	GSM5393152	BMSC	1	XGBoost	0.063499437491477	0.0648198425769806	-0.00132040508550359
336	GSM5393153	BMSC	2	XGBoost	0.0675000056899039	0.071047730743885	-0.00354772505398114
337	GSM5393154	BMSC	1	XGBoost	0.0637267921687037	0.0649856626987457	-0.00125887053004203
338	GSM5393155	BMSC	4	XGBoost	0.0637012569967374	0.064215399324894	-0.000514142328156553
339	GSM5393156	BMSC	1	XGBoost	0.0700258975231479	0.0752198845148087	-0.00519398699166075
340	GSM5393157	BMSC	3	XGBoost	0.131398033685134	0.113134808838367	0.0182632248467665
341	GSM5393158	BMSC	1	XGBoost	0.0645435648605577	0.065708301961422	-0.00116473710086426
342	GSM5393159	BMSC	5	XGBoost	0.0634189632319333	0.064335323870182	-0.000916360638248737
343	GSM4072651	BMSC	3	XGBoost	0.205360735230944	0.277505725622177	-0.0721449903912331
344	GSM4072652	BMSC	4	XGBoost	0.183583644020664	0.263489544391632	-0.0799059003709681
345	GSM4072653	BMSC	2	XGBoost	0.199118147643225	0.259955435991287	-0.0608372883480622
346	GSM4072654	BMSC	4	XGBoost	0.221701238310308	0.28823459148407	-0.0665333531737618
347	GSM4072655	BMSC	4	XGBoost	0.26687405791491	0.258866816759109	0.00800724115580048
348	GSM4072656	BMSC	3	XGBoost	0.212458893527763	0.246757209300995	-0.0342983157732319
349	GSM4072657	BMSC	5	XGBoost	0.199625728857531	0.233661592006683	-0.0340358631491524
350	GSM4072658	BMSC	5	XGBoost	0.187134272899926	0.263858318328857	-0.0767240454289314
351	GSM4072659	BMSC	4	XGBoost	0.241783812519351	0.260725945234299	-0.0189421327149477
352	GSM4072660	BMSC	5	XGBoost	0.272545586909225	0.300231158733368	-0.0276855718241429
353	GSM4072661	BMSC	4	XGBoost	0.216780941928465	0.242798417806625	-0.0260174758781604
354	GSM4072662	BMSC	2	XGBoost	0.246571409600757	0.247318238019943	-0.000746828419186246
355	GSM4072663	BMSC	3	XGBoost	0.2176892750063	0.293071299791336	-0.0753820247850361
356	GSM4072664	BMSC	2	XGBoost	0.233035435552488	0.251890540122986	-0.0188551045704978
357	GSM4072665	BMSC	5	XGBoost	0.231615121418252	0.230784848332405	0.000830273085846905
358	GSM4072666	BMSC	3	XGBoost	0.223923226499767	0.241500660777092	-0.017577434277325
359	GSM4072667	BMSC	3	XGBoost	0.248426299629143	0.263726323843002	-0.0153000242138593
360	GSM4072668	BMSC	2	XGBoost	0.199352743051659	0.237275198101997	-0.0379224550503384
361	GSM3167292	HSC	1	XGBoost	0.429889912453648	0.467065989971161	-0.0371760775175129
362	GSM3167321	HSC	5	XGBoost	0.49585524483153	0.452734231948853	0.0431210128826774
363	GSM3167324	HSC	2	XGBoost	0.458393313975598	0.48946875333786	-0.0310754393622621
364	GSM3167327	HSC	4	XGBoost	0.379156072865639	0.367416262626648	0.0117398102389911
365	GSM3167340	HSC	4	XGBoost	0.492601380780526	0.493608474731445	-0.0010070939509193
366	GSM3167351	HSC	5	XGBoost	0.511046692982949	0.472385078668594	0.0386616143143547
367	GSM3167354	HSC	5	XGBoost	0.347093061549597	0.401674956083298	-0.0545818945337007
368	GSM3167361	HSC	3	XGBoost	0.466802687503331	0.488291025161743	-0.0214883376584122
369	GSM3190036	HSC	3	XGBoost	0.199745176512254	0.250194191932678	-0.0504490154204242
370	GSM3190038	HSC	2	XGBoost	0.234489732238723	0.198928624391556	0.0355611078471672
371	GSM3190039	HSC	2	XGBoost	0.184355470317571	0.125287935137749	0.0590675351798223
372	GSM3190040	HSC	3	XGBoost	0.18816554900722	0.276472568511963	-0.0883070195047429
373	GSM3190041	HSC	5	XGBoost	0.137610334662559	0.130018204450607	0.00759213021195171
374	GSM3190046	HSC	3	XGBoost	0.271204800059489	0.202609077095985	0.0685957229635036
375	GSM3190049	HSC	5	XGBoost	0.167886757992009	0.176183193922043	-0.00829643593003385
376	GSM3190055	HSC	5	XGBoost	0.100236878548708	0.146534293889999	-0.0462974153412914
377	GSM3190056	HSC	1	XGBoost	0.183186710610939	0.185317739844322	-0.00213102923338321
378	GSM3190058	HSC	3	XGBoost	0.11323297052193	0.207258701324463	-0.0940257308025329
379	GSM3190059	HSC	1	XGBoost	0.178208850913506	0.135004907846451	0.0432039430670552
380	GSM3190066	HSC	4	XGBoost	0.129899208880307	0.176453143358231	-0.0465539344779236
381	GSM3190068	HSC	2	XGBoost	0.137859188250593	0.125837698578835	0.0120214896717585
382	GSM3190073	HSC	3	XGBoost	0.115531051437697	0.162553876638412	-0.0470228252007155
383	GSM2797287_Sample_56677	HSC	2	XGBoost	0.386087493448461	0.360216915607452	0.0258705778410086
384	GSM2797288_Sample_56678	HSC	5	XGBoost	0.47584022968276	0.355902880430222	0.119937349252538
385	GSM2797289_Sample_56996	HSC	3	XGBoost	0.324975863845148	0.368616551160812	-0.0436406873156644
386	GSM2797290_Sample_57009	HSC	5	XGBoost	0.505000424996107	0.514021933078766	-0.00902150808265889
387	GSM2797291_Sample_56997	HSC	2	XGBoost	0.505378003715339	0.570310413837433	-0.0649324101220938
388	GSM2797292_Sample_57010	HSC	2	XGBoost	0.434517841564355	0.420375734567642	0.0141421069967128
389	GSM2797293_Sample_69598	HSC	5	XGBoost	0.605762013708003	0.527624607086182	0.0781374066218213
390	GSM2797294_Sample_57005	HSC	1	XGBoost	0.502608556654359	0.422016769647598	0.0805917870067607
391	GSM2797295_Sample_69599	HSC	3	XGBoost	0.576649355864428	0.434186279773712	0.142463076090716
392	GSM2797296_Sample_57008	HSC	5	XGBoost	0.339895297843669	0.330216437578201	0.00967886026546771
393	GSM2797297_Sample_57000	HSC	4	XGBoost	0.489275456345292	0.536072790622711	-0.0467973342774192
394	GSM2797298_Sample_57004	HSC	5	XGBoost	0.545342607361435	0.584865689277649	-0.0395230819162139
395	GSM2797299_Sample_69596	HSC	4	XGBoost	0.514048177241784	0.508431375026703	0.0056168022150811
396	GSM2797300_Sample_57002	HSC	1	XGBoost	0.54537708207458	0.564743280410767	-0.0193661983361866
397	GSM2797301_Sample_57003	HSC	4	XGBoost	0.617115152500872	0.544564962387085	0.072550190113787
398	GSM2797302_Sample_56682	HSC	1	XGBoost	0.638789625103946	0.578247904777527	0.0605417203264191
399	GSM2797303_Sample_69600	HSC	3	XGBoost	0.453390086001123	0.408803820610046	0.0445862653910766
400	GSM2797304_Sample_57001	HSC	1	XGBoost	0.522254473692039	0.517185389995575	0.00506908369646408
401	GSM2797305_Sample_56683	HSC	4	XGBoost	0.600914927610423	0.524766325950623	0.0761486016598004
402	GSM2797306_Sample_69597	HSC	3	XGBoost	0.44170349523344	0.47158408164978	-0.0298805864163403
403	GSM4432248	PGC	2	XGBoost	0.48456129175439	0.587877035140991	-0.103315743386601
404	GSM4432249	PGC	2	XGBoost	0.473225838049702	0.598484814167023	-0.125258976117321
405	GSM4432250	PGC	1	XGBoost	0.494281667898842	0.548911571502686	-0.0546299036038436
406	GSM4432281	PGC	1	XGBoost	0.521366849431456	0.622498452663422	-0.101131603231966
407	GSM4432282	PGC	3	XGBoost	0.53733143140349	0.618472278118134	-0.0811408467146435
408	D3.5_1_Base_Media_NANOGPos	PGC	2	XGBoost	0.71510418546582	0.709512889385223	0.00559129608059661
409	D3.5_2_Base_Media_NANOGPos	PGC	1	XGBoost	0.7251901904738	0.827517449855804	-0.102327259382004
410	D3.5_3_Base_Media_NANOGPos	PGC	4	XGBoost	0.680585259032092	0.692221403121948	-0.0116361440898562
411	D3.5_1_XAV_NANOGPos	PGC	4	XGBoost	0.699299659528012	0.678918123245239	0.0203815362827727
412	D3.5_2_XAV_NANOGPos	PGC	3	XGBoost	0.707216820936255	0.700813710689545	0.00640311024671036
413	D3.5_3_XAV_NANOGPos	PGC	2	XGBoost	0.692324338549333	0.652051448822021	0.0402728897273115
414	GSM1466233	PGC	5	XGBoost	0.539130481367509	0.563707411289215	-0.0245769299217061
415	GSM1466234	PGC	1	XGBoost	0.592815372995823	0.576118648052216	0.0166967249436074
416	GSM1466241	PGC	5	XGBoost	0.555193342237168	0.414879232645035	0.140314109592133
417	GSM1466242	PGC	5	XGBoost	0.628944772333105	0.370131373405457	0.258813398927648
418	GSM2099959	iPSC	5	XGBoost	0.870091441418715	0.886119246482849	-0.0160278050641341
419	GSM2099960	iPSC	1	XGBoost	0.915371778470158	0.903155267238617	0.0122165112315411
420	GSM2099961	iPSC	4	XGBoost	0.893901424987723	0.896785795688629	-0.00288437070090619
421	GSM2099962	iPSC	4	XGBoost	0.951966410811127	0.952960550785065	-0.000994139973937713
422	GSM2099963	iPSC	5	XGBoost	0.935709600653837	0.935370922088623	0.000338678565213968
423	GSM2099964	iPSC	5	XGBoost	0.945589181899234	0.931717574596405	0.013871607302829
424	GSM2099965	iPSC	4	XGBoost	0.97030791804554	0.959219813346863	0.0110881046986772
425	GSM2099966	iPSC	1	XGBoost	0.97343549570509	0.960985779762268	0.012449715942822
426	GSM2099967	iPSC	3	XGBoost	0.942665655249719	0.947780549526215	-0.00511489427649559
427	GSM2099968	iPSC	4	XGBoost	0.914043969223779	0.920155167579651	-0.00611119835587193
428	GSM2099969	iPSC	1	XGBoost	0.911195280155619	0.911446809768677	-0.000251529613057744
429	GSM2099970	iPSC	1	XGBoost	0.921733091409548	0.919216156005859	0.00251693540368858
430	GSM2099971	iPSC	4	XGBoost	0.922827780669495	0.918046116828918	0.00478166384057654
431	GSM2099972	iPSC	4	XGBoost	0.919506377436206	0.920712471008301	-0.00120609357209478
432	GSM2099973	iPSC	1	XGBoost	0.912881776599697	0.916426241397858	-0.00354446479816062
433	GSM2099974	iPSC	4	XGBoost	0.902140144603808	0.91315484046936	-0.0110146958655524
434	GSM2099975	iPSC	1	XGBoost	0.922948873252694	0.919008255004883	0.00394061824781122
435	GSM2099976	iPSC	1	XGBoost	0.955868499623622	0.955828249454498	4.0250169123679e-05
436	GSM2099977	iPSC	5	XGBoost	0.941294492447	0.942148983478546	-0.000854491031546112
437	GSM2099978	iPSC	2	XGBoost	0.965921345172109	0.954773783683777	0.0111475614883322
438	GSM2099979	iPSC	3	XGBoost	0.955927423099093	0.954873025417328	0.00105439768176507
439	GSM2099980	iPSC	1	XGBoost	0.958547906621076	0.953817665576935	0.00473024104414121
440	GSM2099981	iPSC	2	XGBoost	0.948968358180746	0.955787301063538	-0.00681894288279161
441	GSM2099982	iPSC	5	XGBoost	0.934303148233143	0.939923822879791	-0.00562067464664828
442	GSM2099983	iPSC	3	XGBoost	0.941931112394717	0.946342408657074	-0.00441129626235692
443	GSM2099984	iPSC	4	XGBoost	0.94826492819648	0.958361983299255	-0.0100970551027754
444	GSM2099985	iPSC	1	XGBoost	0.939349105441007	0.936956167221069	0.00239293821993769
445	GSM2099986	iPSC	5	XGBoost	0.956490579920676	0.956033885478973	0.000456694441702599
446	GSM2099987	iPSC	3	XGBoost	0.921089175322913	0.920010209083557	0.00107896623935588
447	GSM2099988	iPSC	2	XGBoost	0.86435035798455	0.874143362045288	-0.00979300406073813
448	GSM2099989	iPSC	5	XGBoost	0.923574300110752	0.921473264694214	0.00210103541653817
449	GSM2099990	iPSC	4	XGBoost	0.921749299834384	0.924742221832275	-0.00299292199789136
450	GSM2099991	iPSC	3	XGBoost	0.925342594105854	0.923218131065369	0.0021244630404853
451	GSM2099992	iPSC	5	XGBoost	0.921811740828614	0.921453475952148	0.000358264876465508
452	GSM2099993	iPSC	3	XGBoost	0.980589083312345	0.964585542678833	0.0160035406335119
453	GSM2099994	iPSC	5	XGBoost	0.974643821880592	0.96137535572052	0.0132684661600719
454	GSM2099995	iPSC	5	XGBoost	0.979746489999902	0.950327396392822	0.0294190936070797
455	GSM2099996	iPSC	5	XGBoost	0.956658488816729	0.942038118839264	0.0146203699774651
456	GSM2099997	iPSC	2	XGBoost	0.964444602766625	0.944511830806732	0.0199327719598928
457	GSM2099998	iPSC	4	XGBoost	0.916241810305001	0.921533346176147	-0.0052915358711465
458	GSM2099999	iPSC	2	XGBoost	0.903531512401692	0.915461540222168	-0.0119300278204759
459	GSM2100000	iPSC	2	XGBoost	0.911266325133147	0.920233249664307	-0.00896692453115966
460	GSM2100001	iPSC	2	XGBoost	0.910668680979396	0.9028240442276	0.00784463675179592
461	GSM2100002	iPSC	4	XGBoost	0.920905191248109	0.923038303852081	-0.00213311260397231
462	GSM2100003	iPSC	1	XGBoost	0.918526974454911	0.91838663816452	0.000140336290390786
463	GSM2100004	iPSC	3	XGBoost	0.899858266818871	0.903143286705017	-0.00328501988614605
464	GSM2100005	iPSC	4	XGBoost	0.921039517856066	0.932871758937836	-0.0118322410817697
465	GSM2100006	iPSC	5	XGBoost	0.920793241754196	0.934009671211243	-0.0132164294570467
466	GSM2100007	iPSC	2	XGBoost	0.92658772164586	0.945928335189819	-0.0193406135439593
467	GSM2100008	iPSC	2	XGBoost	0.931088080904531	0.927930355072021	0.00315772583250951
468	GSM2100009	iPSC	2	XGBoost	0.920941023066076	0.91755485534668	0.00338616771939626
469	GSM2100010	iPSC	5	XGBoost	0.919358070209835	0.933191895484924	-0.0138338252750894
470	GSM2100011	iPSC	4	XGBoost	0.9259645266251	0.932727217674255	-0.00676269104915539
471	GSM2100012	iPSC	4	XGBoost	0.890478285368595	0.887989819049835	0.00248846631875976
472	GSM2100013	iPSC	2	XGBoost	0.831461281687422	0.815526962280273	0.0159343194071485
473	GSM2100014	iPSC	2	XGBoost	0.937050644101409	0.938131332397461	-0.0010806882960519
474	GSM2100015	iPSC	2	XGBoost	0.953175420684802	0.942449331283569	0.0107260894012327
475	GSM2100016	iPSC	4	XGBoost	0.935778360750043	0.936687111854553	-0.000908751104510275
476	GSM2100017	iPSC	3	XGBoost	0.920174492303507	0.929070711135864	-0.00889621883235725
477	GSM2100018	iPSC	1	XGBoost	0.901461799935543	0.90894889831543	-0.0074870983798867
478	GSM2100019	iPSC	1	XGBoost	0.923232987988248	0.925531566143036	-0.00229857815478784
479	GSM2100020	iPSC	3	XGBoost	0.869781733100547	0.880445182323456	-0.0106634492229088
480	GSM2100021	iPSC	2	XGBoost	0.920195951587423	0.918259680271149	0.00193627131627427
481	GSM2100022	iPSC	1	XGBoost	0.863215543869385	0.87065201997757	-0.00743647610818454
482	GSM2100023	iPSC	4	XGBoost	0.934480108001094	0.932442188262939	0.00203791973815459
483	GSM2100024	iPSC	4	XGBoost	0.941283587427308	0.938084363937378	0.00319922348993007
484	GSM2100025	iPSC	2	XGBoost	0.936733319849535	0.93794971704483	-0.00121639719529532
485	GSM2100026	iPSC	5	XGBoost	0.887190829985758	0.884749293327332	0.0024415366584265
486	GSM2100027	iPSC	3	XGBoost	0.905805928862604	0.896443247795105	0.00936268106749905
487	GSM2100028	iPSC	4	XGBoost	0.896753051607889	0.889874458312988	0.0068785932949007
488	GSM2100029	iPSC	5	XGBoost	0.960813301426099	0.950437068939209	0.01037623248689
489	GSM2100030	iPSC	3	XGBoost	0.954805525683805	0.948328077793121	0.00647744789068361
490	GSM2100031	iPSC	1	XGBoost	0.961981067346182	0.952188074588776	0.00979299275740642
491	GSM2100032	iPSC	5	XGBoost	0.911221410630358	0.920185387134552	-0.008963976504194
492	GSM2100033	iPSC	4	XGBoost	0.913805432056584	0.916647672653198	-0.0028422405966142
493	GSM2100034	iPSC	1	XGBoost	0.90854732607271	0.920169115066528	-0.0116217889938183
494	GSM2100035	iPSC	5	XGBoost	0.891167254990158	0.899856805801392	-0.00868955081123357
495	GSM2100036	iPSC	5	XGBoost	0.878611126128936	0.897452473640442	-0.0188413475115059
496	GSM2100037	iPSC	5	XGBoost	0.903451412398967	0.908276557922363	-0.0048251455233963
497	GSM2100038	iPSC	2	XGBoost	0.867482979084378	0.871545612812042	-0.00406263372766424
498	GSM2100039	iPSC	1	XGBoost	0.843499387452436	0.852504432201385	-0.00900504474894948
499	GSM2100040	iPSC	5	XGBoost	0.843870246126183	0.850881814956665	-0.00701156883048204
500	GSM2100041	iPSC	3	XGBoost	0.848656056216791	0.84917151927948	-0.000515463062689014
501	GSM2100042	iPSC	2	XGBoost	0.890508270183309	0.87696897983551	0.0135392903477988
502	GSM2100043	iPSC	4	XGBoost	0.893826207919768	0.885559141635895	0.00826706628387319
503	GSM2100044	iPSC	1	XGBoost	0.885451968367053	0.889225244522095	-0.00377327615504175
504	GSM2100045	iPSC	4	XGBoost	0.91888631702419	0.90513026714325	0.0137560498809405
505	GSM2100046	iPSC	2	XGBoost	0.925676185867276	0.913346111774445	0.0123300740928314
506	GSM2100047	iPSC	4	XGBoost	0.933444581533962	0.929934501647949	0.00351007988601282
507	GSM2100048	iPSC	3	XGBoost	0.934602812420961	0.932767391204834	0.00183542121612701
508	GSM2100049	iPSC	5	XGBoost	0.964727910477507	0.93321281671524	0.0315150937622665
509	GSM2100050	iPSC	5	XGBoost	0.942832969941838	0.94643372297287	-0.00360075303103191
510	GSM2100051	iPSC	2	XGBoost	0.940138412773558	0.945238173007965	-0.00509976023440706
511	GSM2100052	iPSC	1	XGBoost	0.949441070005845	0.938907623291016	0.0105334467148294
512	GSM2100053	iPSC	3	XGBoost	0.963328113571589	0.955012619495392	0.00831549407619714
513	GSM2100054	iPSC	4	XGBoost	0.973574413054537	0.962841331958771	0.0107330810957662
514	GSM2100055	iPSC	3	XGBoost	0.93110048691241	0.945158302783966	-0.0140578158715561
515	GSM2100056	iPSC	3	XGBoost	0.941958926210045	0.94082635641098	0.00113256979906473
516	GSM2100057	iPSC	4	XGBoost	0.935046335757486	0.924659788608551	0.0103865471489349
517	GSM2100058	iPSC	3	XGBoost	0.936478702539007	0.938394606113434	-0.00191590357442684
518	GSM2100059	iPSC	2	XGBoost	0.939510575225052	0.936935722827911	0.00257485239714061
519	GSM2100060	iPSC	5	XGBoost	0.936563747073208	0.938448548316956	-0.00188480124374757
520	GSM2100061	iPSC	1	XGBoost	0.940079032346349	0.923161685466766	0.0169173468795827
521	GSM2100062	iPSC	2	XGBoost	0.920709831466937	0.923050403594971	-0.00234057212803374
522	GSM2100063	iPSC	1	XGBoost	0.935102922041129	0.925742208957672	0.00936071308345687
523	GSM2100064	iPSC	4	XGBoost	0.862340849284682	0.862595915794373	-0.000255066509690538
524	GSM2100065	iPSC	1	XGBoost	0.892810925024686	0.91074538230896	-0.017934457284274
525	GSM2100066	iPSC	3	XGBoost	0.893539142259486	0.909865975379944	-0.0163268331204578
526	GSM2100067	iPSC	4	XGBoost	0.867782372996232	0.860365211963654	0.00741716103257839
527	GSM2100068	iPSC	2	XGBoost	0.861386375553373	0.880369484424591	-0.018983108871218
528	GSM2100069	iPSC	1	XGBoost	0.922559791002659	0.933506309986115	-0.0109465189834556
529	GSM2100070	iPSC	3	XGBoost	0.933471170029179	0.936457097530365	-0.00298592750118598
530	GSM2100071	iPSC	2	XGBoost	0.936964290685661	0.934232592582703	0.00273169810295837
531	GSM2100072	iPSC	4	XGBoost	0.906878725554284	0.900701403617859	0.00617732193642506
532	GSM2100073	iPSC	1	XGBoost	0.898741839874777	0.914437174797058	-0.0156953349222811
533	GSM2100074	iPSC	3	XGBoost	0.908382345368861	0.920262515544891	-0.0118801701760304
534	GSM2100075	iPSC	3	XGBoost	0.989437898138674	0.974331498146057	0.0151063999926169
535	GSM2100076	iPSC	4	XGBoost	0.971428260629606	0.955367803573608	0.0160604570559976
536	GSM2100077	iPSC	3	XGBoost	0.961656216531881	0.963647782802582	-0.00199156627070074
537	GSM2100078	iPSC	2	XGBoost	0.981841439565034	0.977479457855225	0.00436198170980939
538	GSM2100079	iPSC	1	XGBoost	0.968236082641624	0.968904674053192	-0.000668591411568165
539	GSM2100080	iPSC	1	XGBoost	0.986916044992103	0.978401064872742	0.00851498011936125
540	GSM2100081	iPSC	3	XGBoost	0.918346942831058	0.96136999130249	-0.0430230484714322
541	GSM2100082	iPSC	1	XGBoost	0.921457214728433	0.931387424468994	-0.00993020974056114
542	GSM2100083	iPSC	2	XGBoost	0.895580065179689	0.907857477664948	-0.0122774124852585
543	GSM2100084	iPSC	3	XGBoost	0.883318239455097	0.889381527900696	-0.00606328844559878
544	GSM2100085	iPSC	2	XGBoost	0.901771816944818	0.9158935546875	-0.014121737742682
545	GSM2100086	iPSC	1	XGBoost	0.881499389001972	0.869084239006042	0.0124151499959295
546	GSM2100087	iPSC	3	XGBoost	0.860315333718454	0.867251396179199	-0.00693606246074518
547	GSM2100088	iPSC	5	XGBoost	0.884778865887108	0.889812886714935	-0.00503402082782733
548	GSM2100089	iPSC	5	XGBoost	0.958221399908163	0.9497309923172	0.00849040759096331
549	GSM2100090	iPSC	4	XGBoost	0.974086040588912	0.951428174972534	0.0226578656163778
550	GSM2100091	iPSC	1	XGBoost	0.951480537285483	0.943768203258514	0.00771233402696858
551	GSM2100092	iPSC	3	XGBoost	0.968529534300125	0.970918774604797	-0.00238924030467236
552	GSM2100093	iPSC	2	XGBoost	0.955908025664369	0.936578094959259	0.01932993070511
553	GSM2100094	iPSC	4	XGBoost	0.974342243715006	0.961303174495697	0.013039069219309
554	GSM2100095	iPSC	4	XGBoost	0.963735897956297	0.961897611618042	0.001838286338255
555	GSM2100096	iPSC	2	XGBoost	0.955747172583108	0.957984745502472	-0.00223757291936388
556	GSM2100097	iPSC	3	XGBoost	0.953135850220024	0.947251498699188	0.00588435152083577
557	GSM2100098	iPSC	5	XGBoost	0.968080823254145	0.964896500110626	0.0031843231435188
558	GSM2100099	iPSC	5	XGBoost	0.90771250210404	0.903598427772522	0.004114074331518
559	GSM2100100	iPSC	4	XGBoost	0.954002232335072	0.934972167015076	0.0190300653199963
560	GSM2100101	iPSC	2	XGBoost	0.90074108864466	0.907610177993774	-0.00686908934911445
561	GSM2100102	iPSC	2	XGBoost	0.933190812178439	0.944987893104553	-0.0117970809261142
562	GSM2100103	iPSC	3	XGBoost	0.947131392858674	0.94166773557663	0.00546365728204434
563	GSM2100104	iPSC	5	XGBoost	0.952624326832698	0.947950124740601	0.00467420209209746
564	GSM2100105	iPSC	2	XGBoost	0.862990427455445	0.868416011333466	-0.00542558387802061
565	GSM2100106	iPSC	3	XGBoost	0.879473903455552	0.868399083614349	0.0110748198412026
566	GSM2100107	iPSC	5	XGBoost	0.916606252538326	0.93348902463913	-0.0168827721008037
567	GSM2100108	iPSC	2	XGBoost	0.934486619273589	0.935283124446869	-0.000796505173279893
568	GSM2100109	iPSC	2	XGBoost	0.935046211527332	0.931122183799744	0.00392402772758838
569	GSM2100110	iPSC	4	XGBoost	0.950645104342959	0.944006621837616	0.00663848250534305
570	GSM2100111	iPSC	3	XGBoost	0.926049559021163	0.927914321422577	-0.00186476240141387
571	GSM2100112	iPSC	5	XGBoost	0.927467579921442	0.934225857257843	-0.006758277336401
572	GSM2100113	iPSC	4	XGBoost	0.93698999387514	0.931706428527832	0.00528356534730801
573	GSM2100114	iPSC	4	XGBoost	0.952120329289262	0.953854620456696	-0.00173429116743351
574	GSM2100115	iPSC	2	XGBoost	0.929137962448482	0.941792547702789	-0.0126545852543073
575	GSM2100116	iPSC	1	XGBoost	0.959798120278349	0.948498129844666	0.0112999904336835
576	GSM2100117	iPSC	2	XGBoost	0.93899860149399	0.931402027606964	0.00759657388702584
577	GSM2100118	iPSC	1	XGBoost	0.951978012980079	0.940058350563049	0.0119196624170297
578	GSM2100119	iPSC	3	XGBoost	0.973641899917509	0.963226616382599	0.0104152835349102
579	GSM2100120	iPSC	4	XGBoost	0.973512930922248	0.954768180847168	0.01874475007508
580	GSM2100121	iPSC	4	XGBoost	0.961495497699583	0.942358374595642	0.0191371231039409
581	GSM2100122	iPSC	1	XGBoost	0.892664365549144	0.907127201557159	-0.0144628360080155
582	GSM2100123	iPSC	4	XGBoost	0.915710577673096	0.92501026391983	-0.00929968624673427
583	GSM2100124	iPSC	4	XGBoost	0.936242563486133	0.942606270313263	-0.00636370682712994
584	GSM2100125	iPSC	1	XGBoost	0.945554008179193	0.944134831428528	0.00141917675066516
585	GSM2100126	iPSC	3	XGBoost	0.931536179665397	0.940389096736908	-0.00885291707151092
586	GSM2100127	iPSC	3	XGBoost	0.929765556818099	0.916168689727783	0.0135968670903158
587	GSM2100128	iPSC	1	XGBoost	0.922812698123299	0.921574175357819	0.00123852276548042
588	GSM2100129	iPSC	4	XGBoost	0.911890036900666	0.920899510383606	-0.00900947348294001
589	GSM2100130	iPSC	5	XGBoost	0.903043031251838	0.917848229408264	-0.0148051981564261
590	GSM2100131	iPSC	1	XGBoost	0.926733038903872	0.929895102977753	-0.00316206407388064
591	GSM2100132	iPSC	2	XGBoost	0.938456606093041	0.924363851547241	0.0140927545457998
592	GSM2100133	iPSC	2	XGBoost	0.931845045980489	0.930395364761353	0.00144968121913647
593	GSM2100134	iPSC	3	XGBoost	0.951069891743987	0.945042669773102	0.00602722197088523
594	GSM2100135	iPSC	3	XGBoost	0.953971635634949	0.952028870582581	0.00194276505236846
595	GSM2100136	iPSC	2	XGBoost	0.937096774749894	0.932089745998383	0.00500702875151138
596	GSM2100137	iPSC	1	XGBoost	0.928132717580425	0.927271366119385	0.000861351461040272
597	GSM2100138	iPSC	2	XGBoost	0.920879000507317	0.916608870029449	0.00427013047786751
598	GSM2100139	iPSC	5	XGBoost	0.913760142920515	0.928327918052673	-0.0145677751321583
599	GSM2100140	iPSC	5	XGBoost	0.887280220163032	0.892759144306183	-0.00547892414315088
600	GSM2100141	iPSC	1	XGBoost	0.91198927604229	0.907452404499054	0.00453687154323601
601	GSM2100142	iPSC	5	XGBoost	0.915196224049422	0.91168737411499	0.00350884993443179
602	GSM2100143	iPSC	4	XGBoost	0.951765975547228	0.956052303314209	-0.00428632776698101
603	GSM2100144	iPSC	4	XGBoost	0.945133655246633	0.955391049385071	-0.0102573941384378
604	GSM2100145	iPSC	1	XGBoost	0.937181636695736	0.945483326911926	-0.00830169021619032
605	GSM2100146	iPSC	4	XGBoost	0.887475299629088	0.910725653171539	-0.0232503535424513
606	GSM2100147	iPSC	4	XGBoost	0.919242906116938	0.916693687438965	0.0025492186779732
607	GSM2100148	iPSC	3	XGBoost	0.910135830425234	0.915140092372894	-0.00500426194766024
608	GSM2100149	iPSC	1	XGBoost	0.946169214251661	0.932567179203033	0.0136020350486276
609	GSM2100150	iPSC	1	XGBoost	0.936299787692063	0.937789916992188	-0.00149012930012449
610	GSM2100151	iPSC	4	XGBoost	0.945930892152696	0.936485886573792	0.00944500557890449
611	GSM2100152	iPSC	2	XGBoost	0.924940716056906	0.925247192382812	-0.000306476325906524
612	GSM2100153	iPSC	4	XGBoost	0.946112868077825	0.947322905063629	-0.00121003698580413
613	GSM2100154	iPSC	3	XGBoost	0.825413643375843	0.849809885025024	-0.0243962416491814
614	GSM2100155	iPSC	5	XGBoost	0.898701694125822	0.918950200080872	-0.0202485059550496
615	GSM2100156	iPSC	3	XGBoost	0.894582164616934	0.908884584903717	-0.0143024202867831
616	GSM2100157	iPSC	3	XGBoost	0.903575158302441	0.915309369564056	-0.0117342112616154
617	GSM2100158	iPSC	2	XGBoost	0.933122394500619	0.919272482395172	0.0138499121054468
618	GSM2100159	iPSC	2	XGBoost	0.950363863151878	0.93836921453476	0.0119946486171185
619	GSM2100160	iPSC	4	XGBoost	0.953826429951756	0.949617564678192	0.0042088652735639
620	GSM2100161	iPSC	5	XGBoost	0.936466292290211	0.942729592323303	-0.00626330003309217
621	GSM2100162	iPSC	3	XGBoost	0.944877301902364	0.945773363113403	-0.000896061211039356
622	GSM2100163	iPSC	1	XGBoost	0.943838105783335	0.930972278118134	0.0128658276652015
623	GSM2100164	iPSC	1	XGBoost	0.928671939333102	0.925765931606293	0.00290600772680927
624	GSM2100165	iPSC	4	XGBoost	0.894673642426882	0.927178382873535	-0.0325047404466532
625	GSM2100166	iPSC	3	XGBoost	0.939975383587139	0.944750785827637	-0.00477540224049777
626	GSM2100167	iPSC	2	XGBoost	0.945767753220257	0.947849571704865	-0.00208181848460753
627	GSM2100168	iPSC	5	XGBoost	0.947543548544541	0.944830179214478	0.0027133693300635
628	GSM2100169	iPSC	4	XGBoost	0.935706524035754	0.924699664115906	0.0110068599198483
629	GSM2100170	iPSC	1	XGBoost	0.909068520749875	0.909629881381989	-0.000561360632113539
630	GSM2100171	iPSC	3	XGBoost	0.903569605777522	0.901152372360229	0.0024172334172925
631	GSM2100172	iPSC	1	XGBoost	0.899800010771922	0.901210367679596	-0.00141035690767399
632	GSM2100173	iPSC	3	XGBoost	0.898242653447336	0.899860382080078	-0.00161772863274212
633	GSM2100174	iPSC	3	XGBoost	0.794071530127187	0.850642383098602	-0.0565708529714153
634	GSM2100175	iPSC	4	XGBoost	0.905186024212281	0.917277216911316	-0.0120911926990349
635	GSM2100176	iPSC	4	XGBoost	0.898342607058045	0.909330606460571	-0.0109879994025263
636	GSM2100177	iPSC	4	XGBoost	0.907210091726702	0.921238660812378	-0.014028569085676
637	GSM2100178	iPSC	3	XGBoost	0.954497206610873	0.918073832988739	0.036423373622134
638	GSM2100179	iPSC	2	XGBoost	0.911222116769681	0.922110259532928	-0.0108881427632475
639	GSM2100180	iPSC	5	XGBoost	0.915862207945277	0.913186550140381	0.00267565780489609
640	GSM2100181	iPSC	1	XGBoost	0.905163208122165	0.906792461872101	-0.00162925374993583
641	GSM2100182	iPSC	4	XGBoost	0.956491176092446	0.950570523738861	0.00592065235358497
642	GSM2100183	iPSC	2	XGBoost	0.941927338310494	0.949393928050995	-0.00746658974050085
643	GSM2100184	iPSC	5	XGBoost	0.971425935994434	0.96608293056488	0.00534300542955368
644	GSM2100185	iPSC	5	XGBoost	0.943596139513375	0.947987854480743	-0.00439171496736845
645	GSM2100186	iPSC	3	XGBoost	0.943369008290388	0.943721175193787	-0.000352166903398676
646	GSM2100187	iPSC	2	XGBoost	0.94565909716282	0.944790840148926	0.000868257013894258
647	GSM2100188	iPSC	5	XGBoost	0.937093039483277	0.938475012779236	-0.00138197329595879
648	GSM2100189	iPSC	5	XGBoost	0.926566415206432	0.931851506233215	-0.00528509102678332
649	GSM2100190	iPSC	1	XGBoost	0.899782061145559	0.911496222019196	-0.0117141608736365
650	GSM2100191	iPSC	5	XGBoost	0.925381469723785	0.919773757457733	0.00560771226605183
651	GSM2100192	iPSC	2	XGBoost	0.918360505537384	0.94059956073761	-0.0222390552002258
652	GSM2100193	iPSC	5	XGBoost	0.932236211599973	0.921986877918243	0.0102493336817296
653	GSM2100194	iPSC	1	XGBoost	0.874968572953599	0.890583693981171	-0.0156151210275717
654	GSM2100195	iPSC	4	XGBoost	0.951767214696775	0.940965473651886	0.0108017410448891
655	GSM2100196	iPSC	5	XGBoost	0.901716527616503	0.910624980926514	-0.00890845331001067
656	GSM2100197	iPSC	1	XGBoost	0.94069104849828	0.93397331237793	0.00671773612035031
657	GSM2100198	iPSC	4	XGBoost	0.942793389775654	0.942904114723206	-0.000110724947551599
658	GSM2100199	iPSC	2	XGBoost	0.925077949733188	0.929754495620728	-0.00467654588753952
659	GSM2100200	iPSC	1	XGBoost	0.925733320132597	0.919334828853607	0.00639849127898984
660	GSM2100201	iPSC	5	XGBoost	0.903855916479804	0.927584230899811	-0.0237283144200068
661	GSM2100202	iPSC	3	XGBoost	0.896063139259755	0.905427992343903	-0.00936485308414758
662	GSM2100203	iPSC	5	XGBoost	0.898618558755267	0.906664371490479	-0.00804581273521154
663	GSM2100204	iPSC	3	XGBoost	0.904392673450938	0.908604383468628	-0.00421171001768994
664	GSM2100205	iPSC	2	XGBoost	0.954537025194252	0.936887383460999	0.0176496417332535
665	GSM2100206	iPSC	2	XGBoost	0.942530184353873	0.929548561573029	0.0129816227808445
666	GSM2100207	iPSC	2	XGBoost	0.945314156517746	0.94827663898468	-0.0029624824669342
667	GSM2100208	iPSC	3	XGBoost	0.890868955067259	0.914072930812836	-0.0232039757455766
668	GSM2100209	iPSC	2	XGBoost	0.911350233644016	0.911558449268341	-0.000208215624325048
669	GSM2100210	iPSC	2	XGBoost	0.908085406302727	0.906532347202301	0.00155305910042602
670	GSM2100211	iPSC	2	XGBoost	0.92856922348518	0.927834630012512	0.000734593472667799
671	GSM2100212	iPSC	3	XGBoost	0.941139237612323	0.950886905193329	-0.00974766758100587
672	GSM2100213	iPSC	5	XGBoost	0.957036896757473	0.945629000663757	0.0114078960937157
673	GSM2100214	iPSC	5	XGBoost	0.903383698412997	0.905507326126099	-0.00212362771310159
674	GSM2100215	iPSC	2	XGBoost	0.88755393098652	0.894117653369904	-0.00656372238338354
675	GSM2100216	iPSC	4	XGBoost	0.916612727404368	0.911368429660797	0.00524429774357094
676	GSM2100217	iPSC	5	XGBoost	0.897035227948896	0.898778259754181	-0.0017430318052849
677	GSM2100218	iPSC	5	XGBoost	0.911971995948708	0.92063444852829	-0.00866245257958176
678	GSM2100219	iPSC	1	XGBoost	0.914501948768592	0.910792350769043	0.00370959799954906
679	GSM2100220	iPSC	5	XGBoost	0.944806848331324	0.94233763217926	0.00246921615206375
680	GSM2100221	iPSC	1	XGBoost	0.958415631279055	0.938198029994965	0.0202176012840904
681	GSM2100222	iPSC	1	XGBoost	0.927579531092642	0.916281461715698	0.0112980693769438
682	GSM2100223	iPSC	5	XGBoost	0.946583824549796	0.938448846340179	0.00813497820961651
683	GSM2100224	iPSC	3	XGBoost	0.937386331216591	0.933619856834412	0.00376647438217936
684	GSM2100225	iPSC	1	XGBoost	0.931797310961766	0.931622684001923	0.000174626959843383
685	GSM2100226	iPSC	4	XGBoost	0.977448946024325	0.959517478942871	0.0179314670814539
686	GSM2100227	iPSC	2	XGBoost	0.96983681875143	0.958556711673737	0.0112801070776934
687	GSM2100228	iPSC	4	XGBoost	0.99592399889808	0.9608234167099	0.0351005821881801
688	GSM2100229	iPSC	4	XGBoost	0.934445059518132	0.930205523967743	0.00423953555038903
689	GSM2100230	iPSC	5	XGBoost	0.933935298896363	0.93469512462616	-0.000759825729796715
690	GSM2100231	iPSC	1	XGBoost	0.932429254771273	0.930373072624207	0.00205618214706649
691	GSM2100232	iPSC	4	XGBoost	0.964027268465231	0.963523328304291	0.000503940160940242
692	GSM2100233	iPSC	1	XGBoost	0.953258888583335	0.944953262805939	0.00830562577739624
693	GSM2100234	iPSC	4	XGBoost	0.962626682115588	0.957209825515747	0.00541685659984092
694	GSM2100235	iPSC	4	XGBoost	0.916310985954596	0.924918651580811	-0.00860766562621451
695	GSM2100236	iPSC	1	XGBoost	0.918524331339684	0.924258828163147	-0.00573449682346294
696	GSM2100237	iPSC	5	XGBoost	0.924331301504358	0.920465409755707	0.00386589174865126
697	GSM2100238	iPSC	4	XGBoost	0.909906078563848	0.903881311416626	0.006024767147222
698	GSM2100239	iPSC	2	XGBoost	0.919693567846405	0.905218482017517	0.0144750858288879
699	GSM2100240	iPSC	3	XGBoost	0.869948444295714	0.891493439674377	-0.0215449953786634
700	GSM2100241	iPSC	3	XGBoost	0.883845077897816	0.919749677181244	-0.0359045992834279
701	GSM2100242	iPSC	3	XGBoost	0.91005271329988	0.915610492229462	-0.00555777892958165
702	GSM2100243	iPSC	5	XGBoost	0.92146741390417	0.915799915790558	0.00566749811361211
703	GSM2100244	iPSC	5	XGBoost	0.943596920853605	0.945771276950836	-0.00217435609723116
704	GSM2100245	iPSC	5	XGBoost	0.950909255934613	0.947970390319824	0.00293886561478873
705	GSM2100246	iPSC	3	XGBoost	0.942216563287542	0.934698462486267	0.00751810080127491
706	GSM2100247	iPSC	2	XGBoost	0.936156653666325	0.942487776279449	-0.00633112261312452
707	GSM2100248	iPSC	5	XGBoost	0.92226295112774	0.927005469799042	-0.00474251867130171
708	GSM2100249	iPSC	3	XGBoost	0.932197660804387	0.928457140922546	0.00374051988184065
709	GSM2100250	iPSC	1	XGBoost	0.948724397112691	0.946035861968994	0.00268853514369682
710	GSM2100251	iPSC	2	XGBoost	0.943634231861278	0.946525752544403	-0.00289152068312504
711	GSM2100252	iPSC	1	XGBoost	0.938928364309329	0.941398322582245	-0.00246995827291585
712	GSM2100253	iPSC	1	XGBoost	0.897858969308033	0.898833692073822	-0.000974722765789027
713	GSM2100254	iPSC	5	XGBoost	0.923846996310446	0.90769499540329	0.0161520009071562
714	GSM2100255	iPSC	3	XGBoost	0.895542808282499	0.907560050487518	-0.0120172422050193
715	GSM2100256	iPSC	2	XGBoost	0.89991274722411	0.893224895000458	0.0066878522236522
716	GSM2100257	iPSC	1	XGBoost	0.895306748918688	0.904968857765198	-0.00966210884650975
717	GSM2100258	iPSC	1	XGBoost	0.882648319930147	0.892233371734619	-0.00958505180447211
718	GSM2100259	iPSC	1	XGBoost	0.941863727580369	0.949048936367035	-0.00718520878666595
719	GSM2100260	iPSC	3	XGBoost	0.931790733642777	0.929976046085358	0.00181468755741931
720	GSM2100261	iPSC	3	XGBoost	0.959363892378784	0.937774181365967	0.0215897110128171
721	GSM2100262	iPSC	4	XGBoost	0.891877590716839	0.916508853435516	-0.0246312627186773
722	GSM2100263	iPSC	1	XGBoost	0.903115164421864	0.884888052940369	0.0182271114814954
723	GSM2100264	iPSC	3	XGBoost	0.901481564617115	0.898717939853668	0.00276362476344683
724	GSM2100265	iPSC	3	XGBoost	0.966331787751484	0.953598499298096	0.0127332884533883
725	GSM2100266	iPSC	3	XGBoost	0.961518850655858	0.929887890815735	0.0316309598401231
726	GSM2100267	iPSC	3	XGBoost	0.962985569336691	0.9372438788414	0.0257416904952908
727	GSM2100268	iPSC	2	XGBoost	0.916817482457192	0.934426844120026	-0.0176093616628337
728	GSM2100269	iPSC	2	XGBoost	0.920864762229639	0.936020910739899	-0.0151561485102597
729	GSM2100270	iPSC	2	XGBoost	0.916077450430034	0.931243300437927	-0.0151658500078933
730	GSM2100271	iPSC	2	XGBoost	0.887265610426413	0.883466184139252	0.00379942628716134
731	GSM2100272	iPSC	5	XGBoost	0.880584062742779	0.880227386951447	0.000356675791332473
732	GSM2100273	iPSC	3	XGBoost	0.886608292015692	0.900546431541443	-0.0139381395257508
733	GSM2100274	iPSC	4	XGBoost	0.88337419089711	0.884154617786407	-0.00078042688929747
734	GSM2100275	iPSC	4	XGBoost	0.889504197909125	0.887271702289581	0.00223249561954375
